全国地方公共団体コード,ID,地方公共団体名,名称,名称_カナ,名称_英語,所在地_全国地方公共団体コード,町字ID,所在地_連結表記,所在地_都道府県,所在地_市区町村,所在地_町字,所在地_番地以下,建物名等(方書),設置位置,緯度,経度,高度の種別,高度の値,男性トイレ総数,男性トイレ数（小便器）,男性トイレ数（和式）,男性トイレ数（洋式）,男性トイレ内の乳幼児用座椅子数,男性トイレ内の乳幼児用簡易ベッド数,女性トイレ総数,女性トイレ数（和式）,女性トイレ数（洋式）,女性トイレ内の乳幼児用座椅子数,女性トイレ内の乳幼児用簡易ベッド数,男女共用トイレ総数,男女共用トイレ数（和式）,男女共用トイレ数（洋式）,男女共用トイレ内の乳幼児用座椅子数,男女共用トイレ内の乳幼児用簡易ベッド数,バリアフリー（多目的）トイレ数,バリアフリー（多目的）トイレ内の乳幼児用座椅子数,バリアフリー（多目的）トイレ内の乳幼児用簡易ベッド数,バリアフリー（多目的）トイレ内の簡易ベッド数（乳幼児大人兼用）,バリアフリー（多目的）トイレ内の簡易着替え台数,車椅子使用者用トイレ数,乳幼児用設備設置トイレ有無,オストメイト設置トイレ数,利用開始時間,利用終了時間,利用可能時間特記事項,画像,画像_ライセンス,備考
352152,PTOKANKO0001,山口県周南市,長野山緑地等使用施設,ナガノヤマリョクチトウシヨウシセツ,,352152,,山口県周南市大字鹿野上字水ヶ浴,山口県,周南市,大字鹿野上字水ヶ浴,,,山頂部分,34.275046,131.879169,階数,1,3 ,2 ,1 ,0 ,0 ,0 ,1 ,1 ,0 ,0 ,0 ,0 ,0 ,0 ,0 ,0 ,0 ,0 ,0 ,0 ,0 ,0 ,無,0 ,,,,,,
352152,PTOKANKO0002,山口県周南市,東善寺やすらぎの里,トウゼンジヤスラギノサト,,352152,,山口県周南市小松原1706-1,山口県,周南市,小松原,1706-1,,施設外公園内,34.032943,131.993908,階数,1,2 ,2 ,0 ,0 ,0 ,0 ,2 ,2 ,0 ,0 ,0 ,0 ,0 ,0 ,0 ,0 ,0 ,0 ,0 ,0 ,0 ,0 ,無,0 ,,,,,,
352152,PTOKANKO0003,山口県周南市,大津島公園,オオヅシマコウエン,,352152,,山口県周南市大津島　馬島,山口県,周南市,大津島　馬島,,,公園内,33.989925,131.719957,階数,1,2 ,1 ,1 ,0 ,0 ,0 ,1 ,1 ,0 ,0 ,0 ,0 ,0 ,0 ,0 ,0 ,1 ,0 ,0 ,0 ,0 ,0 ,無,0 ,,,,,,
352152,PTOKANKO0004,山口県周南市,瀬戸内海国立公園　太華山,セトナイカイコクリツコウエン　タイカザン,,352152,,山口県周南市栗屋,山口県,周南市,栗屋,,,登山道入り口,34.01913,131.82352,階数,1,3 ,2 ,1 ,0 ,0 ,0 ,1 ,1 ,0 ,0 ,0 ,0 ,0 ,0 ,0 ,0 ,0 ,0 ,0 ,0 ,0 ,0 ,無,0 ,,,,,,
352152,PTOKANKO0004,山口県周南市,瀬戸内海国立公園　太華山 山頂駐車場,セトナイカイコクリツコウエン　タイカザン,,352152,,山口県周南市栗屋,山口県,周南市,栗屋,,,山頂駐車場,34.009193,131.818073,階数,1,3 ,2 ,1 ,0 ,0 ,0 ,2 ,2 ,0 ,0 ,0 ,0 ,0 ,0 ,0 ,0 ,0 ,0 ,0 ,0 ,0 ,0 ,無,0 ,,,,,,
352152,PTOKANKO0005,山口県周南市,湯野観音岳,ユノカンノンダケ,,352152,,山口県周南市湯野,山口県,周南市,湯野,,,駐車場,34.106361,131.679928,階数,1,3 ,2 ,1 ,0 ,0 ,0 ,2 ,2 ,0 ,0 ,0 ,0 ,0 ,0 ,0 ,0 ,0 ,0 ,0 ,0 ,0 ,0 ,無,0 ,,,,,,
352152,PTOKANKO0006,山口県周南市,黒岩峡,クロイワキョウ,,352152,,山口県周南市小松原,山口県,周南市,小松原,,,黒岩峡内,34.049172,132.012126,階数,1,1 ,0 ,1 ,0 ,0 ,0 ,1 ,1 ,0 ,0 ,0 ,1 ,1 ,0 ,0 ,0 ,0 ,0 ,0 ,0 ,0 ,0 ,無,0 ,,,,,,
352152,PTOKANKO0007,山口県周南市,もみじ小屋,モミジゴヤ,,352152,,山口県周南市高瀬,山口県,周南市,高瀬,,,高瀬峡　途中,34.166348,131.760484,階数,1,0 ,0 ,0 ,0 ,0 ,0 ,0 ,0 ,0 ,0 ,0 ,1 ,0 ,0 ,0 ,0 ,0 ,0 ,0 ,0 ,0 ,0 ,無,0 ,,,,,,
352152,PTOKANKO0008,山口県周南市,（旧）刈尾海水浴場,カリオカイスイヨクジョウ,,352152,,山口県周南市大津島1355,山口県,周南市,大津島,1355,,公園内,34.014537,131.710677,階数,1,3 ,2 ,0 ,1 ,0 ,0 ,2 ,0 ,2 ,0 ,0 ,0 ,0 ,0 ,0 ,0 ,0 ,0 ,0 ,0 ,0 ,0 ,無,0 ,,,,,,
352152,PTOKANKO0009,山口県周南市,菅野公園,スガノコウエン,,352152,,山口県周南市中須北,山口県,周南市,中須北,,,公園内,34.142925,131.904327,階数,1,0 ,0 ,0 ,0 ,0 ,0 ,0 ,0 ,0 ,0 ,0 ,2 ,2 ,0 ,0 ,0 ,0 ,0 ,0 ,0 ,0 ,0 ,無,0 ,,,,,,
352152,PTOKANKO0010,山口県周南市,千石岳,センゴクダケ,,352152,,山口県周南市,山口県,周南市,,,,駐車場,34.186129,131.759402,階数,1,1 ,1 ,0 ,0 ,0 ,0 ,0 ,0 ,0 ,0 ,0 ,1 ,1 ,0 ,0 ,0 ,0 ,0 ,0 ,0 ,0 ,0 ,無,0 ,,,,,,
352152,PTOKANKO0011,山口県周南市,中ノ島公園,ナカノシマコウエン,,352152,,山口県周南市須々万奥,山口県,周南市,須々万奥,,,公園内,34.131779,131.898615,階数,1,2 ,2 ,0 ,0 ,0 ,0 ,0 ,0 ,0 ,0 ,0 ,2 ,2 ,0 ,0 ,0 ,0 ,0 ,0 ,0 ,0 ,0 ,無,0 ,,,,,,
352152,PTOKANKO0012,山口県周南市,若山公園,ワカヤマコウエン,,352152,,山口県周南市福川,山口県,周南市,福川,,,若山城跡,34.08436,131.727751,階数,1,2 ,2 ,0 ,0 ,0 ,0 ,0 ,0 ,0 ,0 ,0 ,1 ,1 ,0 ,0 ,0 ,0 ,0 ,0 ,0 ,0 ,0 ,無,0 ,,,,,,
352152,PTOKYODO0001,山口県周南市,桜木市民センター,サクラギシミンセンター,,352152,,山口県周南市城ケ丘 2丁目4-21,山口県,周南市,城ケ丘 2丁目,4-21,,建物内,34.045873,131.838769,階数,2,8 ,6 ,0 ,2 ,0 ,0 ,4 ,2 ,2 ,0 ,0 ,0 ,0 ,0 ,0 ,0 ,0 ,0 ,0 ,0 ,0 ,0 ,無,0 ,8:30,22:00,平日の17時15分以降及び土日祝日は、施設使用者がいない場合は利用できない。また、12月29日～１月３日は休館日。,,,
352152,PTOKYODO0002,山口県周南市,周陽市民センター,シュウヨウシミンセンター,,352152,,山口県周南市周陽 2丁目8-2,山口県,周南市,周陽 2丁目,8-2,,建物内,34.046246,131.830752,階数,2,8 ,6 ,1 ,1 ,0 ,0 ,4 ,3 ,1 ,0 ,0 ,0 ,0 ,0 ,0 ,0 ,0 ,0 ,0 ,0 ,0 ,0 ,無,0 ,8:30,22:00,平日の17時15分以降及び土日祝日は、施設使用者がいない場合は利用できない。また、12月29日～１月３日は休館日。,,,
352152,PTOKYODO0003,山口県周南市,秋月市民センター,アキヅキシミンセンター,,352152,,山口県周南市楠木 2丁目1-25,山口県,周南市,楠木 2丁目,1-25,,建物内,34.055316,131.825648,階数,2,7 ,5 ,0 ,2 ,0 ,0 ,4 ,2 ,2 ,0 ,0 ,0 ,0 ,0 ,0 ,0 ,0 ,0 ,0 ,0 ,0 ,0 ,無,0 ,8:30,22:00,平日の17時15分以降及び土日祝日は、施設使用者がいない場合は利用できない。また、12月29日～１月３日は休館日。,,,
352152,PTOKYODO0004,山口県周南市,遠石市民センター,トイシシミンセンター,,352152,,山口県周南市若草町6-33,山口県,周南市,若草町,6-33,,建物内,34.045893,131.819253,階数,1,5 ,3 ,0 ,2 ,1 ,1 ,4 ,0 ,4 ,1 ,1 ,0 ,0 ,0 ,0 ,0 ,1 ,0 ,1 ,0 ,0 ,1 ,無,1 ,8:30,22:00,平日の17時15分以降及び土日祝日は、施設使用者がいない場合は利用できない。また、12月29日～１月３日は休館日。,,,
352152,PTOKYODO0005,山口県周南市,岐山市民センター,キサンシミンセンター,,352152,,山口県周南市大字徳山 5649,山口県,周南市,大字徳山,5649,,建物内,34.060545,131.818747,階数,2,6 ,4 ,1 ,1 ,0 ,0 ,4 ,2 ,2 ,0 ,0 ,0 ,0 ,0 ,0 ,0 ,0 ,0 ,0 ,0 ,0 ,0 ,無,0 ,8:30,22:00,平日の17時15分以降及び土日祝日は、施設使用者がいない場合は利用できない。また、12月29日～１月３日は休館日。,,,
352152,PTOKYODO0006,山口県周南市,中央地区市民センター,チュウオウチクシミンセンター,,352152,,山口県周南市飯島町 1-13,山口県,周南市,飯島町,1-13,,建物内,34.052144,131.809478,階数,2,8 ,6 ,1 ,1 ,0 ,0 ,6 ,4 ,2 ,0 ,0 ,0 ,0 ,0 ,0 ,0 ,1 ,0 ,0 ,0 ,0 ,1 ,無,0 ,8:30,22:00,平日の17時15分以降及び土日祝日は、施設使用者がいない場合は利用できない。また、12月29日～１月３日は休館日。,,,
352152,PTOKYODO0007,山口県周南市,今宿市民センター,イマジュクシミンセンター,,352152,,山口県周南市原宿町 6-12,山口県,周南市,原宿町,6-12,,建物内,34.063161,131.804086,階数,2,6 ,4 ,1 ,1 ,0 ,0 ,4 ,2 ,2 ,0 ,0 ,0 ,0 ,0 ,0 ,0 ,0 ,0 ,0 ,0 ,0 ,0 ,無,0 ,8:30,22:00,平日の17時15分以降及び土日祝日は、施設使用者がいない場合は利用できない。また、12月29日～１月３日は休館日。,,,
352152,PTOKYODO0008,山口県周南市,今宿市民センター西松原分館,イマジュクシミンセンターニシマツバラブンカン,,352152,,山口県周南市西松原 4丁目4-40,山口県,周南市,西松原 4丁目,4-40,,建物内,34.065382,131.795057,階数,1,3 ,2 ,1 ,0 ,0 ,0 ,2 ,1 ,1 ,0 ,0 ,0 ,0 ,0 ,0 ,0 ,0 ,0 ,0 ,0 ,0 ,0 ,無,0 ,8:30,22:00,施設使用者がいない場合は利用できない。また、12月29日～１月３日は休館日。,,,
352152,PTOKYODO0009,山口県周南市,櫛浜市民センター,クシガハマシミンセンター,,352152,,山口県周南市大字櫛ケ浜 458,山口県,周南市,大字櫛ケ浜,458,,建物内,34.024621,131.830898,階数,1,8 ,5 ,0 ,3 ,0 ,0 ,5 ,0 ,5 ,0 ,0 ,0 ,0 ,0 ,0 ,0 ,1 ,0 ,0 ,0 ,0 ,0 ,無,0 ,8:30,22:00,12月29日～１月３日は休館日。,,,
352152,PTOKYODO0010,山口県周南市,粭島市民センター,スクモジマシミンセンター,,352152,,山口県周南市大字粭島 227,山口県,周南市,大字粭島,227,,建物内,33.982502,131.760287,階数,3,9 ,6 ,3 ,0 ,0 ,0 ,6 ,5 ,1 ,0 ,0 ,0 ,0 ,0 ,0 ,0 ,0 ,0 ,0 ,0 ,0 ,0 ,無,0 ,8:30,22:00,平日の17時15分以降及び土日祝日は、施設使用者がいない場合は利用できない。また、12月29日～１月３日は休館日。,,,
352152,PTOKYODO0011,山口県周南市,大島市民センター,オオシマシミンセンター,,352152,,山口県周南市大字大島 1601,山口県,周南市,大字大島,1601,,建物内,33.988216,131.790018,階数,2,7 ,5 ,1 ,1 ,0 ,0 ,4 ,2 ,2 ,0 ,0 ,0 ,0 ,0 ,0 ,0 ,0 ,0 ,0 ,0 ,0 ,0 ,無,0 ,8:30,22:00,12月29日～１月３日は休館日。,,,
352152,PTOKYODO0012,山口県周南市,久米市民センター,クメシミンセンター,,352152,,山口県周南市大字久米 2812-1,山口県,周南市,大字久米,2812-1,,建物内,34.04126,131.84577,階数,2,8 ,6 ,1 ,1 ,0 ,0 ,6 ,4 ,2 ,0 ,0 ,0 ,0 ,0 ,0 ,0 ,0 ,0 ,0 ,0 ,0 ,0 ,無,0 ,8:30,22:00,12月29日～１月３日は休館日。,,,
352152,PTOKYODO0013,山口県周南市,菊川市民センター,キクガワシミンセンター,,352152,,山口県周南市大字下上2146,山口県,周南市,大字下上,2146,,建物内,34.093917,131.783817,階数,2,6 ,4 ,2 ,0 ,0 ,0 ,4 ,2 ,2 ,0 ,0 ,0 ,0 ,0 ,0 ,0 ,0 ,0 ,0 ,0 ,0 ,0 ,無,0 ,8:30,22:00,12月29日～１月３日は休館日。,,,
352152,PTOKYODO0014,山口県周南市,菊川市民センター富岡分館,キクガワシミンセンタートミオカブンカン,,352152,,山口県周南市大字下上 1560,山口県,周南市,大字下上,1560,,建物内,34.085466,131.776059,階数,1,3 ,2 ,1 ,0 ,0 ,0 ,2 ,1 ,1 ,0 ,0 ,0 ,0 ,0 ,0 ,0 ,0 ,0 ,0 ,0 ,0 ,0 ,無,0 ,8:30,22:00,施設使用者がいない場合は利用できない。また、12月29日～１月３日は休館日。,,,
352152,PTOKYODO0015,山口県周南市,菊川市民センター加見分館,キクガワシミンセンターカミブンカン,,352152,,山口県周南市大字上村 703-1,山口県,周南市,大字上村,703-1,,建物内,34.09554,131.789089,階数,1,3 ,2 ,1 ,0 ,0 ,0 ,2 ,1 ,1 ,0 ,0 ,0 ,0 ,0 ,0 ,0 ,0 ,0 ,0 ,0 ,0 ,0 ,無,0 ,8:30,22:00,施設使用者がいない場合は利用できない。また、12月29日～１月３日は休館日。,,,
352152,PTOKYODO0016,山口県周南市,四熊市民センター,シクマシミンセンター,,352152,,山口県周南市大字四熊 1417,山口県,周南市,大字四熊,1417,,建物内,34.112732,131.767562,階数,2,9 ,6 ,2 ,1 ,0 ,0 ,4 ,3 ,1 ,0 ,0 ,1 ,0 ,1 ,0 ,0 ,0 ,0 ,0 ,0 ,0 ,0 ,無,0 ,8:30,22:00,平日の17時15分以降及び土日祝日は、施設使用者がいない場合は利用できない。また、12月29日～１月３日は休館日。,,,
352152,PTOKYODO0017,山口県周南市,小畑市民センター,オバタシミンセンター,,352152,,山口県周南市大字小畑 190,山口県,周南市,大字小畑,190,,建物内,34.089768,131.755627,階数,2,3 ,2 ,0 ,1 ,1 ,0 ,2 ,0 ,2 ,2 ,0 ,0 ,0 ,0 ,0 ,0 ,0 ,0 ,0 ,0 ,0 ,0 ,無,0 ,8:30,22:00,平日の17時15分以降及び土日祝日は、施設使用者がいない場合は利用できない。また、12月29日～１月３日は休館日。,,,
352152,PTOKYODO0018,山口県周南市,夜市市民センター,ヤジシミンセンター,,352152,,山口県周南市大字夜市 660-1,山口県,周南市,大字夜市,660-1,,建物内,34.082453,131.71414,階数,2,6 ,4 ,1 ,1 ,0 ,0 ,4 ,2 ,2 ,0 ,0 ,0 ,0 ,0 ,0 ,0 ,1 ,0 ,0 ,0 ,0 ,1 ,無,0 ,8:30,22:00,12月29日～１月３日は休館日。,,,
352152,PTOKYODO0019,山口県周南市,戸田市民センター,ヘタシミンセンター,,352152,,山口県周南市大字戸田 2845-2,山口県,周南市,大字戸田,2845-2,,建物内,34.078213,131.687232,階数,2,8 ,6 ,1 ,1 ,0 ,0 ,6 ,4 ,2 ,0 ,0 ,0 ,0 ,0 ,0 ,0 ,0 ,0 ,0 ,0 ,0 ,0 ,無,0 ,8:30,22:00,12月29日～１月３日は休館日。,,,
352152,PTOKYODO0020,山口県周南市,戸田市民センター津木分館,ヘタシミンセンターツギブンカン,,352152,,山口県周南市大字戸田 152-2,山口県,周南市,大字戸田,152-2,,建物内,34.060632,131.714961,階数,1,3 ,2 ,1 ,0 ,0 ,0 ,2 ,1 ,1 ,0 ,0 ,0 ,0 ,0 ,0 ,0 ,0 ,0 ,0 ,0 ,0 ,0 ,無,0 ,8:30,22:00,使用者がいない場合は利用できない。また、12月29日～１月３日は休館日。,,,
352152,PTOKYODO0021,山口県周南市,戸田市民センター四郎谷分館,ヘタシミンセンターシロダニブンカン,,352152,,山口県周南市大字戸田 4741,山口県,周南市,大字戸田,4741,,建物内,34.058262,131.678084,階数,1,1 ,1 ,0 ,0 ,0 ,0 ,0 ,0 ,0 ,0 ,0 ,1 ,0 ,1 ,0 ,0 ,0 ,0 ,0 ,0 ,0 ,0 ,無,0 ,8:30,22:00,施設使用者がいない場合は利用できない。また、12月29日～１月３日は休館日。,,,
352152,PTOKYODO0022,山口県周南市,湯野市民センター,ユノシミンセンター,,352152,,山口県周南市大字湯野 4230-1,山口県,周南市,大字湯野,4230-1,,建物内,34.09364,131.676735,階数,2,6 ,4 ,1 ,1 ,0 ,0 ,4 ,2 ,2 ,1 ,0 ,0 ,0 ,0 ,0 ,0 ,1 ,0 ,1 ,0 ,0 ,1 ,有,0 ,8:30,22:00,12月29日～１月３日は休館日。,,,
352152,PTOKYODO0023,山口県周南市,大向市民センター,オオムカイシミンセンター,,352152,,山口県周南市大字大向 1653-1,山口県,周南市,大字大向,1653-1,,建物内,34.181236,131.81872,階数,2,4 ,3 ,0 ,1 ,0 ,0 ,2 ,1 ,1 ,0 ,0 ,1 ,0 ,1 ,0 ,0 ,0 ,0 ,0 ,0 ,0 ,0 ,無,0 ,8:30,22:00,平日の17時15分以降及び土日祝日は、施設使用者がいない場合は利用できない。また、12月29日～１月３日は休館日。,,,
352152,PTOKYODO0024,山口県周南市,大道理市民センター,オオドオリシミンセンター,,352152,,山口県周南市大字大道理1332,山口県,周南市,大字大道理,1332,,建物内,34.141674,131.807214,階数,2,7 ,5 ,1 ,1 ,0 ,0 ,5 ,4 ,1 ,0 ,0 ,0 ,0 ,0 ,0 ,0 ,1 ,0 ,0 ,0 ,0 ,1 ,無,0 ,8:30,22:00,12月29日～１月３日は休館日。,,,
352152,PTOKYODO0025,山口県周南市,長穂市民センター,ナガオシミンセンター,,352152,,山口県周南市大字長穂 1691,山口県,周南市,大字長穂,1691,,建物内,34.133318,131.83802,階数,1,4 ,2 ,0 ,2 ,1 ,0 ,4 ,0 ,4 ,1 ,0 ,0 ,0 ,0 ,0 ,0 ,1 ,0 ,1 ,0 ,0 ,1 ,有,1 ,8:30,22:00,12月29日～１月３日は休館日。,,,
352152,PTOKYODO0026,山口県周南市,須々万市民センター,ススマシミンセンター,,352152,,山口県周南市大字須々万本郷 478-2,山口県,周南市,大字須々万本郷,478-2,,建物内,34.122653,131.869068,階数,2,8 ,6 ,2 ,0 ,0 ,0 ,4 ,3 ,1 ,0 ,0 ,0 ,0 ,0 ,0 ,0 ,0 ,0 ,0 ,0 ,0 ,0 ,無,0 ,8:30,22:00,12月29日～１月３日は休館日。,,,
352152,PTOKYODO0027,山口県周南市,須々万市民センター別館,ススマシミンセンターベッカン,,352152,,山口県周南市大字須々万本郷480-11,山口県,周南市,大字須々万本郷,480-11,,建物内,34.122461,131.869139,階数,2,9 ,6 ,3 ,0 ,0 ,0 ,6 ,6 ,0 ,0 ,0 ,1 ,0 ,1 ,0 ,0 ,1 ,0 ,0 ,0 ,0 ,1 ,無,0 ,8:30,22:00,土曜日の17時15分以降及び日祝日は、施設使用者がいない場合は利用できない。また、12月29日～１月３日は休館日。,,,1階女性トイレ（和式）の1つは故障
352152,PTOKYODO0028,山口県周南市,中須市民センター,ナカスシミンセンター,,352152,,山口県周南市大字中須南 2557-1,山口県,周南市,大字中須南,2557-1,,建物内,34.114174,131.916948,階数,2,6 ,4 ,1 ,1 ,0 ,0 ,4 ,2 ,2 ,0 ,0 ,0 ,0 ,0 ,0 ,0 ,2 ,0 ,1 ,0 ,0 ,2 ,有,0 ,8:30,22:00,12月29日～１月３日は休館日。,,,
352152,PTOKYODO0029,山口県周南市,須金市民センター,スガネシミンセンター,,352152,,山口県周南市大字須万 2427-2,山口県,周南市,大字須万,2427-2,,建物内,34.200779,131.923189,階数,2,7 ,4 ,2 ,1 ,0 ,0 ,5 ,4 ,1 ,0 ,0 ,0 ,0 ,0 ,0 ,0 ,1 ,0 ,0 ,0 ,0 ,0 ,無,0 ,8:30,22:00,12月29日～１月３日は休館日。,,,
352152,PTOKYODO0030,山口県周南市,大津島市民センター,オオヅシマシミンセンター,,352152,,山口県周南市大字大津島 1361-4,山口県,周南市,大字大津島,1361-4,,建物内,34.018279,131.710532,階数,1,3 ,2 ,0 ,1 ,0 ,0 ,1 ,0 ,1 ,0 ,0 ,0 ,0 ,0 ,0 ,0 ,0 ,0 ,0 ,0 ,0 ,0 ,無,0 ,8:30,22:00,17時15分以降、施設使用者がいない場合は利用できない。また、12月29日～１月３日は休館日。,,,
352152,PTOKYODO0031,山口県周南市,大津島市民センター大津分館,オオヅシマシミンセンターオオツブンカン,,352152,,山口県周南市大字大津島 68,山口県,周南市,大字大津島,68,,建物内,34.008248,131.702807,階数,1,3 ,2 ,1 ,0 ,0 ,0 ,2 ,1 ,1 ,0 ,0 ,0 ,0 ,0 ,0 ,0 ,0 ,0 ,0 ,0 ,0 ,0 ,無,0 ,8:30,22:00,施設使用者がいない場合は利用できない。また、12月29日～１月３日は休館日。,,,男性トイレ数（小便器）1:使用禁止中
352152,PTOKYODO0032,山口県周南市,和田市民センター,ワダシミンセンター,,352152,,山口県周南市大字垰218,山口県,周南市,大字垰,218,,建物内,34.149031,131.735505,階数,1,3 ,2 ,1 ,0 ,0 ,0 ,2 ,2 ,0 ,0 ,0 ,0 ,0 ,0 ,0 ,0 ,1 ,1 ,1 ,0 ,1 ,0 ,有,1 ,8:30,22:00,12月29日～１月３日は休館日。,,,
352152,PTOKYODO0033,山口県周南市,高水市民センター,タカミズシミンセンター,,352152,,山口県周南市大字樋口491,山口県,周南市,大字樋口,491,,建物内,34.058787,131.977663,階数,2,10 ,6 ,3 ,1 ,0 ,0 ,4 ,3 ,1 ,0 ,0 ,0 ,0 ,0 ,0 ,0 ,1 ,0 ,0 ,0 ,0 ,0 ,無,0 ,8:30,22:00,平日の17時15分以降及び土日祝日は、施設使用者がいない場合は利用できない。また、12月29日～１月３日は休館日。,,,
352152,PTOKYODO0034,山口県周南市,勝間市民センター,カツマシミンセンター,,352152,,山口県周南市大字呼坂1193-1,山口県,周南市,大字呼坂,1193-1,,建物内,34.043183,131.95459,階数,2,10 ,6 ,2 ,2 ,0 ,0 ,5 ,3 ,2 ,0 ,0 ,0 ,0 ,0 ,0 ,0 ,1 ,0 ,0 ,0 ,0 ,0 ,無,0 ,8:30,22:00,平日の17時15分以降及び土日祝日は、施設使用者がいない場合は利用できない。また、12月29日～１月３日は休館日。,,,
352152,PTOKYODO0035,山口県周南市,大河内市民センター,オオカワチシミンセンター,,352152,,山口県周南市大字大河内1638-23,山口県,周南市,大字大河内,1638-23,,建物内,34.028396,131.941248,階数,2,6 ,4 ,1 ,1 ,0 ,0 ,4 ,3 ,1 ,0 ,0 ,1 ,0 ,1 ,0 ,0 ,1 ,0 ,0 ,0 ,0 ,1 ,無,0 ,8:30,22:00,平日の17時15分以降及び土日祝日は、施設使用者がいない場合は利用できない。また、12月29日～１月３日は休館日。,,,
352152,PTOKYODO0036,山口県周南市,三丘市民センター,ミツオシミンセンター,,352152,,山口県周南市大字安田562-2,山口県,周南市,大字安田,562-2,,建物内,34.03528,131.981335,階数,2,10 ,6 ,4 ,0 ,0 ,0 ,4 ,2 ,2 ,0 ,0 ,0 ,0 ,0 ,0 ,0 ,1 ,0 ,0 ,0 ,0 ,1 ,無,0 ,8:30,22:00,平日の17時15分以降及び土日祝日は、施設使用者がいない場合は利用できない。また、12月29日～１月３日は休館日。,,,
352152,PTOKOTSU0001,山口県周南市,戸田駅前公衆トイレ,ヘタエキマエコウシュウトイレ,,352152,,山口県周南市大字夜市3477-2,山口県,周南市,大字夜市,3477-2,,改札口となり,34.07233,131.70418,,,4 ,3 ,0 ,1 ,0 ,0 ,4 ,2 ,2 ,0 ,0 ,0 ,0 ,0 ,0 ,0 ,1 ,0 ,1 ,0 ,0 ,1 ,無,0 ,,,,,,
352152,PTOKOTSU0002,山口県周南市,新南陽駅前公衆トイレ,シンナンヨウエキマエコウシュウトイレ,,352152,,山口県周南市清水2丁目1287-24,山口県,周南市,清水2丁目,1287-24,,改札口となり,34.69989,131.76894,,,4 ,3 ,0 ,1 ,0 ,0 ,3 ,0 ,3 ,0 ,0 ,0 ,0 ,0 ,0 ,0 ,1 ,1 ,1 ,0 ,0 ,1 ,無,1 ,,,,,,
352152,PTOKOTSU0003,山口県周南市,櫛ケ浜駅前公衆トイレ,クシガハマエキマエコウシュウトイレ,,352152,,山口県周南市大字久米3932-4,山口県,周南市,大字久米,3932-4,,改札口となり,34.03104,131.82876,,,3 ,2 ,0 ,1 ,0 ,0 ,2 ,0 ,2 ,0 ,0 ,0 ,0 ,0 ,0 ,0 ,1 ,1 ,1 ,0 ,0 ,1 ,無,1 ,,,,,,
352152,PTOKOTSU0004,山口県周南市,勝間駅前公衆トイレ,カツマエキマエコウシュウトイレ,,352152,,山口県周南市大字呼坂1183-4,山口県,周南市,大字呼坂,1183-4,,改札口となり,34.04223,131.95409,,,1 ,1 ,0 ,0 ,0 ,0 ,1 ,1 ,0 ,0 ,0 ,0 ,0 ,0 ,0 ,0 ,1 ,0 ,0 ,0 ,0 ,1 ,無,0 ,,,,,,
352152,PTOKOTSU0005,山口県周南市,高水駅前公衆トイレ,タカミズエキマエコウシュウトイレ,,352152,,山口県周南市高水原3丁目237-29,山口県,周南市,高水原3丁目,237-29,,改札口となり,34.05529,131.97291,,,1 ,1 ,0 ,0 ,0 ,0 ,1 ,1 ,0 ,0 ,0 ,0 ,0 ,0 ,0 ,0 ,1 ,0 ,0 ,0 ,0 ,1 ,無,0 ,,,,,,
352152,PTOKOTSU0006,山口県周南市,馬島待合所トイレ,ウマシママチアイショトイレ,,352152,,山口県周南市大字大津島,山口県,周南市,大字大津島,,,待合所となり,33.99021,131.72076,,,1 ,1 ,0 ,0 ,0 ,0 ,1 ,0 ,1 ,0 ,0 ,0 ,0 ,0 ,0 ,0 ,1 ,1 ,1 ,0 ,0 ,1 ,無,1 ,8:30,18:00,,,,
352152,PTOKOTSU0007,山口県周南市,刈尾待合所トイレ,カリオマチアイショトイレ,,352152,,山口県周南市大字大津島1406-2,山口県,周南市,大字大津島,1406-2,,待合所内,34.01647,131.7103,,,1 ,0 ,0 ,1 ,0 ,0 ,1 ,0 ,1 ,0 ,0 ,0 ,0 ,0 ,0 ,0 ,1 ,1 ,1 ,0 ,0 ,1 ,無,1 ,始発30分前,18:00,,,,
352152,KOEN22001000,山口県周南市,勝間街区公園,カツマガイクコウエン,,352152,,山口県周南市大字呼坂1323番1外,山口県,周南市,大字呼坂,1323番1外,,公園内,34.043164,131.952483,,,2 ,1 ,1 ,0 ,0 ,0 ,1 ,1 ,0 ,0 ,0 ,0 ,0 ,0 ,0 ,0 ,0 ,0 ,0 ,0 ,0 ,0 ,無,0 ,,,,,,
352152,KOEN22002000,山口県周南市,高水街区公園,タカミズガイクコウエン,,352152,,山口県周南市大字樋口480番1外,山口県,周南市,大字樋口,480番1外,,公園内,34.057983,131.977373,,,0 ,0 ,0 ,0 ,0 ,0 ,0 ,0 ,0 ,0 ,0 ,2 ,2 ,0 ,0 ,0 ,0 ,0 ,0 ,0 ,0 ,0 ,無,0 ,,,,,,
352152,KOEN22003000,山口県周南市,つるみ台街区公園,ツルミダイガイクコウエン,,352152,,山口県周南市鶴見台3丁目22番402,山口県,周南市,鶴見台3丁目,22番402,,公園内,34.049486,131.975479,,,0 ,0 ,0 ,0 ,0 ,0 ,0 ,0 ,0 ,0 ,0 ,1 ,1 ,0 ,0 ,0 ,0 ,0 ,0 ,0 ,0 ,0 ,無,0 ,,,,,,
352152,KOEN22004000,山口県周南市,清光台街区公園,セイコウダイガイクコウエン,,352152,,山口県周南市大字清光台町300番305,山口県,周南市,大字清光台町,300番305,,公園内,34.03164,131.949596,,,0 ,0 ,0 ,0 ,0 ,0 ,0 ,0 ,0 ,0 ,0 ,1 ,1 ,0 ,0 ,0 ,0 ,0 ,0 ,0 ,0 ,0 ,無,0 ,,,,,,
352152,KOEN22005000,山口県周南市,自由ヶ丘街区公園,ジユウガオカガイクコウエン,,352152,,山口県周南市大字大河内700番522,山口県,周南市,大字大河内,700番522,,公園内,34.022785,131.93655,,,0 ,0 ,0 ,0 ,0 ,0 ,0 ,0 ,0 ,0 ,0 ,1 ,1 ,0 ,0 ,0 ,0 ,0 ,0 ,0 ,0 ,0 ,無,0 ,,,,,,
352152,KOEN22006000,山口県周南市,幸ヶ丘街区公園,サチガオカガイクコウエン,,352152,,山口県周南市大字大河内2100番169外,山口県,周南市,大字大河内,2100番169外,,公園内,34.029102,131.932305,,,0 ,0 ,0 ,0 ,0 ,0 ,0 ,0 ,0 ,0 ,0 ,1 ,1 ,0 ,0 ,0 ,0 ,0 ,0 ,0 ,0 ,0 ,無,0 ,,,,,,
352152,KOEN22301000,山口県周南市,若葉公園,ワカバコウエン,,352152,,山口県周南市栄町一丁目42番外,山口県,周南市,栄町一丁目,42番外,,公園内,34.053733,131.804384,,,1 ,1 ,0 ,0 ,0 ,0 ,0 ,0 ,0 ,0 ,0 ,0 ,0 ,0 ,0 ,0 ,1 ,0 ,0 ,0 ,0 ,1 ,無,0 ,,,,,,
352152,KOEN22302000,山口県周南市,代々木公園,ヨヨギコウエン,,352152,,山口県周南市代々木通二丁目24番,山口県,周南市,代々木通二丁目,24番,,公園内,34.055073,131.802974,,,3 ,2 ,1 ,0 ,0 ,0 ,2 ,1 ,1 ,0 ,0 ,0 ,0 ,0 ,0 ,0 ,1 ,1 ,1 ,0 ,0 ,1 ,無,0 ,,,,,,
352152,KOEN22305000,山口県周南市,緑町公園,ミドリマチコウエン,,352152,,山口県周南市緑町三丁目45番,山口県,周南市,緑町三丁目,45番,,公園内,34.059962,131.80297,,,3 ,2 ,1 ,0 ,0 ,0 ,3 ,3 ,0 ,0 ,0 ,0 ,0 ,0 ,0 ,0 ,1 ,0 ,0 ,0 ,0 ,1 ,無,0 ,,,,,,
352152,KOEN22307000,山口県周南市,江口公園,エグチコウエン,,352152,,山口県周南市西松原三丁目94番,山口県,周南市,西松原三丁目,94番,,公園内,34.066747,131.794791,,,3 ,2 ,1 ,0 ,0 ,0 ,2 ,2 ,0 ,0 ,0 ,0 ,0 ,0 ,0 ,0 ,0 ,0 ,0 ,0 ,0 ,0 ,無,0 ,,,,,,
352152,KOEN22308000,山口県周南市,尚白公園,ショウハクコウエン,,352152,,山口県周南市新宿通六丁目48番,山口県,周南市,新宿通六丁目,48番,,公園内,34.065245,131.798646,,,3 ,2 ,1 ,0 ,0 ,0 ,2 ,2 ,0 ,0 ,0 ,0 ,0 ,0 ,0 ,0 ,0 ,0 ,0 ,0 ,0 ,0 ,無,0 ,,,,,,
352152,KOEN22310000,山口県周南市,北山公園,キタヤマコウエン,,352152,,山口県周南市住吉町46番,山口県,周南市,住吉町,46番,,公園内,34.065874,131.803219,,,0 ,0 ,0 ,0 ,0 ,0 ,0 ,0 ,0 ,0 ,0 ,2 ,2 ,0 ,0 ,0 ,0 ,0 ,0 ,0 ,0 ,0 ,無,0 ,,,,,,
352152,KOEN22312000,山口県周南市,新丁公園,シンチョウコウエン,,352152,,山口県周南市梅園町三丁目4番,山口県,周南市,梅園町三丁目,4番,,公園内,34.058421,131.806495,,,2 ,1 ,1 ,0 ,0 ,0 ,1 ,1 ,0 ,0 ,0 ,0 ,0 ,0 ,0 ,0 ,1 ,0 ,0 ,0 ,0 ,1 ,無,0 ,,,,,,
352152,KOEN22313000,山口県周南市,東辻公園,ヒガシツジコウエン,,352152,,山口県周南市辻町93番,山口県,周南市,辻町,93番,,公園内,34.056878,131.816934,,,3 ,2 ,1 ,0 ,0 ,0 ,2 ,2 ,0 ,0 ,0 ,0 ,0 ,0 ,0 ,0 ,0 ,0 ,0 ,0 ,0 ,0 ,無,0 ,,,,,,
352152,KOEN22315000,山口県周南市,児玉公園,コダマコウエン,,352152,,山口県周南市桜馬場通一丁目3番,山口県,周南市,桜馬場通一丁目,3番,,公園内,34.054233,131.808273,,,3 ,2 ,1 ,0 ,0 ,0 ,2 ,2 ,0 ,0 ,0 ,0 ,0 ,0 ,0 ,0 ,1 ,0 ,0 ,0 ,0 ,1 ,無,0 ,,,,,,
352152,KOEN22316000,山口県周南市,青空公園,アオゾラコウエン,,352152,,山口県周南市飯島町二丁目29番,山口県,周南市,飯島町二丁目,29番,,公園内,34.049554,131.807954,,,4 ,3 ,1 ,0 ,0 ,0 ,2 ,2 ,0 ,0 ,0 ,0 ,0 ,0 ,0 ,0 ,1 ,0 ,0 ,0 ,0 ,1 ,無,0 ,,,,,,
352152,KOEN22318000,山口県周南市,御弓丁公園,オユミチョウコウエン,,352152,,山口県周南市御弓町4198番6,山口県,周南市,御弓町,4198番6,,公園内,34.051762,131.813003,,,0 ,0 ,0 ,0 ,0 ,0 ,0 ,0 ,0 ,0 ,0 ,1 ,1 ,0 ,0 ,0 ,0 ,0 ,0 ,0 ,0 ,0 ,無,0 ,,,,,,
352152,KOEN22320000,山口県周南市,晴海公園,ハルミコウエン,,352152,,山口県周南市築港町113番,山口県,周南市,築港町,113番,,公園内,34.047564,131.802427,,,3 ,2 ,1 ,0 ,0 ,0 ,1 ,1 ,0 ,0 ,0 ,0 ,0 ,0 ,0 ,0 ,1 ,0 ,0 ,0 ,0 ,1 ,無,0 ,,,,,,
352152,KOEN22323000,山口県周南市,長宗公園,ナガソウコウエン,,352152,,山口県周南市瀬戸見町49番,山口県,周南市,瀬戸見町,49番,,公園内,34.050163,131.831472,,,3 ,2 ,1 ,0 ,0 ,0 ,2 ,2 ,0 ,0 ,0 ,0 ,0 ,0 ,0 ,0 ,0 ,0 ,0 ,0 ,0 ,0 ,無,0 ,,,,,,
352152,KOEN22327000,山口県周南市,大河内公園,オオコウチコウエン,,352152,,山口県周南市秋月一丁目33番,山口県,周南市,秋月一丁目,33番,,公園内,34.053807,131.827308,,,0 ,0 ,0 ,0 ,0 ,0 ,0 ,0 ,0 ,0 ,0 ,1 ,1 ,0 ,0 ,0 ,1 ,0 ,0 ,0 ,0 ,1 ,無,0 ,,,,,,
352152,KOEN22333000,山口県周南市,城北公園,ジョウホクコウエン,,352152,,山口県周南市城ケ丘四丁目50番,山口県,周南市,城ケ丘四丁目,50番,,公園内,34.043857,131.84542,,,0 ,0 ,0 ,0 ,0 ,0 ,0 ,0 ,0 ,0 ,0 ,1 ,1 ,0 ,0 ,0 ,1 ,0 ,0 ,0 ,0 ,1 ,無,0 ,,,,,,
352152,KOEN22335000,山口県周南市,門前公園,モンゼンコウエン,,352152,,山口県周南市桜木二丁目80番,山口県,周南市,桜木二丁目,80番,,公園内,34.038145,131.839073,,,0 ,0 ,0 ,0 ,0 ,0 ,0 ,0 ,0 ,0 ,0 ,1 ,1 ,0 ,0 ,0 ,1 ,0 ,0 ,0 ,0 ,1 ,無,0 ,,,,,,
352152,KOEN22337000,山口県周南市,居守公園,イモリコウエン,,352152,,山口県周南市大字大島字上居守97番26外,山口県,周南市,大字大島字上居守,97番26外,,公園内,34.008583,131.830095,,,3 ,2 ,1 ,0 ,0 ,0 ,2 ,2 ,0 ,0 ,0 ,0 ,0 ,0 ,0 ,0 ,1 ,0 ,0 ,0 ,0 ,1 ,無,0 ,,,,,,
352152,KOEN22340000,山口県周南市,高田公園,タカダコウエン,,352152,,山口県周南市大字久米字興徳寺1095番2外,山口県,周南市,大字久米字興徳寺,1095番2外,,公園内,34.031264,131.842127,,,0 ,0 ,0 ,0 ,0 ,0 ,0 ,0 ,0 ,0 ,0 ,2 ,2 ,0 ,0 ,0 ,0 ,0 ,0 ,0 ,0 ,0 ,無,0 ,,,,,,
352152,KOEN22344000,山口県周南市,西部公園(栗坪公園),クリツボコウエン,,352152,,山口県周南市北山二丁目7869番1,山口県,周南市,北山二丁目,7869番1,,公園内,34.066617,131.80129,,,3 ,2 ,1 ,0 ,0 ,0 ,2 ,2 ,0 ,0 ,0 ,0 ,0 ,0 ,0 ,0 ,0 ,0 ,0 ,0 ,0 ,0 ,無,0 ,,,,,,
352152,KOEN22345000,山口県周南市,加見公園,カミコウエン,,352152,,山口県周南市大字上村字東南野704番外,山口県,周南市,大字上村字東南野,704番外,,公園内,34.095081,131.788835,,,0 ,0 ,0 ,0 ,0 ,0 ,0 ,0 ,0 ,0 ,0 ,2 ,2 ,0 ,0 ,0 ,0 ,0 ,0 ,0 ,0 ,0 ,無,0 ,,,,,,
352152,KOEN22349000,山口県周南市,富岡公園,トミオカコウエン,,352152,,山口県周南市大字下上字平城1566番外,山口県,周南市,大字下上字平城,1566番外,,公園内,34.085225,131.776324,,,0 ,0 ,0 ,0 ,0 ,0 ,0 ,0 ,0 ,0 ,0 ,2 ,2 ,0 ,0 ,0 ,0 ,0 ,0 ,0 ,0 ,0 ,無,0 ,,,,,,
352152,KOEN22352000,山口県周南市,蔵光公園,クラミツコウエン,,352152,,山口県周南市大字久米字流田3043番2,山口県,周南市,大字久米字流田,3043番2,,公園内,34.030464,131.837684,,,4 ,3 ,1 ,0 ,0 ,0 ,2 ,2 ,0 ,0 ,0 ,0 ,0 ,0 ,0 ,0 ,0 ,0 ,0 ,0 ,0 ,0 ,無,0 ,,,,,,
352152,KOEN22356000,山口県周南市,的場公園,マトバコウエン,,352152,,山口県周南市大字夜市字大田2530番17外,山口県,周南市,大字夜市字大田,2530番17外,,公園内,34.082251,131.712433,,,0 ,0 ,0 ,0 ,0 ,0 ,0 ,0 ,0 ,0 ,0 ,1 ,1 ,0 ,0 ,0 ,0 ,0 ,0 ,0 ,0 ,0 ,無,0 ,,,,,,
352152,KOEN22401000,山口県周南市,上迫公園,カミサココウエン,,352152,,山口県周南市上迫町1034番,山口県,周南市,上迫町,1034番,,公園内,34.077572,131.733347,,,0 ,0 ,0 ,0 ,0 ,0 ,0 ,0 ,0 ,0 ,0 ,1 ,1 ,0 ,0 ,0 ,0 ,0 ,0 ,0 ,0 ,0 ,無,0 ,,,,,,
352152,KOEN22402000,山口県周南市,政所公園,マドコロコウエン,,352152,,山口県周南市政所二丁目8番1,山口県,周南市,政所二丁目,8番1,,公園内,34.073141,131.767594,,,2 ,1 ,1 ,0 ,0 ,0 ,1 ,1 ,0 ,0 ,0 ,0 ,0 ,0 ,0 ,0 ,1 ,1 ,1 ,0 ,0 ,1 ,無,0 ,,,,,,
352152,KOEN22403000,山口県周南市,片山公園,カタヤマコウエン,,352152,,山口県周南市富田一丁目3922番3,山口県,周南市,富田一丁目,3922番3,,公園内,34.07424,131.749829,,,0 ,0 ,0 ,0 ,0 ,0 ,0 ,0 ,0 ,0 ,0 ,1 ,1 ,0 ,0 ,0 ,0 ,0 ,0 ,0 ,0 ,0 ,無,0 ,,,,,,
352152,KOEN22404000,山口県周南市,宮の前公園,ミヤノマエコウエン,,352152,,山口県周南市宮の前二丁目3番2,山口県,周南市,宮の前二丁目,3番2,,公園内,34.072849,131.765501,,,0 ,0 ,0 ,0 ,0 ,0 ,0 ,0 ,0 ,0 ,0 ,1 ,1 ,0 ,0 ,0 ,0 ,0 ,0 ,0 ,0 ,0 ,無,0 ,,,,,,
352152,KOEN22405000,山口県周南市,政所東公園,マドコロヒガシコウエン,,352152,,山口県周南市政所三丁目7番6,山口県,周南市,政所三丁目,7番6,,公園内,34.071931,131.772129,,,0 ,0 ,0 ,0 ,0 ,0 ,0 ,0 ,0 ,0 ,0 ,1 ,1 ,0 ,0 ,0 ,0 ,0 ,0 ,0 ,0 ,0 ,無,0 ,,,,,,
352152,KOEN22406000,山口県周南市,中央公園,チュオウコウエン,,352152,,山口県周南市中央町4番10,山口県,周南市,中央町,4番10,,公園内,34.070532,131.764838,,,0 ,0 ,0 ,0 ,0 ,0 ,0 ,0 ,0 ,0 ,0 ,2 ,2 ,0 ,0 ,0 ,1 ,0 ,0 ,0 ,0 ,1 ,無,0 ,,,,,,
352152,KOEN22407000,山口県周南市,柏屋新田公園,カシワヤシンデンコウエン,,352152,,山口県周南市新田一丁目2612番72,山口県,周南市,新田一丁目,2612番72,,公園内,34.064993,131.73501,,,0 ,0 ,0 ,0 ,0 ,0 ,0 ,0 ,0 ,0 ,0 ,1 ,1 ,0 ,0 ,0 ,0 ,0 ,0 ,0 ,0 ,0 ,無,0 ,,,,,,
352152,KOEN22408000,山口県周南市,長田公園,ナガタコウエン,,352152,,山口県周南市長田町18番,山口県,周南市,長田町,18番,,公園内,34.061941,131.724363,,,0 ,0 ,0 ,0 ,0 ,0 ,0 ,0 ,0 ,0 ,0 ,2 ,2 ,0 ,0 ,0 ,0 ,0 ,0 ,0 ,0 ,0 ,無,0 ,,,,,,
352152,KOEN22409000,山口県周南市,川崎公園,カワサキコウエン,,352152,,山口県周南市川崎三丁目175番23,山口県,周南市,川崎三丁目,175番23,,公園内,34.070196,131.781835,,,0 ,0 ,0 ,0 ,0 ,0 ,0 ,0 ,0 ,0 ,0 ,1 ,0 ,1 ,0 ,0 ,0 ,0 ,0 ,0 ,0 ,0 ,無,0 ,,,,,,
352152,KOEN22801000,山口県周南市,南浜公園,ミナミハマコウエン,,352152,,山口県周南市大字櫛ケ浜字南浜242番90,山口県,周南市,大字櫛ケ浜字南浜,242番90,,公園内,34.025331,131.82773,,,3 ,2 ,1 ,0 ,0 ,0 ,2 ,2 ,0 ,0 ,0 ,0 ,0 ,0 ,0 ,0 ,1 ,0 ,0 ,0 ,0 ,1 ,無,0 ,,,,,,
352152,KOEN22804000,山口県周南市,旭ヶ丘公園,アサヒガオカコウエン,,352152,,山口県周南市大字久米字旭ケ丘931番17,山口県,周南市,大字久米字旭ケ丘,931番17,,公園内,34.02995,131.842335,,,0 ,0 ,0 ,0 ,0 ,0 ,0 ,0 ,0 ,0 ,0 ,2 ,2 ,0 ,0 ,0 ,0 ,0 ,0 ,0 ,0 ,0 ,無,0 ,,,,,,
352152,KOEN22809000,山口県周南市,湯野公園,ユンコウエン,,352152,,山口県周南市大字湯野字中岡4341番1,山口県,周南市,大字湯野字中岡,4341番1,,公園内,34.092969,131.674499,,,0 ,0 ,0 ,0 ,0 ,0 ,0 ,0 ,0 ,0 ,0 ,2 ,1 ,1 ,0 ,0 ,0 ,0 ,0 ,0 ,0 ,0 ,無,0 ,,,,,,
352152,KOEN22810000,山口県周南市,川上ダム公園,カワカミダムコウエン,,352152,,山口県周南市大字川上字一の瀬（山口県企業局）,山口県,周南市,大字川上字一の瀬,,（山口県企業局）,公園内,34.106465,131.787639,,,1 ,1 ,0 ,0 ,0 ,0 ,1 ,1 ,0 ,0 ,0 ,1 ,1 ,0 ,0 ,0 ,1 ,1 ,0 ,0 ,0 ,1 ,無,0 ,,,,,,
352152,KOEN22828000,山口県周南市,戸田東公園,トンダヒガシコウエン,,352152,,山口県周南市大字戸田字上押田1641番1,山口県,周南市,大字戸田字上押田,1641番1,,公園内,34.07584,131.69429,,,0 ,0 ,0 ,0 ,0 ,0 ,0 ,0 ,0 ,0 ,0 ,1 ,1 ,0 ,0 ,0 ,0 ,0 ,0 ,0 ,0 ,0 ,無,0 ,,,,,,
352152,KOEN22829000,山口県周南市,菊川公園,キクガワコウエン,,352152,,山口県周南市大字下上字上野1599番8外,山口県,周南市,大字下上字上野,1599番8外,,公園内,34.086767,131.780789,,,3 ,2 ,1 ,0 ,0 ,0 ,2 ,2 ,0 ,0 ,0 ,0 ,0 ,0 ,0 ,0 ,1 ,0 ,0 ,0 ,0 ,1 ,無,0 ,,,,,,
352152,KOEN22831000,山口県周南市,楠水公園,ナンスイコウエン,,352152,,山口県周南市楠木一丁目4番,山口県,周南市,楠木一丁目,4番,,公園内,34.056571,131.819352,,,0 ,0 ,0 ,0 ,0 ,0 ,0 ,0 ,0 ,0 ,0 ,1 ,1 ,0 ,0 ,0 ,1 ,0 ,0 ,0 ,0 ,1 ,無,0 ,,,,,,
352152,KOEN22837000,山口県周南市,新地ふれあいパーク,シンチフレアイパーク,,352152,,山口県周南市新地二丁目154番,山口県,周南市,新地二丁目,154番,,公園内,34.066775,131.789828,,,2 ,1 ,1 ,0 ,0 ,0 ,1 ,1 ,0 ,0 ,0 ,0 ,0 ,0 ,0 ,0 ,1 ,0 ,0 ,0 ,0 ,1 ,無,0 ,,,,,,
352152,KOEN22838000,山口県周南市,新地公園,シンチコウエン,,352152,,山口県周南市新地三丁目97番外,山口県,周南市,新地三丁目,97番外,,公園内,34.067889,131.786951,,,0 ,0 ,0 ,0 ,0 ,0 ,0 ,0 ,0 ,0 ,0 ,1 ,1 ,0 ,0 ,0 ,1 ,0 ,0 ,0 ,0 ,1 ,無,0 ,,,,,,
352152,KOEN22901000,山口県周南市,清水東公園,シミズヒガシコウエン,,352152,,山口県周南市清水二丁目1385番4外,山口県,周南市,清水二丁目,1385番4外,,公園内,34.070616,131.771712,,,3 ,2 ,1 ,0 ,0 ,0 ,2 ,2 ,0 ,0 ,0 ,0 ,0 ,0 ,0 ,0 ,1 ,0 ,0 ,0 ,0 ,1 ,無,0 ,,,,,,
352152,KOEN22902000,山口県周南市,清水西公園,シミズニシコウエン,,352152,,山口県周南市清水一丁目1417番2外,山口県,周南市,清水一丁目,1417番2外,,公園内,34.071121,131.768082,,,2 ,1 ,1 ,0 ,0 ,0 ,1 ,1 ,0 ,0 ,0 ,0 ,0 ,0 ,0 ,0 ,1 ,1 ,1 ,0 ,0 ,1 ,無,0 ,,,,,,
352152,KOEN23504000,山口県周南市,鶴見台ひまわり公園,ツルミダイヒマワリコウエン,,352152,,山口県周南市鶴見台1丁目22番45外,山口県,周南市,鶴見台1丁目,22番45外,,公園駐車場内,34.052758,131.975107,,,3 ,2 ,1 ,0 ,0 ,0 ,2 ,2 ,0 ,0 ,0 ,0 ,0 ,0 ,0 ,0 ,1 ,0 ,0 ,0 ,0 ,1 ,無,0 ,,,,,,
352152,KOEN33001000,山口県周南市,熊毛中央公園2,クマガチュウオウコウエン,,352152,,山口県周南市大字呼坂85番23外,山口県,周南市,大字呼坂,85番23外,,公園内,34.052369,131.966397,,,4 ,3 ,0 ,1 ,0 ,0 ,3 ,1 ,2 ,0 ,0 ,0 ,0 ,0 ,0 ,0 ,0 ,0 ,0 ,0 ,0 ,0 ,無,0 ,,,,,,
352152,KOEN33002000,山口県周南市,勝間ふれあい公園1,カツマフレアイコウエン1,,352152,,山口県周南市新清光台2丁目777番785外,山口県,周南市,新清光台2丁目,777番785外,,公園内,34.037105,131.952503,,,4 ,3 ,1 ,0 ,0 ,0 ,3 ,3 ,0 ,0 ,0 ,0 ,0 ,0 ,0 ,0 ,1 ,0 ,0 ,0 ,0 ,1 ,無,0 ,,,,,,
352152,KOEN33002001,山口県周南市,勝間ふれあい公園2,カツマフレアイコウエン2,,352152,,山口県周南市新清光台2丁目777番785外,山口県,周南市,新清光台2丁目,777番785外,,公園内,34.037265,131.953611,,,5 ,3 ,2 ,0 ,0 ,0 ,3 ,2 ,1 ,0 ,0 ,0 ,0 ,0 ,0 ,0 ,0 ,0 ,0 ,0 ,0 ,0 ,無,0 ,,,,,,
352152,KOEN33003000,山口県周南市,三丘徳修公園1,ミツオトクシュウコウエン1,,352152,,山口県周南市大字安田547番3外,山口県,周南市,大字安田,547番3外,,公園内,34.034663,131.981437,,,2 ,1 ,1 ,0 ,0 ,0 ,1 ,1 ,0 ,0 ,0 ,0 ,0 ,0 ,0 ,0 ,0 ,0 ,0 ,0 ,0 ,0 ,無,0 ,,,,,,
352152,KOEN33003001,山口県周南市,三丘徳修公園2,ミツオトクシュウコウエン2,,352152,,山口県周南市大字安田547番3外,山口県,周南市,大字安田,547番3外,,公園内,34.03466,131.980651,,,4 ,3 ,1 ,0 ,0 ,0 ,3 ,3 ,0 ,0 ,0 ,0 ,0 ,0 ,0 ,0 ,1 ,0 ,0 ,0 ,0 ,1 ,無,0 ,,,,,,
352152,KOEN33004000,山口県周南市,高水近隣公園,タカミズキンリンコウエン,,352152,,山口県周南市大字樋口565番1外,山口県,周南市,大字樋口,565番1外,,公園内,34.060369,131.975631,,,3 ,2 ,1 ,0 ,0 ,0 ,2 ,2 ,0 ,0 ,0 ,0 ,0 ,0 ,0 ,0 ,1 ,1 ,0 ,0 ,0 ,1 ,無,0 ,,,,,,
352152,KOEN33304000,山口県周南市,東川緑地公園,ヒガシガワリョクチコウエン,,352152,,山口県周南市桜馬場通二丁目外,山口県,周南市,桜馬場通二丁目外,,,公園内,34.046884,131.808692,,,4 ,3 ,1 ,0 ,0 ,0 ,2 ,1 ,1 ,0 ,0 ,0 ,0 ,0 ,0 ,0 ,1 ,0 ,0 ,0 ,0 ,1 ,無,0 ,,,,,,
352152,KOEN33305000,山口県周南市,秋月公園,アキヅキコウエン,,352152,,山口県周南市秋月二丁目26番,山口県,周南市,秋月二丁目,26番,,公園内,34.057475,131.828426,,,3 ,2 ,1 ,0 ,0 ,0 ,2 ,2 ,0 ,0 ,0 ,0 ,0 ,0 ,0 ,0 ,0 ,0 ,0 ,0 ,0 ,0 ,無,0 ,,,,,,
352152,KOEN33306000,山口県周南市,周陽公園,シュウヨウコウエン,,352152,,山口県周南市周陽三丁目17番,山口県,周南市,周陽三丁目,17番,,公園内,34.04481,131.829187,,,3 ,2 ,1 ,0 ,0 ,0 ,2 ,2 ,0 ,0 ,0 ,0 ,0 ,0 ,0 ,0 ,1 ,0 ,0 ,0 ,0 ,1 ,無,0 ,,,,,,
352152,KOEN33307000,山口県周南市,城ヶ丘公園,ジョウガオカコウエン,,352152,,山口県周南市城ケ丘五丁目27番,山口県,周南市,城ケ丘五丁目,27番,,公園内,34.044801,131.842406,,,4 ,3 ,1 ,0 ,0 ,0 ,3 ,3 ,0 ,0 ,0 ,0 ,0 ,0 ,0 ,0 ,1 ,0 ,0 ,0 ,0 ,1 ,無,0 ,,,,,,
352152,KOEN33308000,山口県周南市,速玉公園1,ハヤタマコウエン1,,352152,,山口県周南市速玉町2132番15外,山口県,周南市,速玉町,2132番15外,,公園内,34.045459,131.810141,,,5 ,3 ,2 ,0 ,0 ,0 ,2 ,2 ,0 ,0 ,0 ,0 ,0 ,0 ,0 ,0 ,0 ,0 ,0 ,0 ,0 ,0 ,無,0 ,,,,,,
352152,KOEN33308001,山口県周南市,速玉公園2,ハヤタマコウエン2,,352152,,山口県周南市速玉町2132番15外,山口県,周南市,速玉町,2132番15外,,公園内,34.044644,131.810943,,,2 ,1 ,1 ,0 ,0 ,0 ,1 ,1 ,0 ,0 ,0 ,0 ,0 ,0 ,0 ,0 ,1 ,0 ,0 ,0 ,0 ,1 ,無,0 ,,,,,,
352152,KOEN33309000,山口県周南市,二葉屋開作公園1,フタバカイサクコウエン1,,352152,,山口県周南市大字栗屋字二葉屋開作1035番7外,山口県,周南市,大字栗屋字二葉屋開作,1035番7外,,公園内,34.013437,131.836282,,,3 ,2 ,1 ,0 ,0 ,0 ,2 ,2 ,0 ,0 ,0 ,0 ,0 ,0 ,0 ,0 ,1 ,0 ,0 ,0 ,0 ,1 ,無,0 ,,,,,,
352152,KOEN33309001,山口県周南市,二葉屋開作公園2,フタバカイサクコウエン2,,352152,,山口県周南市大字栗屋字二葉屋開作1035番7外,山口県,周南市,大字栗屋字二葉屋開作,1035番7外,,公園内,34.014021,131.834238,,,0 ,0 ,0 ,0 ,0 ,0 ,0 ,0 ,0 ,0 ,0 ,1 ,1 ,0 ,0 ,0 ,1 ,0 ,0 ,0 ,0 ,1 ,無,0 ,,,,,,
352152,KOEN33311000,山口県周南市,沢田公園,サワダコウエン,,352152,,山口県周南市大字久米字沢田築地,山口県,周南市,大字久米字沢田築地,,,公園内,34.033738,131.845883,,,0 ,0 ,0 ,0 ,0 ,0 ,0 ,0 ,0 ,0 ,0 ,1 ,1 ,0 ,0 ,0 ,0 ,0 ,0 ,0 ,0 ,0 ,無,0 ,,,,,,
352152,KOEN33313000,山口県周南市,華西公園1,カセイコウエン1,,352152,,山口県周南市新清光台2丁目777番785外,山口県,周南市,新清光台2丁目,777番785外,,公園内,34.021427,131.824574,,,0 ,0 ,0 ,0 ,0 ,0 ,0 ,0 ,0 ,0 ,0 ,1 ,1 ,0 ,0 ,0 ,1 ,0 ,0 ,0 ,0 ,1 ,無,0 ,,,,,,
352152,KOEN33313001,山口県周南市,華西公園2,カセイコウエン2,,352152,,山口県周南市新清光台2丁目777番785外,山口県,周南市,新清光台2丁目,777番785外,,公園内,34.02281,131.826437,,,3 ,2 ,1 ,0 ,0 ,0 ,2 ,2 ,0 ,0 ,0 ,0 ,0 ,0 ,0 ,0 ,1 ,0 ,0 ,0 ,0 ,1 ,無,0 ,,,,,,
352152,KOEN34310000,山口県周南市,金剛山公園,コンゴウザンコウエン,,352152,,山口県周南市東北山一丁目6830番2外,山口県,周南市,東北山一丁目,6830番2外,,公園内,34.068071,131.808438,,,0 ,0 ,0 ,0 ,0 ,0 ,0 ,0 ,0 ,0 ,0 ,1 ,1 ,0 ,0 ,0 ,1 ,0 ,0 ,0 ,0 ,1 ,無,0 ,,,,,,
352152,KOEN35312000,山口県周南市,大津島公園,オオツシマコウエン,,352152,,山口県周南市大字大津島字西明神（国有地）,山口県,周南市,大字大津島字西明神,,（国有地）,公園内,33.98991,131.719961,,,3 ,2 ,1 ,0 ,0 ,0 ,1 ,1 ,0 ,0 ,0 ,0 ,0 ,0 ,0 ,0 ,1 ,0 ,0 ,0 ,0 ,1 ,無,0 ,,,,,,
352152,KOEN43201000,山口県周南市,天神山公園（清流通り）,テンジンヤマコウエンセイリュウドオリ,,352152,,山口県周南市大字鹿野上,山口県,周南市,大字鹿野上,,,清流通り,34.233717,131.815991,,,3 ,2 ,1 ,0 ,0 ,0 ,2 ,1 ,1 ,2 ,0 ,0 ,0 ,0 ,0 ,0 ,1 ,0 ,0 ,0 ,0 ,1 ,無,0 ,,,,,,
352152,KOEN43201001,山口県周南市,天神山公園（ふれあい）,テンジンヤマコウエンフレアイ,,352152,,山口県周南市大字鹿野上,山口県,周南市,大字鹿野上,,,ふれあい広場,34.233054,131.819169,,,2 ,1 ,1 ,0 ,0 ,0 ,1 ,1 ,0 ,0 ,0 ,0 ,0 ,0 ,0 ,0 ,1 ,0 ,0 ,0 ,0 ,1 ,無,0 ,,,,,,
352152,KOEN43201002,山口県周南市,天神山公園（ﾃﾆｽ）,テンジンヤマコウエンテニス,,352152,,山口県周南市大字鹿野上,山口県,周南市,大字鹿野上,,,テニスコート,34.241128,131.816415,,,1 ,1 ,0 ,0 ,0 ,0 ,1 ,1 ,0 ,0 ,0 ,0 ,0 ,0 ,0 ,0 ,1 ,0 ,0 ,0 ,0 ,1 ,無,0 ,,,,,,
352152,KOEN55401000,山口県周南市,永源山公園駐車場,エイゲンザンコウエンチュウシャジョウ,,352152,,山口県周南市大字富田字永源,山口県,周南市,大字富田字永源,,,第一駐車場横,34.078952,131.769195,,,4 ,2 ,2 ,0 ,0 ,0 ,2 ,2 ,0 ,0 ,0 ,0 ,0 ,0 ,0 ,0 ,1 ,0 ,0 ,0 ,0 ,1 ,無,0 ,,,,,,
352152,KOEN55401001,山口県周南市,永源山公園幼児広場,エイゲンザンコウエンヨウジヒロバ,,352152,,山口県周南市大字富田字永源,山口県,周南市,大字富田字永源,,,幼児広場横,34.077204,131.769601,,,4 ,3 ,1 ,0 ,0 ,0 ,2 ,2 ,0 ,0 ,0 ,0 ,0 ,0 ,0 ,0 ,1 ,0 ,1 ,0 ,0 ,1 ,無,0 ,,,,,,
352152,KOEN55401002,山口県周南市,永源山公園母と子の広場,エイゲンザンコウエンハハトコノヒロバ,,352152,,山口県周南市大字富田字永源,山口県,周南市,大字富田字永源,,,母と子の広場ステージ横,34.076144,131.768602,,,4 ,3 ,1 ,0 ,0 ,0 ,2 ,2 ,0 ,0 ,0 ,0 ,0 ,0 ,0 ,0 ,0 ,0 ,0 ,0 ,0 ,0 ,無,0 ,,,,,,
352152,KOEN55401003,山口県周南市,永源山公園展望広場,エイゲンザンコウエンテンボウヒロバ,,352152,,山口県周南市大字富田字永源,山口県,周南市,大字富田字永源,,,ゆめ風車展望広場,34.076698,131.766889,,,5 ,3 ,1 ,1 ,0 ,0 ,5 ,3 ,2 ,0 ,0 ,0 ,0 ,0 ,0 ,0 ,1 ,0 ,0 ,0 ,0 ,1 ,無,0 ,,,,,,
352152,KOEN62001000,山口県周南市,大河内緑地,オオカワチリョクチ,,352152,,山口県周南市大字大河内2072番2外,山口県,周南市,大字大河内,2072番2外,,公園内,34.03083,131.934264,,,3 ,2 ,1 ,0 ,0 ,0 ,2 ,1 ,1 ,0 ,0 ,0 ,0 ,0 ,0 ,0 ,0 ,0 ,0 ,0 ,0 ,0 ,無,0 ,,,,,,
352152,KOEN62902000,山口県周南市,長田東緑地,ナガタヒガシリョクチ,,352152,,山口県周南市長田町2220番337,山口県,周南市,長田町,2220番337,,公園内,34.06349,131.726037,,,0 ,0 ,0 ,0 ,0 ,0 ,0 ,0 ,0 ,0 ,0 ,1 ,1 ,0 ,0 ,0 ,0 ,0 ,0 ,0 ,0 ,0 ,無,0 ,,,,,,
352152,KOEN72406000,山口県周南市,辰尾公園,タツオコウエン,,352152,,山口県周南市大字福川,山口県,周南市,大字福川,,,園路階段途中,34.075244,131.734267,,,0 ,0 ,0 ,0 ,0 ,0 ,0 ,0 ,0 ,0 ,0 ,1 ,1 ,0 ,0 ,0 ,0 ,0 ,0 ,0 ,0 ,0 ,無,0 ,,,,,,
352152,KOEN84304000,山口県周南市,大迫田墓地公園,オオサコタボチコウエン,,352152,,山口県周南市大字徳山字久米ヶ丘425番1外,山口県,周南市,大字徳山字久米ヶ丘,425番1外,,公園内,34.041661,131.835854,,,0 ,0 ,0 ,0 ,0 ,0 ,0 ,0 ,0 ,0 ,0 ,1 ,1 ,0 ,0 ,0 ,0 ,0 ,0 ,0 ,0 ,0 ,無,0 ,,,,,,
352152,KOEN86301000,山口県周南市,周南緑地(東)1,シュウナンリョクチ1,,352152,,山口県周南市大字徳山外,山口県,周南市,大字徳山外,,,サッカー場横,34.038164,131.832483,,,4 ,3 ,1 ,0 ,0 ,0 ,2 ,2 ,0 ,0 ,0 ,0 ,0 ,0 ,0 ,0 ,1 ,0 ,0 ,0 ,0 ,1 ,無,0 ,,,,,,
352152,KOEN86301001,山口県周南市,周南緑地(東)2,シュウナンリョクチ2,,352152,,山口県周南市大字徳山外,山口県,周南市,大字徳山外,,,第2、第3グラウンド横,34.040938,131.833498,,,5 ,3 ,1 ,1 ,0 ,0 ,3 ,2 ,1 ,1 ,0 ,0 ,0 ,0 ,0 ,0 ,2 ,0 ,2 ,0 ,0 ,2 ,無,0 ,,,,,,
352152,KOEN86301002,山口県周南市,周南緑地(東)3,シュウナンリョクチ3,,352152,,山口県周南市大字徳山外,山口県,周南市,大字徳山外,,,桜の森横,34.043504,131.833717,,,2 ,1 ,1 ,0 ,0 ,0 ,3 ,3 ,0 ,0 ,0 ,0 ,0 ,0 ,0 ,0 ,0 ,0 ,0 ,0 ,0 ,0 ,無,0 ,,,,,,
352152,KOEN86301104,山口県周南市,周南緑地(中央)4,シュウナンリョクチ4,,352152,,山口県周南市大字徳山外,山口県,周南市,大字徳山外,,,野球場,34.04078,131.826278,,,5 ,3 ,2 ,0 ,0 ,0 ,4 ,4 ,0 ,0 ,0 ,0 ,0 ,0 ,0 ,0 ,1 ,0 ,0 ,0 ,0 ,1 ,無,0 ,,,,,,
352152,KOEN86301105,山口県周南市,周南緑地(中央)5,シュウナンリョクチ5,,352152,,山口県周南市大字徳山外,山口県,周南市,大字徳山外,,,陸上競技場東駐車場内,34.041298,131.828227,,,4 ,3 ,1 ,0 ,0 ,0 ,3 ,2 ,1 ,0 ,0 ,0 ,0 ,0 ,0 ,0 ,0 ,0 ,0 ,0 ,0 ,0 ,無,0 ,,,,,,
352152,KOEN86301107,山口県周南市,周南緑地(中央)7,シュウナンリョクチ7,,352152,,山口県周南市大字徳山外,山口県,周南市,大字徳山外,,,フレンドパーク,34.04378,131.826991,,,4 ,3 ,1 ,0 ,0 ,0 ,3 ,3 ,0 ,0 ,0 ,0 ,0 ,0 ,0 ,0 ,0 ,0 ,0 ,0 ,0 ,0 ,無,0 ,,,,,,
352152,KOEN86301115,山口県周南市,周南緑地(中央)15,シュウナンリョクチ15,,352152,,山口県周南市大字徳山外,山口県,周南市,大字徳山外,,,補助グラウンド横,34.043552,131.826988,,,6 ,4 ,1 ,1 ,2 ,0 ,3 ,2 ,1 ,1 ,1 ,0 ,0 ,0 ,0 ,0 ,2 ,2 ,2 ,0 ,2 ,2 ,無,0 ,8:30,18:30,,,,
352152,KOEN86301208,山口県周南市,周南緑地(西)8,シュウナンリョクチ8,,352152,,山口県周南市大字徳山,山口県,周南市,大字徳山,,,ひょうたん池,34.048262,131.824061,,,4 ,3 ,1 ,0 ,0 ,0 ,3 ,2 ,1 ,0 ,0 ,0 ,0 ,0 ,0 ,0 ,1 ,1 ,1 ,0 ,1 ,1 ,無,0 ,,,,,,
352152,KOEN86301209,山口県周南市,周南緑地(西)9,シュウナンリョクチ9,,352152,,山口県周南市大字徳山,山口県,周南市,大字徳山,,,大内町側入口,34.050535,131.823828,,,4 ,3 ,1 ,0 ,0 ,0 ,3 ,2 ,1 ,0 ,0 ,0 ,0 ,0 ,0 ,0 ,0 ,0 ,0 ,0 ,0 ,0 ,無,0 ,,,,,,
352152,KOEN86301210,山口県周南市,周南緑地(西)10,シュウナンリョクチ10,,352152,,山口県周南市大字徳山,山口県,周南市,大字徳山,,,グラウンド内,34.049577,131.820682,,,5 ,3 ,2 ,0 ,0 ,0 ,3 ,3 ,0 ,0 ,0 ,0 ,0 ,0 ,0 ,0 ,0 ,0 ,0 ,0 ,0 ,0 ,無,0 ,,,,,,
352152,KOEN86301211,山口県周南市,周南緑地(西)11,シュウナンリョクチ11,,352152,,山口県周南市大字徳山,山口県,周南市,大字徳山,,,万葉の森横,34.051522,131.818584,,,0 ,0 ,0 ,0 ,0 ,0 ,0 ,0 ,0 ,0 ,0 ,2 ,1 ,1 ,0 ,0 ,0 ,0 ,0 ,0 ,0 ,0 ,無,0 ,,,,,,
352152,KOEN86301212,山口県周南市,周南緑地(西)12,シュウナンリョクチ12,,352152,,山口県周南市大字徳山,山口県,周南市,大字徳山,,,大賀ハス池入口,34.050466,131.817711,,,4 ,3 ,1 ,0 ,0 ,0 ,3 ,3 ,0 ,0 ,0 ,0 ,0 ,0 ,0 ,0 ,0 ,0 ,0 ,0 ,0 ,0 ,無,0 ,,,,,,
352152,KOEN86301313,山口県周南市,横浜緑地13,ヨコハマリョクチ13,,352152,,山口県周南市横浜町,山口県,周南市,横浜町,,,公園内,34.034602,131.827,,,3 ,2 ,1 ,0 ,0 ,0 ,2 ,2 ,0 ,0 ,0 ,0 ,0 ,0 ,0 ,0 ,0 ,0 ,0 ,0 ,0 ,0 ,無,0 ,,,,,,
352152,KOEN86301414,山口県周南市,遠石緑地14,トイシリョクチ14,,352152,,山口県周南市遠石一丁目,山口県,周南市,遠石一丁目,,,公園内,34.041609,131.816945,,,3 ,2 ,1 ,0 ,0 ,0 ,2 ,2 ,0 ,0 ,0 ,0 ,0 ,0 ,0 ,0 ,1 ,0 ,0 ,0 ,0 ,1 ,無,0 ,,,,,,
352152,KOEN90000000,山口県周南市,西河内農村公園,ニシコウチノウソンコウエン,,352152,,山口県周南市大字鹿野上,山口県,周南市,大字鹿野上,,,公園内,34.252051,131.799923,,,0 ,0 ,0 ,0 ,0 ,0 ,0 ,0 ,0 ,0 ,0 ,1 ,1 ,0 ,0 ,0 ,0 ,0 ,0 ,0 ,0 ,0 ,無,0 ,,,,,,
352152,KOEN90000001,山口県周南市,石船農村公園,イシフネノウソンコウエン,,352152,,山口県周南市大字鹿野上,山口県,周南市,大字鹿野上,,,公園内,34.249047,131.829104,,,0 ,0 ,0 ,0 ,0 ,0 ,0 ,0 ,0 ,0 ,0 ,1 ,1 ,0 ,0 ,0 ,0 ,0 ,0 ,0 ,0 ,0 ,無,0 ,,,,,,
352152,KOEN90000002,山口県周南市,大泉農村公園,オオイズミノウソンコウエン,,352152,,山口県周南市大字鹿野下,山口県,周南市,大字鹿野下,,,公園内,34.206615,131.813798,,,0 ,0 ,0 ,0 ,0 ,0 ,0 ,0 ,0 ,0 ,0 ,1 ,1 ,0 ,0 ,0 ,0 ,0 ,0 ,0 ,0 ,0 ,無,0 ,,,,,,
352152,KOEN90000003,山口県周南市,本町農村公園,ホンマチノウソンコウエン,,352152,,山口県周南市大字鹿野上,山口県,周南市,大字鹿野上,,,公園内,34.229157,131.817488,,,0 ,0 ,0 ,0 ,0 ,0 ,0 ,0 ,0 ,0 ,0 ,1 ,1 ,0 ,0 ,0 ,0 ,0 ,0 ,0 ,0 ,0 ,無,0 ,,,,,,
