番号,施設名称,施設の種別,緯度,経度,郵便番号,住所,電話番号,利用可能日,利用可能開始時間,利用可能終了時間,設置階数,ドアの種別,ドアの属性,ドアのガラスの有無,便座スペースの方向,手すりの形状,補助器具等の有無と形状,非常用ボタンの有無,手洗い場下面における床からの高さ,鏡の有無,水道・自動か手動か,水道・手動の場合のハンドルの形状,温水の有無,石鹸の種類,照明・自動か手動か,照明・スイッチの床からの高さ,トイレットペーパーの床からの高さ,ウォシュレットの有無,ウォシュレットのスイッチの床からの高さ,水洗・自動か手動か,水洗用のスイッチまたはレバーの場所（未使用）,坂の有無,舗装の有無,スロープの有無,段差の有無,階段の有無,エレベータの有無,障がい者用駐車場の有無,駐車場台数,トイレまでの屋根の有無,オストメイトの有無,オムツ替え台の有無,ベビーチェアの有無,荷物や服等をかけるフックの有無,その他複雑な操作を必要とする機能の有無,画像,画像1,画像2,画像3,画像4,
1,うべスタートアップ,,33.95555492,131.2414899,755-0045,山口県宇部市中央町３丁目１０－１,0836-39-5010,月-日    ※木曜、12月29日～1月3日,11時（月-金）・10時（土・日・祝）,19時（月-金）・18時（土・日・祝）,1階,引き戸,手動,有,左,可動式手すり,無,無,76cm,有,手動,プッシュ,水のみ,泡（手動）,自動,,50,有,40,手動（レバー）,,無,無,有,有,無,無,無,-,無,無,無,無,無,無,https://yamaguchi-opendata.jp/ckan/file-upload-system/35202/multipurpose_toilet/toilet_001_03.jpg,https://yamaguchi-opendata.jp/ckan/file-upload-system/35202/multipurpose_toilet/toilet_001_01.jpg,https://yamaguchi-opendata.jp/ckan/file-upload-system/35202/multipurpose_toilet/toilet_001_02.jpg,https://yamaguchi-opendata.jp/ckan/file-upload-system/35202/multipurpose_toilet/toilet_001_04.jpg,,
2,ヒストリア宇部,文化・教育施設,33.95101,131.246063,755-0029,山口県宇部市新天町一丁目1番1号,0836-37-1400,月-日　※第2火曜、臨時休館日を除く,9時,施設の利用状況により異なりますので、お問い合わせください。,1階,引き戸,手動,有,右,L字手すり、可動式手すり,可動式手すり,有,75cm,有,自動・オストメイトは手動,オストメイトは左右に動かすレバー,水のみ・オストメイトは水とお湯,泡（手動）・オストメイトは液体,自動,-,85cm,有,110cm,自動（センサー）,,無,-,有,無,有,有,有,2台,無,有,無,有,有,無,https://yamaguchi-opendata.jp/ckan/file-upload-system/35202/multipurpose_toilet/toilet_002_03.jpg,https://yamaguchi-opendata.jp/ckan/file-upload-system/35202/multipurpose_toilet/toilet_002_01.jpg,https://yamaguchi-opendata.jp/ckan/file-upload-system/35202/multipurpose_toilet/toilet_002_02.jpg,https://yamaguchi-opendata.jp/ckan/file-upload-system/35202/multipurpose_toilet/toilet_002_04.jpg,,
3,多世代交流スペース,交流スペース,33.955342,131.240986,755-0045,山口県宇部市中央町三丁目8番20号,0836-39-6907,月-日,10時・11時（日のみ）,21時・16時（日のみ）,1階,引き戸,手動,有,左,L字手すり、可動式手すり,可動式手すり・背もたれ,有,73cm,有,自動,-,水のみ,無,自動,-,85㎝,無,-,手動（レバー）,,無,-,有,無,無,無,無,-,無,無,無,有,有,無,https://yamaguchi-opendata.jp/ckan/file-upload-system/35202/multipurpose_toilet/toilet_003_03.jpg,https://yamaguchi-opendata.jp/ckan/file-upload-system/35202/multipurpose_toilet/toilet_003_01.jpg,https://yamaguchi-opendata.jp/ckan/file-upload-system/35202/multipurpose_toilet/toilet_003_02.jpg,https://yamaguchi-opendata.jp/ckan/file-upload-system/35202/multipurpose_toilet/toilet_003_04.jpg,,
4,宇部市学びの森くすのき,文化・教育施設,34.044996,131.223775,757-0216,山口県宇部市大字船木字内番田361番地6,0836-67-1277,火-日　※月末休館日、年末年始を除く,9時,19時（火-金）・18時（土・日・祝）,1階,引き戸,手動,有,右,L字手すり、可動式手すり,無,有,72cm,有,自動・手動も有,ボタン,水のみ,液体,自動,-,便座傍90㎝・オストメイト傍83cm,有,110㎝,手動（スイッチ）,,無,-,無,無,無,無,有,2台,有,有,有（多用途台）,無,無,無,https://yamaguchi-opendata.jp/ckan/file-upload-system/35202/multipurpose_toilet/toilet_004_03.jpg,https://yamaguchi-opendata.jp/ckan/file-upload-system/35202/multipurpose_toilet/toilet_004_01.jpg,https://yamaguchi-opendata.jp/ckan/file-upload-system/35202/multipurpose_toilet/toilet_004_02.jpg,https://yamaguchi-opendata.jp/ckan/file-upload-system/35202/multipurpose_toilet/toilet_004_04.jpg,,
5,宇部市まちなか環境学習館（中央街区公園）,文化・教育施設（公園）,33.954125,131.241889,755-0045,山口県宇部市中央町二丁目11番21号,0836-39-8110,施設の開閉に限らず利用可,施設の開閉に限らず利用可,施設の開閉に限らず利用可,中央街区公園トイレ（建物裏側に入口あり）,引き戸,手動,有,左,L字手すり、可動式手すり,無,有,70cm,無,手動,左右に動かすレバー,水のみ,無,手動,82cm,87cm,無,-,手動（レバー）,,無,-,無,無,無,無,無,-,無,無,無,無,無,無,https://yamaguchi-opendata.jp/ckan/file-upload-system/35202/multipurpose_toilet/toilet_005_03.jpg,https://yamaguchi-opendata.jp/ckan/file-upload-system/35202/multipurpose_toilet/toilet_005_01.jpg,https://yamaguchi-opendata.jp/ckan/file-upload-system/35202/multipurpose_toilet/toilet_005_02.jpg,https://yamaguchi-opendata.jp/ckan/file-upload-system/35202/multipurpose_toilet/toilet_005_04.jpg,,
6,多世代ふれあいセンター（1階）,文化・教育施設,33.953128,131.252694,755-0033,山口県宇部市琴芝町二丁目4番25号,0836-22-4371,月-日　※毎月第３水曜日、年末年始を除く,9時,22時,1階,引き戸,手動,有,右,L字手すり、可動式手すり,可動式手すり,有,70cm,有,手動,左右に動かすレバー,水のみ,固形,手動,95cm,100cm,無,-,手動（スイッチ）,,無,-,有,無,無,有,有,2台,有,無,無,無,有,無,https://yamaguchi-opendata.jp/ckan/file-upload-system/35202/multipurpose_toilet/toilet_006_03.jpg,https://yamaguchi-opendata.jp/ckan/file-upload-system/35202/multipurpose_toilet/toilet_006_01.jpg,https://yamaguchi-opendata.jp/ckan/file-upload-system/35202/multipurpose_toilet/toilet_006_02.jpg,https://yamaguchi-opendata.jp/ckan/file-upload-system/35202/multipurpose_toilet/toilet_006_04.jpg,,
7,多世代ふれあいセンター（２階①）,文化・教育施設,33.953128,131.252694,755-0033,山口県宇部市琴芝町二丁目4番25号,0836-22-4371,月-日　※毎月第３水曜日、年末年始を除く,9時,22時,2階,引き戸,手動,無,右,L字手すり、可動式手すり,可動式手すり・背もたれ,有,70cm,有,自動,-,水とお湯,固形,手動,95cm,100cm,有,80cm,手動（スイッチ）,,無,-,有,無,無,有,有,2台,有,有,無,無,有,無,https://yamaguchi-opendata.jp/ckan/file-upload-system/35202/multipurpose_toilet/toilet_007_03.jpg,https://yamaguchi-opendata.jp/ckan/file-upload-system/35202/multipurpose_toilet/toilet_007_01.jpg,https://yamaguchi-opendata.jp/ckan/file-upload-system/35202/multipurpose_toilet/toilet_007_02.jpg,https://yamaguchi-opendata.jp/ckan/file-upload-system/35202/multipurpose_toilet/toilet_007_04.jpg,,
8,多世代ふれあいセンター（２階②）,文化・教育施設,33.953128,131.252694,755-0033,山口県宇部市琴芝町二丁目4番25号,0836-22-4371,月-日　※毎月第３水曜日、年末年始を除く,9時,22時,2階,引き戸,手動,無,右,L字手すり、可動式手すり,可動式手すり・背もたれ,有,70cm,有,自動,-,水とお湯,固形,手動,95cm,100cm,有,80cm,手動（スイッチ）,,無,-,有,無,無,有,有,2台,有,無,無,無,有,無,https://yamaguchi-opendata.jp/ckan/file-upload-system/35202/multipurpose_toilet/toilet_008_03.jpg,https://yamaguchi-opendata.jp/ckan/file-upload-system/35202/multipurpose_toilet/toilet_008_01.jpg,https://yamaguchi-opendata.jp/ckan/file-upload-system/35202/multipurpose_toilet/toilet_008_02.jpg,https://yamaguchi-opendata.jp/ckan/file-upload-system/35202/multipurpose_toilet/toilet_008_04.jpg,,
9,多世代ふれあいセンター（3階）,文化・教育施設,33.953128,131.252694,755-0033,山口県宇部市琴芝町二丁目4番25号,0836-22-4371,月-日　※毎月第３水曜日、年末年始を除く,9時,22時,3階,引き戸,手動,無,右,L字手すり、可動式手すり,可動式手すり・背もたれ,有,70cm,有,自動,-,水のみ,固形,手動,95cm,90cm,有,55cm,手動（スイッチ）,,無,-,無,無,無,有,有,2台,無,無,無,無,有,無,https://yamaguchi-opendata.jp/ckan/file-upload-system/35202/multipurpose_toilet/toilet_009_03.jpg,https://yamaguchi-opendata.jp/ckan/file-upload-system/35202/multipurpose_toilet/toilet_009_01.jpg,https://yamaguchi-opendata.jp/ckan/file-upload-system/35202/multipurpose_toilet/toilet_009_02.jpg,https://yamaguchi-opendata.jp/ckan/file-upload-system/35202/multipurpose_toilet/toilet_009_04.jpg,https://yamaguchi-opendata.jp/ckan/file-upload-system/35202/multipurpose_toilet/toilet_009_05.jpg,
10,宇部市楠総合センター,文化・教育施設,34.045691,131.226519,757-0216,山口県宇部市大字船木字野田442番地11,0836-67-1200,月-日　※毎月第3火曜日、年末年始を除く,8時30分,22時,1階,引き戸,手動,無,右,L字手すり、可動式手すり,無,有,65cm,有,手動,左右に動かすレバー,水のみ,固形,手動,130cm,85cm,無,-,手動（スイッチ）,,無,-,無,無,無,有,有,2台,無,無,無,無,無,無,https://yamaguchi-opendata.jp/ckan/file-upload-system/35202/multipurpose_toilet/toilet_010_03.jpg,https://yamaguchi-opendata.jp/ckan/file-upload-system/35202/multipurpose_toilet/toilet_010_01.jpg,https://yamaguchi-opendata.jp/ckan/file-upload-system/35202/multipurpose_toilet/toilet_010_02.jpg,https://yamaguchi-opendata.jp/ckan/file-upload-system/35202/multipurpose_toilet/toilet_010_04.jpg,,
11,宇部市立図書館,文化・教育施設,33.955828,131.249452,755-0033,山口県宇部市琴芝町一丁目1番33号,0836-21-1966,火-日　※年末年始及び月末日を除く（詳細は図書館HPに掲載）,9時,18時（土・日・祝）・19時（平日）,1階,引き戸,手動,無,男性用トイレは右・女性用トイレは左,L字手すり、可動式手すり,無,有,75㎝,有,自動・オストメイトは手動,オストメイトはハンドルをまわして開閉,水のみ・オストメイトは水とお湯,固形,手動（開館時は常時点灯）,-,80㎝,有,80㎝,自動（センサー）・手動（スイッチ）も有,,無,-,無,無,無,有,有,2台,無,有,有（女性用トイレ及び館内授乳室）,有,無,無,https://yamaguchi-opendata.jp/ckan/file-upload-system/35202/multipurpose_toilet/toilet_011_03.jpg,https://yamaguchi-opendata.jp/ckan/file-upload-system/35202/multipurpose_toilet/toilet_011_01.jpg,https://yamaguchi-opendata.jp/ckan/file-upload-system/35202/multipurpose_toilet/toilet_011_02.jpg,https://yamaguchi-opendata.jp/ckan/file-upload-system/35202/multipurpose_toilet/toilet_011_04.jpg,https://yamaguchi-opendata.jp/ckan/file-upload-system/35202/multipurpose_toilet/toilet_011_05.jpg,
12,宇部市総合福祉会館,文化・教育施設,33.953056,131.253246,755-0033,山口県宇部市琴芝町二丁目4番20号,0836-33-3156,月-日　※毎月第3水曜日、12月29日から1月3日を除く,9時,22時,1階,引き戸,手動（スイッチ）,無,左,L字手すり、可動式手すり,無,有,80㎝,有,自動,-,水のみ,液体,手動,100㎝,60㎝,有,80㎝,手動（スイッチ）,,無,-,有,無,無,有,有,4台,無,無,有,無,無,無,https://yamaguchi-opendata.jp/ckan/file-upload-system/35202/multipurpose_toilet/toilet_012_03.jpg,https://yamaguchi-opendata.jp/ckan/file-upload-system/35202/multipurpose_toilet/toilet_012_01.jpg,https://yamaguchi-opendata.jp/ckan/file-upload-system/35202/multipurpose_toilet/toilet_012_02.jpg,https://yamaguchi-opendata.jp/ckan/file-upload-system/35202/multipurpose_toilet/toilet_012_04.jpg,https://yamaguchi-opendata.jp/ckan/file-upload-system/35202/multipurpose_toilet/toilet_012_05.jpg,
13,ときわミュージアム,博物館,33.94966679,131.2815328,755-0025,山口県宇部市野中三丁目4番29号,0836-37-2888,月・水-日　※火曜日が休日・祝日の場合その翌日が休館日,9時,17時,1階,引き戸,手動,有,左,L字手すり、可動式手すり,無,有,65cm,有,自動,-,水のみ,泡（手動）,自動,-,85ｃｍ,無,-,自動,,有,アスファルト,無,無,無,無,有,4台,無,無,有,有,無,無,https://yamaguchi-opendata.jp/ckan/file-upload-system/35202/multipurpose_toilet/toilet_013_03.jpg,https://yamaguchi-opendata.jp/ckan/file-upload-system/35202/multipurpose_toilet/toilet_013_01.jpg,https://yamaguchi-opendata.jp/ckan/file-upload-system/35202/multipurpose_toilet/toilet_013_02.jpg,https://yamaguchi-opendata.jp/ckan/file-upload-system/35202/multipurpose_toilet/toilet_013_04.jpg,,
14,パルセンター宇部,スポーツ・レクリエーション施設,33.97322,131.223182,755-0808,山口県宇部市西平原四丁目9番1号,0836-31-2212,月-日　※12月29日～1月3日を除く,9時,21時,1階,引き戸,自動,有,右,L字手すり、可動式手すり,可動式手すり,有,70cm,有,手動,左右に動かすレバー,水のみ,液体,手動,110cm,90cm,有,110cm,手動（スイッチ）,,無,-,有,無,有,無,有,2台,無,無,有,無,無,無,https://yamaguchi-opendata.jp/ckan/file-upload-system/35202/multipurpose_toilet/toilet_014_03.jpg,https://yamaguchi-opendata.jp/ckan/file-upload-system/35202/multipurpose_toilet/toilet_014_01.jpg,https://yamaguchi-opendata.jp/ckan/file-upload-system/35202/multipurpose_toilet/toilet_014_02.jpg,https://yamaguchi-opendata.jp/ckan/file-upload-system/35202/multipurpose_toilet/toilet_014_04.jpg,,
15,ときわ公園（正面入口付近）,公園,33.94551,131.284593,755-0001,山口県宇部市大字沖宇部２５４番地,0836-54-0551,月-日,24時間,24時間,-,引き戸,自動,有,右,L字手すり、可動式手すり,可動式手すり・背もたれ,有,65㎝,有,自動・オストメイトは手動,オストメイトは左右に動かすレバー,水のみ・オストメイトは水とお湯,無,自動,-,60㎝・85㎝,無,-,手動（スイッチ）,,無,-,無,無,無,無,有,3台,無,有,有,無,無,無,https://yamaguchi-opendata.jp/ckan/file-upload-system/35202/multipurpose_toilet/toilet_015_03.jpg,https://yamaguchi-opendata.jp/ckan/file-upload-system/35202/multipurpose_toilet/toilet_015_01.jpg,https://yamaguchi-opendata.jp/ckan/file-upload-system/35202/multipurpose_toilet/toilet_015_02.jpg,https://yamaguchi-opendata.jp/ckan/file-upload-system/35202/multipurpose_toilet/toilet_015_04.jpg,,
16,ときわ公園（石炭記念館付近）,公園,33.945619,131.285623,755-0001,山口県宇部市大字沖宇部２５４番地,0836-54-0551,月-日,24時間,24時間,-,引き戸,手動,有,左,L字手すり、可動式手すり,無,有,65㎝,有,手動,左右に動かすレバー,水のみ,無,自動,-,100㎝,無,-,手動（スイッチ）,,無,-,無,無,無,無,無,-,無,無,無,無,無,無,https://yamaguchi-opendata.jp/ckan/file-upload-system/35202/multipurpose_toilet/toilet_016_03.jpg,https://yamaguchi-opendata.jp/ckan/file-upload-system/35202/multipurpose_toilet/toilet_016_01.jpg,https://yamaguchi-opendata.jp/ckan/file-upload-system/35202/multipurpose_toilet/toilet_016_02.jpg,https://yamaguchi-opendata.jp/ckan/file-upload-system/35202/multipurpose_toilet/toilet_016_04.jpg,,
17,ときわ公園（花笑花壇付近）,公園,33.947173,131.284281,755-0001,山口県宇部市大字沖宇部２５４番地,0836-54-0551,月-日,24時間,24時間,-,引き戸,手動,有,左,L字手すり、可動式手すり,可動式手すり,有,65㎝,有,手動,左右に動かすレバー,水のみ,無,手動,95㎝,80㎝,有,100㎝,自動（センサー）・手動（レバー）,,有,コンクリート,有,無,無,無,無,-,無,無,無,無,無,無,https://yamaguchi-opendata.jp/ckan/file-upload-system/35202/multipurpose_toilet/toilet_017_03.jpg,https://yamaguchi-opendata.jp/ckan/file-upload-system/35202/multipurpose_toilet/toilet_017_01.jpg,https://yamaguchi-opendata.jp/ckan/file-upload-system/35202/multipurpose_toilet/toilet_017_02.jpg,https://yamaguchi-opendata.jp/ckan/file-upload-system/35202/multipurpose_toilet/toilet_017_04.jpg,,
18,ときわ公園（彫刻野外展示場付近）,公園,33.947547,131.282999,755-0001,山口県宇部市大字沖宇部２５４番地,0836-54-0551,月-日,24時間,24時間,-,引き戸,手動,有,右,L字手すり、可動式手すり,無,有,65㎝,有,手動,左右に動かすレバー,水のみ,無,自動,-,55㎝・85㎝,無,-,手動（スイッチ）,,有,アスファルト,有,無,有,無,無,-,無,無,有,無,無,無,https://yamaguchi-opendata.jp/ckan/file-upload-system/35202/multipurpose_toilet/toilet_018_03.jpg,https://yamaguchi-opendata.jp/ckan/file-upload-system/35202/multipurpose_toilet/toilet_018_01.jpg,https://yamaguchi-opendata.jp/ckan/file-upload-system/35202/multipurpose_toilet/toilet_018_02.jpg,https://yamaguchi-opendata.jp/ckan/file-upload-system/35202/multipurpose_toilet/toilet_018_04.jpg,,
19,ときわ公園（ボタン苑付近）,公園,33.950006,131.281328,755-0001,山口県宇部市大字沖宇部２５４番地,0836-54-0551,月-日,24時間,24時間,-,引き戸,手動,無,左,L字手すり、可動式手すり,無,有,65㎝,無,手動,左右に動かすレバー,水のみ,無,手動,85㎝,85㎝,無,-,手動（レバー）,,無,-,無,無,無,無,無,-,無,無,無,無,無,無,https://yamaguchi-opendata.jp/ckan/file-upload-system/35202/multipurpose_toilet/toilet_019_03.jpg,https://yamaguchi-opendata.jp/ckan/file-upload-system/35202/multipurpose_toilet/toilet_019_01.jpg,https://yamaguchi-opendata.jp/ckan/file-upload-system/35202/multipurpose_toilet/toilet_019_02.jpg,https://yamaguchi-opendata.jp/ckan/file-upload-system/35202/multipurpose_toilet/toilet_019_04.jpg,,
20,ときわ公園（しょうぶ苑付近）,公園,33.950619,131.280045,755-0001,山口県宇部市大字沖宇部２５４番地,0836-54-0551,月-日,24時間,24時間,-,引き戸,手動,有,右,L字手すり、可動式手すり,無,有,65㎝,有,手動,左右に動かすレバー,水のみ,無,自動,-,55㎝・85㎝,無,-,手動（スイッチ）,,無,-,有,無,無,無,無,-,無,無,無,無,無,無,https://yamaguchi-opendata.jp/ckan/file-upload-system/35202/multipurpose_toilet/toilet_020_03.jpg,https://yamaguchi-opendata.jp/ckan/file-upload-system/35202/multipurpose_toilet/toilet_020_01.jpg,https://yamaguchi-opendata.jp/ckan/file-upload-system/35202/multipurpose_toilet/toilet_020_02.jpg,https://yamaguchi-opendata.jp/ckan/file-upload-system/35202/multipurpose_toilet/toilet_020_04.jpg,,
21,ときわ公園（梅園付近）,公園,33.947321,131.287501,755-0001,山口県宇部市大字沖宇部２５４番地,0836-54-0551,月-日,24時間,24時間,-,引き戸,手動,無,左,L字手すり、可動式手すり,無,有,65㎝,無,手動,左右に動かすレバー,水のみ,無,自動,-,85㎝,無,-,手動（スイッチ）,,無,-,無,無,無,無,無,-,無,無,無,無,無,無,https://yamaguchi-opendata.jp/ckan/file-upload-system/35202/multipurpose_toilet/toilet_021_03.jpg,https://yamaguchi-opendata.jp/ckan/file-upload-system/35202/multipurpose_toilet/toilet_021_01.jpg,https://yamaguchi-opendata.jp/ckan/file-upload-system/35202/multipurpose_toilet/toilet_021_02.jpg,https://yamaguchi-opendata.jp/ckan/file-upload-system/35202/multipurpose_toilet/toilet_021_04.jpg,,
22,ときわ公園（ときわ少年キャンプ場）,公園,33.948987,131.288758,755-0001,山口県宇部市大字沖宇部２５４番地,0836-54-0551,月-日,24時間,24時間,-,引き戸,手動,有,左,L字手すり、可動式手すり,無,有,65㎝,有,自動,-,水のみ,無,自動,-,75㎝・110㎝,無,-,手動（スイッチ）,,無,-,無,無,無,無,無,-,無,無,無,無,無,無,https://yamaguchi-opendata.jp/ckan/file-upload-system/35202/multipurpose_toilet/toilet_022_03.jpg,https://yamaguchi-opendata.jp/ckan/file-upload-system/35202/multipurpose_toilet/toilet_022_01.jpg,https://yamaguchi-opendata.jp/ckan/file-upload-system/35202/multipurpose_toilet/toilet_022_02.jpg,https://yamaguchi-opendata.jp/ckan/file-upload-system/35202/multipurpose_toilet/toilet_022_04.jpg,,
23,ときわ公園（ときわ湖畔北キャンプ場）,公園,33.960938,131.290012,755-0001,山口県宇部市大字沖宇部２５４番地,0836-54-0551,月-日,24時間,24時間,-,引き戸,手動,有,右,L字手すり、可動式手すり,無,有,65㎝,有,手動,左右に動かすレバー,水のみ,無,手動,105㎝,80㎝,無,-,手動（スイッチ）,,無,-,有,無,無,無,無,-,無,無,無,無,無,無,https://yamaguchi-opendata.jp/ckan/file-upload-system/35202/multipurpose_toilet/toilet_023_03.jpg,https://yamaguchi-opendata.jp/ckan/file-upload-system/35202/multipurpose_toilet/toilet_023_01.jpg,https://yamaguchi-opendata.jp/ckan/file-upload-system/35202/multipurpose_toilet/toilet_023_02.jpg,https://yamaguchi-opendata.jp/ckan/file-upload-system/35202/multipurpose_toilet/toilet_023_04.jpg,,
24,ときわ動物園（ときわ動物園入口付近）,動物園,33.946253,131.283382,755-0001,山口県宇部市大字沖宇部２５４番地,0836-54-0551,月-日　※火を除く,9時30分,17時,-,引き戸,手動,無,右,L字手すり、可動式手すり,可動式手すり・背もたれ,有,65㎝,有,自動・オストメイトは手動,オストメイトは左右に動かすレバー,水のみ・オストメイトは水とお湯,液体,自動,-,80㎝,有,100㎝,手動（スイッチ）,,無,-,無,無,無,無,無,無,無,有,有,無,無,無,https://yamaguchi-opendata.jp/ckan/file-upload-system/35202/multipurpose_toilet/toilet_024_03.jpg,https://yamaguchi-opendata.jp/ckan/file-upload-system/35202/multipurpose_toilet/toilet_024_01.jpg,https://yamaguchi-opendata.jp/ckan/file-upload-system/35202/multipurpose_toilet/toilet_024_02.jpg,https://yamaguchi-opendata.jp/ckan/file-upload-system/35202/multipurpose_toilet/toilet_024_04.jpg,,
25,ときわ動物園（ときわ動物園内）,動物園,33.944817,131.282633,755-0001,山口県宇部市大字沖宇部２５４番地,0836-54-0551,月-日　※火を除く,9時30分,17時,-,引き戸,手動,無,右,L字手すり、可動式手すり,可動式手すり・背もたれ,有,65㎝,有,自動・オストメイトは手動,オストメイトは左右に動かすレバー,水のみ・オストメイトは水とお湯,液体,自動,-,75㎝,有,95㎝,手動（スイッチ）,,無,-,無,無,無,無,無,無,無,有,有,無,無,無,https://yamaguchi-opendata.jp/ckan/file-upload-system/35202/multipurpose_toilet/toilet_025_03.jpg,https://yamaguchi-opendata.jp/ckan/file-upload-system/35202/multipurpose_toilet/toilet_025_01.jpg,https://yamaguchi-opendata.jp/ckan/file-upload-system/35202/multipurpose_toilet/toilet_025_02.jpg,https://yamaguchi-opendata.jp/ckan/file-upload-system/35202/multipurpose_toilet/toilet_025_04.jpg,,
26,ときわ遊園地（ときわ遊園地内）,遊園地,33.945071,131.282609,755-0001,山口県宇部市大字沖宇部２５４番地,0836-54-0551,月-日　※火を除く,9時30分,17時,-,引き戸,手動,無,右,L字手すり、可動式手すり,可動式手すり・背もたれ,有,65㎝,有,自動・オストメイトは手動,オストメイトは左右に動かすレバー,水のみ・オストメイトは水とお湯,液体,自動,-,80㎝,有,100㎝,手動（スイッチ）,,無,-,無,無,無,無,無,無,無,有,有,無,無,無,https://yamaguchi-opendata.jp/ckan/file-upload-system/35202/multipurpose_toilet/toilet_026_03.jpg,https://yamaguchi-opendata.jp/ckan/file-upload-system/35202/multipurpose_toilet/toilet_026_01.jpg,https://yamaguchi-opendata.jp/ckan/file-upload-system/35202/multipurpose_toilet/toilet_026_02.jpg,https://yamaguchi-opendata.jp/ckan/file-upload-system/35202/multipurpose_toilet/toilet_026_04.jpg,,
27,ときわ公園（ときわレストハウス）,無料休憩施設,33.946852,131.283674,755-0001,山口県宇部市大字沖宇部２５４番地,0836-54-0551,月-日,9時,17時,1階,引き戸,手動,有,右,L字手すり、可動式手すり,無,有,65㎝,有,手動,左右に動かすレバー,水のみ,無,自動,-,75㎝,有,45㎝,手動（スイッチ）,,無,-,無,無,無,有,有,5台,無,無,無,無,無,無,https://yamaguchi-opendata.jp/ckan/file-upload-system/35202/multipurpose_toilet/toilet_027_03.jpg,https://yamaguchi-opendata.jp/ckan/file-upload-system/35202/multipurpose_toilet/toilet_027_01.jpg,https://yamaguchi-opendata.jp/ckan/file-upload-system/35202/multipurpose_toilet/toilet_027_02.jpg,https://yamaguchi-opendata.jp/ckan/file-upload-system/35202/multipurpose_toilet/toilet_027_04.jpg,,
28,ときわ公園（ときわ湖水ホール1階）,文化・教育施設,33.948085,131.287961,755-0001,山口県宇部市大字沖宇部２５４番地,0836-54-0551,月-日,9時,17時（施設利用予約あり）・22時（施設利用予約なし）,1階,引き戸,手動,有,左,L字手すり、可動式手すり,無,無,65㎝,有,手動,左右に動かすレバー,水のみ,固形,手動,100㎝,85㎝,無,-,手動（スイッチ）,,無,-,有,無,有,有,有,7台,無,無,無,無,無,無,https://yamaguchi-opendata.jp/ckan/file-upload-system/35202/multipurpose_toilet/toilet_028_03.jpg,https://yamaguchi-opendata.jp/ckan/file-upload-system/35202/multipurpose_toilet/toilet_028_01.jpg,https://yamaguchi-opendata.jp/ckan/file-upload-system/35202/multipurpose_toilet/toilet_028_02.jpg,https://yamaguchi-opendata.jp/ckan/file-upload-system/35202/multipurpose_toilet/toilet_028_04.jpg,,
29,ときわ公園（ときわ湖水ホール2階）,文化・教育施設,33.948085,131.287961,755-0001,山口県宇部市大字沖宇部２５４番地,0836-54-0551,月-日,9時,17時（施設利用予約あり）・22時（施設利用予約なし）,2階,引き戸,手動,有,右,L字手すり、可動式手すり,無,無,65㎝,有,手動,上下に動かすレバー,水のみ,無,手動,75㎝,85㎝,無,-,自動,,無,-,有,無,有,有,有,7台,無,無,無,無,無,無,https://yamaguchi-opendata.jp/ckan/file-upload-system/35202/multipurpose_toilet/toilet_029_03.jpg,https://yamaguchi-opendata.jp/ckan/file-upload-system/35202/multipurpose_toilet/toilet_029_01.jpg,https://yamaguchi-opendata.jp/ckan/file-upload-system/35202/multipurpose_toilet/toilet_029_02.jpg,https://yamaguchi-opendata.jp/ckan/file-upload-system/35202/multipurpose_toilet/toilet_029_04.jpg,,
30,西岐波市民センター,支所・市民センター,33.954578,131.312134,755-0153,山口県宇部市床波六丁目5番22号,0836-51-9001,月-金　※祝日、12月29日～1月3日を除く,8時30分,17時15分,１階,引き戸,手動,有,右,L字手すり、可動式手すり,可動式手すり,無,70ｃｍ,有,手動,左右に動かすレバー,水のみ,液体,手動,100ｃｍ,90ｃｍ,無,-,手動（スイッチ）,,無,-,有,有,有,無,有,2台,無,無,有,無,無,無,https://yamaguchi-opendata.jp/ckan/file-upload-system/35202/multipurpose_toilet/toilet_030_03.jpg,https://yamaguchi-opendata.jp/ckan/file-upload-system/35202/multipurpose_toilet/toilet_030_01.jpg,https://yamaguchi-opendata.jp/ckan/file-upload-system/35202/multipurpose_toilet/toilet_030_02.jpg,https://yamaguchi-opendata.jp/ckan/file-upload-system/35202/multipurpose_toilet/toilet_030_04.jpg,,
31,厚南市民センター,支所・市民センター,33.994162,131.217845,759-0212,山口県宇部市厚南中央三丁目１番２号,0836-41-8320,月-金　※祝日、12月29日～1月3日を除く,8時30分,17時15分,１階,引き戸,自動,有,右,L字手すり、可動式手すり,無,有,65㎝,有,手動,左右に動かすレバー,水のみ,液体,手動,78㎝,85㎝,無,-,手動（レバー）,,無,-,有,無,無,無,有,1台,無,無,有,無,無,無,https://yamaguchi-opendata.jp/ckan/file-upload-system/35202/multipurpose_toilet/toilet_031_03.jpg,https://yamaguchi-opendata.jp/ckan/file-upload-system/35202/multipurpose_toilet/toilet_031_01.jpg,https://yamaguchi-opendata.jp/ckan/file-upload-system/35202/multipurpose_toilet/toilet_031_02.jpg,https://yamaguchi-opendata.jp/ckan/file-upload-system/35202/multipurpose_toilet/toilet_031_04.jpg,,
32,原市民センター,支所・市民センター,33.971335,131.202569,759-0204,山口県宇部市大字妻崎開作1990番地,0836-41-8349,月-金　※祝日、12月29日～1月3日を除く,8時30分,17時15分,1階,引き戸,手動,有,左,L字手すり、可動式手すり,無,有,65ｃｍ,有,手動,左右に動かすレバー,水のみ,固形,自動,ー,90ｃｍ,無,-,手動（スイッチ）,,無,-,有,無,無,無,有,2台,無,無,有,無,無,無,https://yamaguchi-opendata.jp/ckan/file-upload-system/35202/multipurpose_toilet/toilet_032_03.jpg,https://yamaguchi-opendata.jp/ckan/file-upload-system/35202/multipurpose_toilet/toilet_032_01.jpg,https://yamaguchi-opendata.jp/ckan/file-upload-system/35202/multipurpose_toilet/toilet_032_02.jpg,https://yamaguchi-opendata.jp/ckan/file-upload-system/35202/multipurpose_toilet/toilet_032_04.jpg,,
33,常盤ふれあいセンター,ふれあいセンター・隣保館,33.944498,131.288426,755-0002,山口県宇部市亀浦一丁目1番50号,0836-22-1455,月-日　※12月29日～1月3日を除く,8時30分,22時,1階,引き戸,手動,有,左,L字手すり、可動式手すり,無,有,70㎝,有,手動,左右に動かすレバー,水のみ,泡（手動）,手動,115㎝,90㎝,無,-,手動（スイッチ）,,有,アスファルト,有,有,有,無,無,-,無,無,無,有,無,無,https://yamaguchi-opendata.jp/ckan/file-upload-system/35202/multipurpose_toilet/toilet_033_03.jpg,https://yamaguchi-opendata.jp/ckan/file-upload-system/35202/multipurpose_toilet/toilet_033_01.jpg,https://yamaguchi-opendata.jp/ckan/file-upload-system/35202/multipurpose_toilet/toilet_033_02.jpg,https://yamaguchi-opendata.jp/ckan/file-upload-system/35202/multipurpose_toilet/toilet_033_04.jpg,,
34,恩田ふれあいセンター,ふれあいセンター・隣保館,33.939507,131.271776,755-0004,山口県宇部市草江一丁目6番7号,0836-21-0349,月-日,24時間,24時間,恩田ふれあいセンター別館、簡易保険融資施設,引き戸,手動,有,右,L字手すり、可動式手すり,可動式手すり,無,65ｃｍ,有,手動,左右に動かすレバー,無,ハンドソープ,手動,110ｃｍ,85ｃｍ,有,100ｃｍ,手動（スイッチ）,,無,-,無,無,無,無,無,-,有,無,無,有,無,無,https://yamaguchi-opendata.jp/ckan/file-upload-system/35202/multipurpose_toilet/toilet_034_03.jpg,https://yamaguchi-opendata.jp/ckan/file-upload-system/35202/multipurpose_toilet/toilet_034_01.jpg,https://yamaguchi-opendata.jp/ckan/file-upload-system/35202/multipurpose_toilet/toilet_034_02.jpg,https://yamaguchi-opendata.jp/ckan/file-upload-system/35202/multipurpose_toilet/toilet_034_04.jpg,,
35,神原ふれあいセンター,ふれあいセンター・隣保館,33.947199,131.25385,755-0026,山口県宇部市松山町一丁目5番１6号,0836-32-6280,月-日　※12月29日～1月3日を除く,8時30分,20時,1階,引き戸,手動,有,左,L字手すり、可動式手すり,無,有,74㎝,有,手動,左右に動かすレバー,水のみ,液体,自動,-,88㎝,無,-,手動（スイッチ）,,有,アスファルト,有,無,無,無,有,2台,無,無,有,無,無,無,https://yamaguchi-opendata.jp/ckan/file-upload-system/35202/multipurpose_toilet/toilet_035_03.jpg,https://yamaguchi-opendata.jp/ckan/file-upload-system/35202/multipurpose_toilet/toilet_035_01.jpg,https://yamaguchi-opendata.jp/ckan/file-upload-system/35202/multipurpose_toilet/toilet_035_02.jpg,https://yamaguchi-opendata.jp/ckan/file-upload-system/35202/multipurpose_toilet/toilet_035_04.jpg,,
36,琴芝ふれあいセンター,ふれあいセンター・隣保館,33.952889,131.263271,755-0037,山口県宇部市西梶返二丁目10番1号,0836-21-1534,月-日　※12月29日～1月3日を除く,8時30分,22時,１階（出入口は建物外にある）,引き戸,手動,有,左,L字手すり、可動式手すり,無,有,65ｃｍ,有,手動,左右に動かすレバー,水のみ,液体,手動,65ｃｍ,65ｃｍ,無,-,手動（スイッチ）,,有,アスファルト,有,無,無,無,有,1台,無,無,無,無,無,無,https://yamaguchi-opendata.jp/ckan/file-upload-system/35202/multipurpose_toilet/toilet_036_03.jpg,https://yamaguchi-opendata.jp/ckan/file-upload-system/35202/multipurpose_toilet/toilet_036_01.jpg,https://yamaguchi-opendata.jp/ckan/file-upload-system/35202/multipurpose_toilet/toilet_036_02.jpg,https://yamaguchi-opendata.jp/ckan/file-upload-system/35202/multipurpose_toilet/toilet_036_04.jpg,,
37,川上ふれあいセンター,ふれあいセンター・隣保館,33.976482,131.279339,755-0084,山口県宇部市大字川上81番地1,0836-35-1150,月-日　※12月29日～1月3日を除く,8時30分,22時,１階,引き戸,手動,有,左,L字手すり、可動式手すり,可動式手すり,無,60ｃｍ,無,手動,左右に動かすレバー,水のみ,液体,手動,107ｃｍ,85ｃｍ,無,-,手動（スイッチ）,,無,-,有,無,有,無,無,-,無,無,無,無,無,無,https://yamaguchi-opendata.jp/ckan/file-upload-system/35202/multipurpose_toilet/toilet_037_03.jpg,https://yamaguchi-opendata.jp/ckan/file-upload-system/35202/multipurpose_toilet/toilet_037_01.jpg,https://yamaguchi-opendata.jp/ckan/file-upload-system/35202/multipurpose_toilet/toilet_037_02.jpg,https://yamaguchi-opendata.jp/ckan/file-upload-system/35202/multipurpose_toilet/toilet_037_04.jpg,,
38,鵜の島ふれあいセンター,ふれあいセンター・隣保館,33.962069,131.238047,755-0062,山口県宇部市鵜の島町7番6号,0836-31-1862,月-日　※12月29日～1月3日を除く,8時30分,22時,1階,引き戸,手動,無,左右両方,L字手すり、可動式手すり,無,有,77ｃｍ,無,手動,上下に動かすレバー,水のみ,液体,手動,100ｃｍ,85ｃｍ,無,-,手動（スイッチ）,,有,アスファルト,有,無,無,無,無,-,無,無,無,無,無,無,https://yamaguchi-opendata.jp/ckan/file-upload-system/35202/multipurpose_toilet/toilet_038_03.jpg,https://yamaguchi-opendata.jp/ckan/file-upload-system/35202/multipurpose_toilet/toilet_038_01.jpg,https://yamaguchi-opendata.jp/ckan/file-upload-system/35202/multipurpose_toilet/toilet_038_02.jpg,https://yamaguchi-opendata.jp/ckan/file-upload-system/35202/multipurpose_toilet/toilet_038_04.jpg,,
39,西宇部ふれあいセンター,ふれあいセンター・隣保館,34.005333,131.220297,759-0211,山口県宇部市西宇部北三丁目9番15号,0836-44-0878,月-日　※12月29日～1月3日を除く,8時30分,22時,１階,引き戸,手動,有,左,L字手すり、可動式手すり,無,有,67㎝,有,手動,左右に動かすレバー,水のみ,無,自動,-,90㎝,無,-,手動（レバー）,,無,-,有,無,無,無,有,2台,無,無,有,無,無,無,https://yamaguchi-opendata.jp/ckan/file-upload-system/35202/multipurpose_toilet/toilet_039_03.jpg,https://yamaguchi-opendata.jp/ckan/file-upload-system/35202/multipurpose_toilet/toilet_039_01.jpg,https://yamaguchi-opendata.jp/ckan/file-upload-system/35202/multipurpose_toilet/toilet_039_02.jpg,https://yamaguchi-opendata.jp/ckan/file-upload-system/35202/multipurpose_toilet/toilet_039_04.jpg,,
40,黒石ふれあいセンター,ふれあいセンター・隣保館,33.984116,131.207701,759-0213,山口県宇部市黒石北三丁目2番37-12号,0836-44-0881,月-日　※12月29日～1月3日を除く,8時30分,22時,１階,引き戸,手動,有,左,L字手すり、可動式手すり,無,有,63㎝,有,手動,左右に動かすレバー,水のみ,固形,自動,-,85㎝,無,-,手動（レバー）,,無,-,無,無,無,無,有,2台,無,有,有,無,無,無,https://yamaguchi-opendata.jp/ckan/file-upload-system/35202/multipurpose_toilet/toilet_040_03.jpg,https://yamaguchi-opendata.jp/ckan/file-upload-system/35202/multipurpose_toilet/toilet_040_01.jpg,https://yamaguchi-opendata.jp/ckan/file-upload-system/35202/multipurpose_toilet/toilet_040_02.jpg,https://yamaguchi-opendata.jp/ckan/file-upload-system/35202/multipurpose_toilet/toilet_040_04.jpg,,
41,東岐波ふれあいセンター,ふれあいセンター・隣保館,33.980983,131.339512,755-0241,山口県宇部市大字東岐波3829番地,0836-58-2098,月-日　※12月29日～1月3日を除く,8時30分,22時,1階,引き戸,手動,有,左,L字手すり、可動式手すり,無,無,76cm,無,手動,通常の蛇口型,水のみ,無,手動,94cm,75cm,無,-,手動（スイッチ）,,有,コンクリート,有,無,無,無,有,1台,無,無,有,無,無,無,https://yamaguchi-opendata.jp/ckan/file-upload-system/35202/multipurpose_toilet/toilet_041_03.jpg,https://yamaguchi-opendata.jp/ckan/file-upload-system/35202/multipurpose_toilet/toilet_041_01.jpg,https://yamaguchi-opendata.jp/ckan/file-upload-system/35202/multipurpose_toilet/toilet_041_02.jpg,https://yamaguchi-opendata.jp/ckan/file-upload-system/35202/multipurpose_toilet/toilet_041_04.jpg,,
42,厚東ふれあいセンター,ふれあいセンター・隣保館,34.024276,131.249017,755-0121,山口県宇部市大字棚井68番地2,0836-62-0049,月-日　※12月29日～1月3日を除く,8時30分,20時,1階,引き戸,手動,無,右,L字手すり、可動式手すり,無,有,65cm,有,手動,左右に動かすレバー,水のみ,泡（手動）,自動,-,85cm,無,-,手動（レバー）,,無,アスファルト,有,無,無,無,有,1台,無,無,無,無,無,無,https://yamaguchi-opendata.jp/ckan/file-upload-system/35202/multipurpose_toilet/toilet_042_03.jpg,https://yamaguchi-opendata.jp/ckan/file-upload-system/35202/multipurpose_toilet/toilet_042_01.jpg,https://yamaguchi-opendata.jp/ckan/file-upload-system/35202/multipurpose_toilet/toilet_042_02.jpg,https://yamaguchi-opendata.jp/ckan/file-upload-system/35202/multipurpose_toilet/toilet_042_04.jpg,,
43,二俣瀬ふれあいセンター,ふれあいセンター・隣保館,34.056559,131.29178,759-0133,山口県宇部市大字車地字寮ノ河内１７３,0836-62-0068,月-日　※12月29日～1月3日を除く,8時30分,22時,１階,引き戸,手動,有,左,L字手すり、可動式手すり,無,無,70㎝,有,手動,左右に動かすレバー,水のみ,泡（手動）,手動,120㎝,90㎝,無,-,手動（レバー）,,無,-,有,無,,無,有,1台,無,無,無,有,無,無,https://yamaguchi-opendata.jp/ckan/file-upload-system/35202/multipurpose_toilet/toilet_043_03.jpg,https://yamaguchi-opendata.jp/ckan/file-upload-system/35202/multipurpose_toilet/toilet_043_01.jpg,https://yamaguchi-opendata.jp/ckan/file-upload-system/35202/multipurpose_toilet/toilet_043_02.jpg,https://yamaguchi-opendata.jp/ckan/file-upload-system/35202/multipurpose_toilet/toilet_043_04.jpg,,
44,小野ふれあいセンター,ふれあいセンター・隣保館,34.116579,131.32036,754-1311,山口県宇部市大字小野字山根8294番地4,0836-64-2024,月-日　※12月29日～1月3日を除く,8時30分,22時,１階,引き戸,手動,有,右,L字手すり、可動式手すり,可動式手すり,無,70ｃｍ,有,手動,左右に動かすレバー,水のみ,無,手動,100ｃｍ,85ｃｍ,無,-,手動（スイッチ）,,無,-,有,無,無,無,有,有,無,無,無,無,無,無,https://yamaguchi-opendata.jp/ckan/file-upload-system/35202/multipurpose_toilet/toilet_044_03.jpg,https://yamaguchi-opendata.jp/ckan/file-upload-system/35202/multipurpose_toilet/toilet_044_01.jpg,https://yamaguchi-opendata.jp/ckan/file-upload-system/35202/multipurpose_toilet/toilet_044_02.jpg,https://yamaguchi-opendata.jp/ckan/file-upload-system/35202/multipurpose_toilet/toilet_044_04.jpg,,
45,万倉ふれあいセンタ－,ふれあいセンター・隣保館,34.071258,131.242767,757-0214,山口県宇部市大字西万倉宮ノ下1672番地,0836-67-0201,月-日　※12月29日～1月3日を除く,8時30分,22時,1階,引き戸,手動,有,左,L字手すり、可動式手すり,可動式手すり,有,75cm,有,自動,-,水のみ,泡（手動）,手動,100cm,86cm,無,-,手動（レバー）,,無,-,有,無,有,無,有,2台,無,無,無,無,無,無,https://yamaguchi-opendata.jp/ckan/file-upload-system/35202/multipurpose_toilet/toilet_045_03.jpg,https://yamaguchi-opendata.jp/ckan/file-upload-system/35202/multipurpose_toilet/toilet_045_01.jpg,https://yamaguchi-opendata.jp/ckan/file-upload-system/35202/multipurpose_toilet/toilet_045_02.jpg,https://yamaguchi-opendata.jp/ckan/file-upload-system/35202/multipurpose_toilet/toilet_045_04.jpg,,
46,吉部ふれあいセンター,ふれあいセンター・隣保館,34.12511,131.282622,757-0401,山口県宇部市大字東吉部3330番地7,0836-68-0001,月-日　※12月29日～1月3日を除く,8時30分,22時,１階,引き戸,手動,有,右,L字手すり、可動式手すり,無,有,65㎝,有,自動,-,水のみ,固形,手動,107㎝,88㎝,無,-,手動（レバー）,,有,アスファルト,有,無,無,無,有,2台,有,無,無,無,無,無,https://yamaguchi-opendata.jp/ckan/file-upload-system/35202/multipurpose_toilet/toilet_046_03.jpg,https://yamaguchi-opendata.jp/ckan/file-upload-system/35202/multipurpose_toilet/toilet_046_01.jpg,https://yamaguchi-opendata.jp/ckan/file-upload-system/35202/multipurpose_toilet/toilet_046_02.jpg,https://yamaguchi-opendata.jp/ckan/file-upload-system/35202/multipurpose_toilet/toilet_046_04.jpg,,
47,渡辺翁記念会館　外縁部,その他,33.957617,131.245982,755-0067,山口県宇部市朝日町8番1号,0836-31-7373,月-日,24時間,24時間,-,引き戸,手動,有,右,L字手すり、可動式手すり,無,有,65cm,有,手動,回転ハンドル,水のみ,無,手動,男性トイレ97cm、女性トイレ95cm,96cm,無,-,手動（スイッチ）,,無,-,無,無,無,無,有,3台,無,無,無,無,無,無,https://yamaguchi-opendata.jp/ckan/file-upload-system/35202/multipurpose_toilet/toilet_047_03.jpg,https://yamaguchi-opendata.jp/ckan/file-upload-system/35202/multipurpose_toilet/toilet_047_01.jpg,https://yamaguchi-opendata.jp/ckan/file-upload-system/35202/multipurpose_toilet/toilet_047_02.jpg,https://yamaguchi-opendata.jp/ckan/file-upload-system/35202/multipurpose_toilet/toilet_047_04.jpg,https://yamaguchi-opendata.jp/ckan/file-upload-system/35202/multipurpose_toilet/toilet_047_05.jpg,
48,黄幡公園,公園,33.962726,131.24521,755-0067,山口県宇部市大字小串973番地,-,月-日,24時間,24時間,-,引き戸,手動,有,左,L字手すり、可動式手すり,可動式手すり,有,65cm,有,手動,左右に動かすレバー,水のみ,無,手動,95cm,右側105cm・左側58cm,無,-,,,無,-,無,無,無,無,無,-,無,無,無,無,無,無,https://yamaguchi-opendata.jp/ckan/file-upload-system/35202/multipurpose_toilet/toilet_048_03.jpg,https://yamaguchi-opendata.jp/ckan/file-upload-system/35202/multipurpose_toilet/toilet_048_01.jpg,https://yamaguchi-opendata.jp/ckan/file-upload-system/35202/multipurpose_toilet/toilet_048_02.jpg,https://yamaguchi-opendata.jp/ckan/file-upload-system/35202/multipurpose_toilet/toilet_048_04.jpg,https://yamaguchi-opendata.jp/ckan/file-upload-system/35202/multipurpose_toilet/toilet_048_05.jpg,
49,藤山ふれあいセンター,ふれあいセンター・隣保館,33.974778,131.227617,755-0056,山口県宇部市文京町11番13号,0836-21-1608,月-金　※12月29日～1月3日を除く,8時30分,22時,1階,引き戸,手動,有,左,L字手すり、可動式手すり,無,有,70cm,有,手動,レバー,水のみ,無,手動,93cm,80cm,無,-,手動（スイッチ）,,無,-,有,無,有,無,有,1台,無,無,無,有,無,丸椅子1台有,https://yamaguchi-opendata.jp/ckan/file-upload-system/35202/multipurpose_toilet/toilet_049_03.jpg,https://yamaguchi-opendata.jp/ckan/file-upload-system/35202/multipurpose_toilet/toilet_049_01.jpg,https://yamaguchi-opendata.jp/ckan/file-upload-system/35202/multipurpose_toilet/toilet_049_02.jpg,https://yamaguchi-opendata.jp/ckan/file-upload-system/35202/multipurpose_toilet/toilet_049_04.jpg,,
50,多世代ふれあいセンター（4階）,文化・教育施設,33.953128,131.252694,755-0033,山口県宇部市琴芝町二丁目4番25号,0836-22-4371,月-日　※毎月第３水曜日、年末年始を除く,9時,22時,4階,引き戸,手動,無,右,L字手すり、可動式手すり,可動式手すり・背もたれ,有,70cm,有,自動,-,水のみ,固形,手動,95cm,90cm,有,55cm,手動（スイッチ）,,無,-,無,無,無,有,有,2台,無,無,無,無,有,無,https://yamaguchi-opendata.jp/ckan/file-upload-system/35202/multipurpose_toilet/toilet_050_03.jpg,https://yamaguchi-opendata.jp/ckan/file-upload-system/35202/multipurpose_toilet/toilet_050_01.jpg,https://yamaguchi-opendata.jp/ckan/file-upload-system/35202/multipurpose_toilet/toilet_050_02.jpg,https://yamaguchi-opendata.jp/ckan/file-upload-system/35202/multipurpose_toilet/toilet_050_04.jpg,,
51,多世代ふれあいセンター（5階）,文化・教育施設,33.953128,131.252694,755-0033,山口県宇部市琴芝町二丁目4番25号,0836-22-4371,月-日　※毎月第３水曜日、年末年始を除く,9時,22時,5階,引き戸,手動,無,右,L字手すり、可動式手すり,可動式手すり・背もたれ,有,70cm,有,自動,-,水のみ,固形,手動,95cm,90cm,有,55cm,手動（スイッチ）,,無,-,無,無,無,有,有,2台,無,無,無,無,有,無,https://yamaguchi-opendata.jp/ckan/file-upload-system/35202/multipurpose_toilet/toilet_051_03.jpg,https://yamaguchi-opendata.jp/ckan/file-upload-system/35202/multipurpose_toilet/toilet_051_01.jpg,https://yamaguchi-opendata.jp/ckan/file-upload-system/35202/multipurpose_toilet/toilet_051_02.jpg,https://yamaguchi-opendata.jp/ckan/file-upload-system/35202/multipurpose_toilet/toilet_051_04.jpg,,
52,船木ふれあいセンター,ふれあいセンター・隣保館,34.045232,131.224957,757-0216,山口県宇部市大字船木179番地1,0836-67-1183,月-日　※12月29日～1月3日を除く,9時,22時,1階,引き戸,手動,有,右,L字手すり、可動式手すり,可動式手すり,有,65cm,有,自動,-,水のみ,泡（手動）,自動,-,85cm,無,-,手動（スイッチ）,,無,-,有,無,無,無,有,1台,無,有,無,有,有,無,https://yamaguchi-opendata.jp/ckan/file-upload-system/35202/multipurpose_toilet/toilet_052_03.jpg,https://yamaguchi-opendata.jp/ckan/file-upload-system/35202/multipurpose_toilet/toilet_052_01.jpg,https://yamaguchi-opendata.jp/ckan/file-upload-system/35202/multipurpose_toilet/toilet_052_02.jpg,https://yamaguchi-opendata.jp/ckan/file-upload-system/35202/multipurpose_toilet/toilet_052_04.jpg,,
53,ユーピーアールスタジアム(屋内入口側）,スポーツ・レクリエーション施設,33.945377,131.268638,755-0023,山口県宇部市恩田町四丁目1番4号,0836-29-0089,月-日　※12月29日～1月3日を除く,8時,21時,1階,引き戸,手動,有,左,L字手すり、可動式手すり,可動式手すり,有,70cm,有,手動,レバー,水のみ,固形,手動,90cm,90cm,有,49cm,手動（レバー）,,無,-,無,無,無,無,有,3台,無,無,無,無,無,無,https://yamaguchi-opendata.jp/ckan/file-upload-system/35202/multipurpose_toilet/toilet_053_03.jpg,https://yamaguchi-opendata.jp/ckan/file-upload-system/35202/multipurpose_toilet/toilet_053_01.jpg,https://yamaguchi-opendata.jp/ckan/file-upload-system/35202/multipurpose_toilet/toilet_053_02.jpg,https://yamaguchi-opendata.jp/ckan/file-upload-system/35202/multipurpose_toilet/toilet_053_04.jpg,,
54,ユーピーアールスタジアム(屋内奥側）,スポーツ・レクリエーション施設,33.945164,131.268852,755-0023,山口県宇部市恩田町四丁目1番4号,0836-29-0089,月-日　※12月29日～1月3日を除く,8時,21時,1階,引き戸,手動,有,左,L字手すり、可動式手すり,可動式手すり・背もたれ,有,70cm,有,手動,レバー,水のみ,固形,手動,87cm,90cm,有,49cm,手動（レバー）,,無,-,無,無,無,無,有,3台,無,無,無,無,無,無,https://yamaguchi-opendata.jp/ckan/file-upload-system/35202/multipurpose_toilet/toilet_054_03.jpg,https://yamaguchi-opendata.jp/ckan/file-upload-system/35202/multipurpose_toilet/toilet_054_01.jpg,https://yamaguchi-opendata.jp/ckan/file-upload-system/35202/multipurpose_toilet/toilet_054_02.jpg,https://yamaguchi-opendata.jp/ckan/file-upload-system/35202/multipurpose_toilet/toilet_054_04.jpg,,
55,ユーピーアールスタジアム1塁側（屋外）,スポーツ・レクリエーション施設,33.944885,131.267573,755-0023,山口県宇部市恩田町四丁目1番4号,0836-29-0089,月-日　※12月29日～1月3日を除く（通常時施錠）,8時（通常時施錠）,21時（通常時施錠）,1階,引き戸,手動,有,左,L字手すり、可動式手すり,可動式手すり,有,90cm,有,手動,レバー,水のみ,固形,手動,86cm,93cm,無,-,手動（レバー）,,無,-,無,有,無,無,有,3台,無,無,有,無,無,無,https://yamaguchi-opendata.jp/ckan/file-upload-system/35202/multipurpose_toilet/toilet_055_03.jpg,https://yamaguchi-opendata.jp/ckan/file-upload-system/35202/multipurpose_toilet/toilet_055_01.jpg,https://yamaguchi-opendata.jp/ckan/file-upload-system/35202/multipurpose_toilet/toilet_055_02.jpg,https://yamaguchi-opendata.jp/ckan/file-upload-system/35202/multipurpose_toilet/toilet_055_04.jpg,,
56,ユーピーアールスタジアム3塁側（屋外）,スポーツ・レクリエーション施設,33.944525,131.269241,755-0023,山口県宇部市恩田町四丁目1番4号,0836-29-0089,月-日　※12月29日～1月3日を除く（通常時施錠）,8時（通常時施錠）,21時（通常時施錠）,1階,引き戸,手動,有,右,L字手すり、可動式手すり,可動式手すり,有,90cm,有,手動,レバー,水のみ,固形,手動,86cm,93cm,無,-,手動（レバー）,,無,-,無,無,無,無,有,3台,無,無,無,無,無,無,https://yamaguchi-opendata.jp/ckan/file-upload-system/35202/multipurpose_toilet/toilet_056_03.jpg,https://yamaguchi-opendata.jp/ckan/file-upload-system/35202/multipurpose_toilet/toilet_056_01.jpg,https://yamaguchi-opendata.jp/ckan/file-upload-system/35202/multipurpose_toilet/toilet_056_02.jpg,https://yamaguchi-opendata.jp/ckan/file-upload-system/35202/multipurpose_toilet/toilet_056_04.jpg,,
57,俵田翁体育館（北側）,スポーツ・レクリエーション施設,33.946979,131.271808,755-0023,山口県宇部市恩田町四丁目1番1号,0836-31-1506,月-日　※12月29日～1月3日を除く,8時,22時,1階,引き戸,自動,有,左,L字手すり、可動式手すり,無,有,70cm,有,手動,レバー,有,固形,自動,,90cm,有,50cm,手動,,無,-,無,無,無,無,有,3台,無,無,有,有,有,無,https://yamaguchi-opendata.jp/ckan/file-upload-system/35202/multipurpose_toilet/toilet_057_03.jpg,https://yamaguchi-opendata.jp/ckan/file-upload-system/35202/multipurpose_toilet/toilet_057_01.jpg,https://yamaguchi-opendata.jp/ckan/file-upload-system/35202/multipurpose_toilet/toilet_057_02.jpg,https://yamaguchi-opendata.jp/ckan/file-upload-system/35202/multipurpose_toilet/toilet_057_04.jpg,https://yamaguchi-opendata.jp/ckan/file-upload-system/35202/multipurpose_toilet/toilet_057_05.jpg,
58,俵田翁体育館（南側）,スポーツ・レクリエーション施設,33.946518,131.272127,755-0023,山口県宇部市恩田町四丁目1番1号,0836-31-1506,月-日　※12月29日～1月3日を除く,8時,22時,1階,引き戸,自動,有,右,L字手すり、可動式手すり,無,有,70cm,有,手動,レバー,有,固形,自動,,90cm,有,50cm,手動,,無,-,無,無,無,無,有,3台,無,有,無,無,無,無,https://yamaguchi-opendata.jp/ckan/file-upload-system/35202/multipurpose_toilet/toilet_058_03.jpg,https://yamaguchi-opendata.jp/ckan/file-upload-system/35202/multipurpose_toilet/toilet_058_01.jpg,https://yamaguchi-opendata.jp/ckan/file-upload-system/35202/multipurpose_toilet/toilet_058_02.jpg,https://yamaguchi-opendata.jp/ckan/file-upload-system/35202/multipurpose_toilet/toilet_058_04.jpg,https://yamaguchi-opendata.jp/ckan/file-upload-system/35202/multipurpose_toilet/toilet_058_05.jpg,
59,俵田翁体育館（女子）,スポーツ・レクリエーション施設,33.9472035,131.2722,755-0023,山口県宇部市恩田町四丁目1番1号,0836-31-1506,月-日　※12月29日～1月3日を除く,8時,22時,1階,引き戸,手動,有,右,L字手すり、可動式手すり,無,有,76cm,有,手動,ボタン,有,固形,自動,,85cm,有,105cm,手動,,無,-,無,無,無,無,有,3台,無,有,無,無,無,無,https://yamaguchi-opendata.jp/ckan/file-upload-system/35202/multipurpose_toilet/toilet_059_03.jpg,https://yamaguchi-opendata.jp/ckan/file-upload-system/35202/multipurpose_toilet/toilet_059_01.jpg,https://yamaguchi-opendata.jp/ckan/file-upload-system/35202/multipurpose_toilet/toilet_059_02.jpg,https://yamaguchi-opendata.jp/ckan/file-upload-system/35202/multipurpose_toilet/toilet_059_04.jpg,,
60,俵田翁体育館（男子）,スポーツ・レクリエーション施設,33.9467,131.2726,755-0023,山口県宇部市恩田町四丁目1番1号,0836-31-1506,月-日　※12月29日～1月3日を除く,8時,22時,1階,引き戸,手動,有,左,L字手すり、可動式手すり,無,有,76cm,有,手動,ボタン,有,固形,自動,,85cm,有,105cm,手動,,無,-,無,無,無,無,有,3台,無,有,無,無,無,無,https://yamaguchi-opendata.jp/ckan/file-upload-system/35202/multipurpose_toilet/toilet_060_03.jpg,https://yamaguchi-opendata.jp/ckan/file-upload-system/35202/multipurpose_toilet/toilet_060_01.jpg,https://yamaguchi-opendata.jp/ckan/file-upload-system/35202/multipurpose_toilet/toilet_060_02.jpg,https://yamaguchi-opendata.jp/ckan/file-upload-system/35202/multipurpose_toilet/toilet_060_04.jpg,,
61,岬ふれあいセンター,ふれあいセンター・隣保館,33.93550316,131.2594671,755-0026,山口県宇部市松山町５丁目８ー１０,0836-21-1625,月-日　※12月29日～1月3日を除く,8時30分,20時,1階,引き戸,手動,有,左,L字手すり、可動式手すり,無,有,75cm,有,自動,,水のみ,液体,自動,,70cm,無,70cm,手動（スイッチ）,,無,無,有,無,無,有,有,2台,無,有,無,無,無,無,https://yamaguchi-opendata.jp/ckan/file-upload-system/35202/multipurpose_toilet/toilet_061_03.jpg,https://yamaguchi-opendata.jp/ckan/file-upload-system/35202/multipurpose_toilet/toilet_061_01.jpg,https://yamaguchi-opendata.jp/ckan/file-upload-system/35202/multipurpose_toilet/toilet_061_02.jpg,https://yamaguchi-opendata.jp/ckan/file-upload-system/35202/multipurpose_toilet/toilet_061_04.jpg,https://yamaguchi-opendata.jp/ckan/file-upload-system/35202/multipurpose_toilet/toilet_061_05.jpg,
62,宇部市役所本庁舎一期棟（一階）,市役所,33.95184893,131.2476171,755-8601,山口県宇部市常盤町一丁目7番1号,0836-31-4111,月-金　※祝日、12月29日～1月3日を除く,8時30分,17時15分,1階,引き戸,手動,有,左,L字手すり、可動式手すり,背もたれ,有,68cm,有,自動,,水のみ,液体,自動,,54cm,有,70cm,自動,,有,有,有,無,無,有,有,7台,有,有,有,無,有,無,https://yamaguchi-opendata.jp/ckan/file-upload-system/35202/multipurpose_toilet/toilet_062_03.jpg,https://yamaguchi-opendata.jp/ckan/file-upload-system/35202/multipurpose_toilet/toilet_062_01.jpg,https://yamaguchi-opendata.jp/ckan/file-upload-system/35202/multipurpose_toilet/toilet_062_02.jpg,https://yamaguchi-opendata.jp/ckan/file-upload-system/35202/multipurpose_toilet/toilet_062_03.jpg,https://yamaguchi-opendata.jp/ckan/file-upload-system/35202/multipurpose_toilet/toilet_062_04.jpg,https://yamaguchi-opendata.jp/ckan/file-upload-system/35202/multipurpose_toilet/toilet_062_05.jpg
63,宇部市役所本庁舎一期棟（二階）,市役所,33.9518,131.2474,755-8601,山口県宇部市常盤町一丁目7番1号,0836-31-4111,月-金　※祝日、12月29日～1月3日を除く,8時30分,17時15分,2階,引き戸,手動,有,右,L字手すり、可動式手すり,背もたれ,有,68cm,有,自動,,水のみ,液体,自動,,54cm,有,70cm,自動,,有,有,有,無,無,有,有,7台,有,有,有,無,有,無,https://yamaguchi-opendata.jp/ckan/file-upload-system/35202/multipurpose_toilet/toilet_063_03.jpg,https://yamaguchi-opendata.jp/ckan/file-upload-system/35202/multipurpose_toilet/toilet_063_01.jpg,https://yamaguchi-opendata.jp/ckan/file-upload-system/35202/multipurpose_toilet/toilet_063_02.jpg,https://yamaguchi-opendata.jp/ckan/file-upload-system/35202/multipurpose_toilet/toilet_063_03.jpg,https://yamaguchi-opendata.jp/ckan/file-upload-system/35202/multipurpose_toilet/toilet_063_04.jpg,https://yamaguchi-opendata.jp/ckan/file-upload-system/35202/multipurpose_toilet/toilet_063_05.jpg
64,宇部市役所本庁舎一期棟（三階）,市役所,33.952,131.2473,755-8601,山口県宇部市常盤町一丁目7番1号,0836-31-4111,月-金　※祝日、12月29日～1月3日を除く,8時30分,17時15分,3階,引き戸,手動,有,右,L字手すり、可動式手すり,背もたれ,有,68cm,有,自動,,水のみ,液体,自動,,54cm,有,70cm,自動,,有,有,有,無,無,有,有,7台,有,有,有,無,有,無,https://yamaguchi-opendata.jp/ckan/file-upload-system/35202/multipurpose_toilet/toilet_064_03.jpg,https://yamaguchi-opendata.jp/ckan/file-upload-system/35202/multipurpose_toilet/toilet_064_01.jpg,https://yamaguchi-opendata.jp/ckan/file-upload-system/35202/multipurpose_toilet/toilet_064_02.jpg,https://yamaguchi-opendata.jp/ckan/file-upload-system/35202/multipurpose_toilet/toilet_064_03.jpg,https://yamaguchi-opendata.jp/ckan/file-upload-system/35202/multipurpose_toilet/toilet_064_04.jpg,https://yamaguchi-opendata.jp/ckan/file-upload-system/35202/multipurpose_toilet/toilet_064_05.jpg
65,宇部市役所本庁舎一期棟（四階）,市役所,33.95205,131.24733,755-8601,山口県宇部市常盤町一丁目7番1号,0836-31-4111,月-金　※祝日、12月29日～1月3日を除く,8時30分,17時15分,4階,引き戸,手動,有,左,L字手すり、可動式手すり,背もたれ,有,68cm,有,自動,,水のみ,液体,自動,,54cm,有,70cm,自動,,有,有,有,無,無,有,有,7台,有,有,有,無,有,無,https://yamaguchi-opendata.jp/ckan/file-upload-system/35202/multipurpose_toilet/toilet_065_03.jpg,https://yamaguchi-opendata.jp/ckan/file-upload-system/35202/multipurpose_toilet/toilet_065_01.jpg,https://yamaguchi-opendata.jp/ckan/file-upload-system/35202/multipurpose_toilet/toilet_065_02.jpg,https://yamaguchi-opendata.jp/ckan/file-upload-system/35202/multipurpose_toilet/toilet_065_03.jpg,https://yamaguchi-opendata.jp/ckan/file-upload-system/35202/multipurpose_toilet/toilet_065_04.jpg,https://yamaguchi-opendata.jp/ckan/file-upload-system/35202/multipurpose_toilet/toilet_065_05.jpg
66,宇部市役所本庁舎一期棟（五階）,市役所,33.95204,131.2472,755-8601,山口県宇部市常盤町一丁目7番1号,0836-31-4111,月-金　※祝日、12月29日～1月3日を除く,8時30分,17時15分,5階,引き戸,手動,有,右,L字手すり、可動式手すり,背もたれ,有,68cm,有,自動,,水のみ,液体,自動,,54cm,有,70cm,自動,,有,有,有,無,無,有,有,7台,有,有,有,無,有,無,https://yamaguchi-opendata.jp/ckan/file-upload-system/35202/multipurpose_toilet/toilet_066_03.jpg,https://yamaguchi-opendata.jp/ckan/file-upload-system/35202/multipurpose_toilet/toilet_066_01.jpg,https://yamaguchi-opendata.jp/ckan/file-upload-system/35202/multipurpose_toilet/toilet_066_02.jpg,https://yamaguchi-opendata.jp/ckan/file-upload-system/35202/multipurpose_toilet/toilet_066_03.jpg,https://yamaguchi-opendata.jp/ckan/file-upload-system/35202/multipurpose_toilet/toilet_066_04.jpg,https://yamaguchi-opendata.jp/ckan/file-upload-system/35202/multipurpose_toilet/toilet_066_05.jpg
