都道府県コード又は市区町村コード,NO,都道府県名,市区町村名,イベント名,イベント名_カナ,イベント名_英語,開始日,終了日,開始時間,終了時間,開始日時特記事項,説明,料金(基本),料金(詳細),連絡先名称,連絡先電話番号,連絡先内線番号,主催者,場所名称,住所,方書,緯度,経度,アクセス方法,駐車場情報,定員,参加申込終了日,参加申込終了時間,参加申込方法,URL,備考
3.00002E+12,1013813,山口県,宇部市,「デコ活」街頭啓発キャンペーン,デコカツガイトウケイハツキャンペーン,,2025/6/8,2025/6/8,10:00,15:00,,"
脱炭素につながる新しい暮らしを創る国民運動「デコ活」の呼びかけとアンケート
省エネクイズ
※アンケートにご協力いただいた方に省エネグッズをご用意しています。
",,,,,,,フジグラン宇部　1階, 山口県宇部市明神町三丁目1番1号,,,,,,,,,,https://www.city.ube.yamaguchi.jp/kurashi/kankyouhozen/shouene/1002690/1013813.html,
3.00002E+12,1024784,山口県,宇部市,令和7年度マタニティ❤サロン,マタニティ❤サロン,,2025/6/25,2025/6/25,13:20,15:30,,"赤ちゃんを迎える準備として、助産師・保健師・看護師・管理栄養士・保育士などの専門職が、産前・産後の生活についての講話やお風呂の入れ方、着替え、おむつ替えなどの体験を通じて、楽しいマタニティライフのお手伝いをします。自由参加で、ミルク作りや妊婦体験もできます。
",,,宇部市こども支援課（宇部市琴芝町二丁目4番25号　宇部市福祉ふれあいセンター1階）,0836‐31‐1732,,,宇部市福祉ふれあいセンター　他,宇部市琴芝町二丁目4番25号,,,,,有り,16組（32人）,,,"申込み期間内にマタニティ❤サロン電子申請フォームより、お申込みください。
初産婦、初回の申し込みの方が優先となります。
先着順でありません。申込多数の場合は出産予定日が近い方を優先させていただきます。
ご参加いただける方には、実施月の11日（11日が休日の場合は休日明け）に、時間等の詳細をメールでお知らせします。
参加可否のメールが届かない場合は、宇部市こども支援課（31-1732）にお問い合わせください。
電子申請ができないなどの場合は下記にお問い合わせください。
",https://www.city.ube.yamaguchi.jp/kosodate/kosodateouen/mokuteki/ninshin/1024784.html,詳細は宇部市ウェブサイト「マタニティサロン」検索番号1003273をご確認ください。
3.00002E+12,1024784,山口県,宇部市,令和7年度マタニティ❤サロン,マタニティ❤サロン,,2025/7/23,2025/7/23,13:20,15:30,,"赤ちゃんを迎える準備として、助産師・保健師・看護師・管理栄養士・保育士などの専門職が、産前・産後の生活についての講話やお風呂の入れ方、着替え、おむつ替えなどの体験を通じて、楽しいマタニティライフのお手伝いをします。自由参加で、ミルク作りや妊婦体験もできます。
",,,宇部市こども支援課（宇部市琴芝町二丁目4番25号　宇部市福祉ふれあいセンター1階）,0836‐31‐1732,,,宇部市福祉ふれあいセンター　他,宇部市琴芝町二丁目4番25号,,,,,有り,16組（32人）,,,"申込み期間内にマタニティ❤サロン電子申請フォームより、お申込みください。
初産婦、初回の申し込みの方が優先となります。
先着順でありません。申込多数の場合は出産予定日が近い方を優先させていただきます。
ご参加いただける方には、実施月の11日（11日が休日の場合は休日明け）に、時間等の詳細をメールでお知らせします。
参加可否のメールが届かない場合は、宇部市こども支援課（31-1732）にお問い合わせください。
電子申請ができないなどの場合は下記にお問い合わせください。
",https://www.city.ube.yamaguchi.jp/kosodate/kosodateouen/mokuteki/ninshin/1024784.html,詳細は宇部市ウェブサイト「マタニティサロン」検索番号1003273をご確認ください。
3.00002E+12,1024784,山口県,宇部市,令和7年度マタニティ❤サロン,マタニティ❤サロン,,2025/8/27,2025/8/27,13:20,15:30,,"赤ちゃんを迎える準備として、助産師・保健師・看護師・管理栄養士・保育士などの専門職が、産前・産後の生活についての講話やお風呂の入れ方、着替え、おむつ替えなどの体験を通じて、楽しいマタニティライフのお手伝いをします。自由参加で、ミルク作りや妊婦体験もできます。
",,,宇部市こども支援課（宇部市琴芝町二丁目4番25号　宇部市福祉ふれあいセンター1階）,0836‐31‐1732,,,宇部市福祉ふれあいセンター　他,宇部市琴芝町二丁目4番25号,,,,,有り,16組（32人）,,,"申込み期間内にマタニティ❤サロン電子申請フォームより、お申込みください。
初産婦、初回の申し込みの方が優先となります。
先着順でありません。申込多数の場合は出産予定日が近い方を優先させていただきます。
ご参加いただける方には、実施月の11日（11日が休日の場合は休日明け）に、時間等の詳細をメールでお知らせします。
参加可否のメールが届かない場合は、宇部市こども支援課（31-1732）にお問い合わせください。
電子申請ができないなどの場合は下記にお問い合わせください。
",https://www.city.ube.yamaguchi.jp/kosodate/kosodateouen/mokuteki/ninshin/1024784.html,詳細は宇部市ウェブサイト「マタニティサロン」検索番号1003273をご確認ください。
3.00002E+12,1024784,山口県,宇部市,令和7年度マタニティ❤サロン,マタニティ❤サロン,,2025/9/24,2025/9/24,13:20,15:30,,"赤ちゃんを迎える準備として、助産師・保健師・看護師・管理栄養士・保育士などの専門職が、産前・産後の生活についての講話やお風呂の入れ方、着替え、おむつ替えなどの体験を通じて、楽しいマタニティライフのお手伝いをします。自由参加で、ミルク作りや妊婦体験もできます。
",,,宇部市こども支援課（宇部市琴芝町二丁目4番25号　宇部市福祉ふれあいセンター1階）,0836‐31‐1732,,,宇部市福祉ふれあいセンター　他,宇部市琴芝町二丁目4番25号,,,,,有り,16組（32人）,,,"申込み期間内にマタニティ❤サロン電子申請フォームより、お申込みください。
初産婦、初回の申し込みの方が優先となります。
先着順でありません。申込多数の場合は出産予定日が近い方を優先させていただきます。
ご参加いただける方には、実施月の11日（11日が休日の場合は休日明け）に、時間等の詳細をメールでお知らせします。
参加可否のメールが届かない場合は、宇部市こども支援課（31-1732）にお問い合わせください。
電子申請ができないなどの場合は下記にお問い合わせください。
",https://www.city.ube.yamaguchi.jp/kosodate/kosodateouen/mokuteki/ninshin/1024784.html,詳細は宇部市ウェブサイト「マタニティサロン」検索番号1003273をご確認ください。
3.00002E+12,1024784,山口県,宇部市,令和7年度マタニティ❤サロン,マタニティ❤サロン,,2025/10/22,2025/10/22,13:20,15:30,,"赤ちゃんを迎える準備として、助産師・保健師・看護師・管理栄養士・保育士などの専門職が、産前・産後の生活についての講話やお風呂の入れ方、着替え、おむつ替えなどの体験を通じて、楽しいマタニティライフのお手伝いをします。自由参加で、ミルク作りや妊婦体験もできます。
",,,宇部市こども支援課（宇部市琴芝町二丁目4番25号　宇部市福祉ふれあいセンター1階）,0836‐31‐1732,,,宇部市福祉ふれあいセンター　他,宇部市琴芝町二丁目4番25号,,,,,有り,16組（32人）,,,"申込み期間内にマタニティ❤サロン電子申請フォームより、お申込みください。
初産婦、初回の申し込みの方が優先となります。
先着順でありません。申込多数の場合は出産予定日が近い方を優先させていただきます。
ご参加いただける方には、実施月の11日（11日が休日の場合は休日明け）に、時間等の詳細をメールでお知らせします。
参加可否のメールが届かない場合は、宇部市こども支援課（31-1732）にお問い合わせください。
電子申請ができないなどの場合は下記にお問い合わせください。
",https://www.city.ube.yamaguchi.jp/kosodate/kosodateouen/mokuteki/ninshin/1024784.html,詳細は宇部市ウェブサイト「マタニティサロン」検索番号1003273をご確認ください。
3.00002E+12,1024784,山口県,宇部市,令和7年度マタニティ❤サロン,マタニティ❤サロン,,2025/11/26,2025/11/26,13:20,15:30,,"赤ちゃんを迎える準備として、助産師・保健師・看護師・管理栄養士・保育士などの専門職が、産前・産後の生活についての講話やお風呂の入れ方、着替え、おむつ替えなどの体験を通じて、楽しいマタニティライフのお手伝いをします。自由参加で、ミルク作りや妊婦体験もできます。
",,,宇部市こども支援課（宇部市琴芝町二丁目4番25号　宇部市福祉ふれあいセンター1階）,0836‐31‐1732,,,宇部市福祉ふれあいセンター　他,宇部市琴芝町二丁目4番25号,,,,,有り,16組（32人）,,,"申込み期間内にマタニティ❤サロン電子申請フォームより、お申込みください。
初産婦、初回の申し込みの方が優先となります。
先着順でありません。申込多数の場合は出産予定日が近い方を優先させていただきます。
ご参加いただける方には、実施月の11日（11日が休日の場合は休日明け）に、時間等の詳細をメールでお知らせします。
参加可否のメールが届かない場合は、宇部市こども支援課（31-1732）にお問い合わせください。
電子申請ができないなどの場合は下記にお問い合わせください。
",https://www.city.ube.yamaguchi.jp/kosodate/kosodateouen/mokuteki/ninshin/1024784.html,詳細は宇部市ウェブサイト「マタニティサロン」検索番号1003273をご確認ください。
3.00002E+12,1024784,山口県,宇部市,令和7年度マタニティ❤サロン,マタニティ❤サロン,,2025/12/24,2025/12/24,13:20,15:30,,"赤ちゃんを迎える準備として、助産師・保健師・看護師・管理栄養士・保育士などの専門職が、産前・産後の生活についての講話やお風呂の入れ方、着替え、おむつ替えなどの体験を通じて、楽しいマタニティライフのお手伝いをします。自由参加で、ミルク作りや妊婦体験もできます。
",,,宇部市こども支援課（宇部市琴芝町二丁目4番25号　宇部市福祉ふれあいセンター1階）,0836‐31‐1732,,,宇部市福祉ふれあいセンター　他,宇部市琴芝町二丁目4番25号,,,,,有り,16組（32人）,,,"申込み期間内にマタニティ❤サロン電子申請フォームより、お申込みください。
初産婦、初回の申し込みの方が優先となります。
先着順でありません。申込多数の場合は出産予定日が近い方を優先させていただきます。
ご参加いただける方には、実施月の11日（11日が休日の場合は休日明け）に、時間等の詳細をメールでお知らせします。
参加可否のメールが届かない場合は、宇部市こども支援課（31-1732）にお問い合わせください。
電子申請ができないなどの場合は下記にお問い合わせください。
",https://www.city.ube.yamaguchi.jp/kosodate/kosodateouen/mokuteki/ninshin/1024784.html,詳細は宇部市ウェブサイト「マタニティサロン」検索番号1003273をご確認ください。
3.00002E+12,1024784,山口県,宇部市,令和7年度マタニティ❤サロン,マタニティ❤サロン,,2026/1/28,2026/1/28,13:20,15:30,,"赤ちゃんを迎える準備として、助産師・保健師・看護師・管理栄養士・保育士などの専門職が、産前・産後の生活についての講話やお風呂の入れ方、着替え、おむつ替えなどの体験を通じて、楽しいマタニティライフのお手伝いをします。自由参加で、ミルク作りや妊婦体験もできます。
",,,宇部市こども支援課（宇部市琴芝町二丁目4番25号　宇部市福祉ふれあいセンター1階）,0836‐31‐1732,,,宇部市福祉ふれあいセンター　他,宇部市琴芝町二丁目4番25号,,,,,有り,16組（32人）,,,"申込み期間内にマタニティ❤サロン電子申請フォームより、お申込みください。
初産婦、初回の申し込みの方が優先となります。
先着順でありません。申込多数の場合は出産予定日が近い方を優先させていただきます。
ご参加いただける方には、実施月の11日（11日が休日の場合は休日明け）に、時間等の詳細をメールでお知らせします。
参加可否のメールが届かない場合は、宇部市こども支援課（31-1732）にお問い合わせください。
電子申請ができないなどの場合は下記にお問い合わせください。
",https://www.city.ube.yamaguchi.jp/kosodate/kosodateouen/mokuteki/ninshin/1024784.html,詳細は宇部市ウェブサイト「マタニティサロン」検索番号1003273をご確認ください。
3.00002E+12,1024784,山口県,宇部市,令和7年度マタニティ❤サロン,マタニティ❤サロン,,2026/2/25,2026/2/25,13:20,15:30,,"赤ちゃんを迎える準備として、助産師・保健師・看護師・管理栄養士・保育士などの専門職が、産前・産後の生活についての講話やお風呂の入れ方、着替え、おむつ替えなどの体験を通じて、楽しいマタニティライフのお手伝いをします。自由参加で、ミルク作りや妊婦体験もできます。
",,,宇部市こども支援課（宇部市琴芝町二丁目4番25号　宇部市福祉ふれあいセンター1階）,0836‐31‐1732,,,宇部市福祉ふれあいセンター　他,宇部市琴芝町二丁目4番25号,,,,,有り,16組（32人）,,,"申込み期間内にマタニティ❤サロン電子申請フォームより、お申込みください。
初産婦、初回の申し込みの方が優先となります。
先着順でありません。申込多数の場合は出産予定日が近い方を優先させていただきます。
ご参加いただける方には、実施月の11日（11日が休日の場合は休日明け）に、時間等の詳細をメールでお知らせします。
参加可否のメールが届かない場合は、宇部市こども支援課（31-1732）にお問い合わせください。
電子申請ができないなどの場合は下記にお問い合わせください。
",https://www.city.ube.yamaguchi.jp/kosodate/kosodateouen/mokuteki/ninshin/1024784.html,詳細は宇部市ウェブサイト「マタニティサロン」検索番号1003273をご確認ください。
3.00002E+12,1024784,山口県,宇部市,令和7年度マタニティ❤サロン,マタニティ❤サロン,,2026/3/25,2026/3/25,13:20,15:30,,"赤ちゃんを迎える準備として、助産師・保健師・看護師・管理栄養士・保育士などの専門職が、産前・産後の生活についての講話やお風呂の入れ方、着替え、おむつ替えなどの体験を通じて、楽しいマタニティライフのお手伝いをします。自由参加で、ミルク作りや妊婦体験もできます。
",,,宇部市こども支援課（宇部市琴芝町二丁目4番25号　宇部市福祉ふれあいセンター1階）,0836‐31‐1732,,,宇部市福祉ふれあいセンター　他,宇部市琴芝町二丁目4番25号,,,,,有り,16組（32人）,,,"申込み期間内にマタニティ❤サロン電子申請フォームより、お申込みください。
初産婦、初回の申し込みの方が優先となります。
先着順でありません。申込多数の場合は出産予定日が近い方を優先させていただきます。
ご参加いただける方には、実施月の11日（11日が休日の場合は休日明け）に、時間等の詳細をメールでお知らせします。
参加可否のメールが届かない場合は、宇部市こども支援課（31-1732）にお問い合わせください。
電子申請ができないなどの場合は下記にお問い合わせください。
",https://www.city.ube.yamaguchi.jp/kosodate/kosodateouen/mokuteki/ninshin/1024784.html,詳細は宇部市ウェブサイト「マタニティサロン」検索番号1003273をご確認ください。
3.00002E+12,1024785,山口県,宇部市,令和7年度離乳食教室（前期コース）,離乳食教室（前期コース）,,2025/7/16,2025/7/16,10:00,11:30,,"
離乳食のすすめ方についてのお話
離乳食のミニ試食　（赤ちゃんは試食できません。）
離乳食Q＆A　管理栄養士、保健師が参加者の質問に答えます。
&nbsp;
",,,宇部市こども支援課,0836-31-1732,,,宇部市保健センター　2階　保健指導室,宇部市琴芝町二丁目1番10号,,,,,有り,22組,,,"申込期間内に離乳食教室電子申請フォームにてお申込みください。 （宇部市民に限る。）
初回の申し込みの方が優先となります。
予約は、受付順となりますので、お早めにお申し込みください。
&nbsp;
",https://www.city.ube.yamaguchi.jp/kosodate/kosodateouen/mokuteki/boshikenkou/soudankyoushitsu/1024785.html,詳細は宇部市ウェブサイト「離乳食教室」検索番号1003551をご確認ください。
3.00002E+12,1024785,山口県,宇部市,令和7年度離乳食教室（前期コース）,離乳食教室（前期コース）,,2025/8/20,2025/8/20,10:00,11:30,,"
離乳食のすすめ方についてのお話
離乳食のミニ試食　（赤ちゃんは試食できません。）
離乳食Q＆A　管理栄養士、保健師が参加者の質問に答えます。
&nbsp;
",,,宇部市こども支援課,0836-31-1732,,,宇部市保健センター　2階　保健指導室,宇部市琴芝町二丁目1番10号,,,,,有り,22組,,,"申込期間内に離乳食教室電子申請フォームにてお申込みください。 （宇部市民に限る。）
初回の申し込みの方が優先となります。
予約は、受付順となりますので、お早めにお申し込みください。
&nbsp;
",https://www.city.ube.yamaguchi.jp/kosodate/kosodateouen/mokuteki/boshikenkou/soudankyoushitsu/1024785.html,詳細は宇部市ウェブサイト「離乳食教室」検索番号1003551をご確認ください。
3.00002E+12,1024785,山口県,宇部市,令和7年度離乳食教室（前期コース）,離乳食教室（前期コース）,,2025/10/15,2025/10/15,10:00,11:30,,"
離乳食のすすめ方についてのお話
離乳食のミニ試食　（赤ちゃんは試食できません。）
離乳食Q＆A　管理栄養士、保健師が参加者の質問に答えます。
&nbsp;
",,,宇部市こども支援課,0836-31-1732,,,宇部市保健センター　2階　保健指導室,宇部市琴芝町二丁目1番10号,,,,,有り,22組,,,"申込期間内に離乳食教室電子申請フォームにてお申込みください。 （宇部市民に限る。）
初回の申し込みの方が優先となります。
予約は、受付順となりますので、お早めにお申し込みください。
&nbsp;
",https://www.city.ube.yamaguchi.jp/kosodate/kosodateouen/mokuteki/boshikenkou/soudankyoushitsu/1024785.html,詳細は宇部市ウェブサイト「離乳食教室」検索番号1003551をご確認ください。
3.00002E+12,1024785,山口県,宇部市,令和7年度離乳食教室（前期コース）,離乳食教室（前期コース）,,2025/11/19,2025/11/19,10:00,11:30,,"
離乳食のすすめ方についてのお話
離乳食のミニ試食　（赤ちゃんは試食できません。）
離乳食Q＆A　管理栄養士、保健師が参加者の質問に答えます。
&nbsp;
",,,宇部市こども支援課,0836-31-1732,,,宇部市保健センター　2階　保健指導室,宇部市琴芝町二丁目1番10号,,,,,有り,22組,,,"申込期間内に離乳食教室電子申請フォームにてお申込みください。 （宇部市民に限る。）
初回の申し込みの方が優先となります。
予約は、受付順となりますので、お早めにお申し込みください。
&nbsp;
",https://www.city.ube.yamaguchi.jp/kosodate/kosodateouen/mokuteki/boshikenkou/soudankyoushitsu/1024785.html,詳細は宇部市ウェブサイト「離乳食教室」検索番号1003551をご確認ください。
3.00002E+12,1024785,山口県,宇部市,令和7年度離乳食教室（前期コース）,離乳食教室（前期コース）,,2026/1/21,2026/1/21,10:00,11:30,,"
離乳食のすすめ方についてのお話
離乳食のミニ試食　（赤ちゃんは試食できません。）
離乳食Q＆A　管理栄養士、保健師が参加者の質問に答えます。
&nbsp;
",,,宇部市こども支援課,0836-31-1732,,,宇部市保健センター　2階　保健指導室,宇部市琴芝町二丁目1番10号,,,,,有り,22組,,,"申込期間内に離乳食教室電子申請フォームにてお申込みください。 （宇部市民に限る。）
初回の申し込みの方が優先となります。
予約は、受付順となりますので、お早めにお申し込みください。
&nbsp;
",https://www.city.ube.yamaguchi.jp/kosodate/kosodateouen/mokuteki/boshikenkou/soudankyoushitsu/1024785.html,詳細は宇部市ウェブサイト「離乳食教室」検索番号1003551をご確認ください。
3.00002E+12,1024785,山口県,宇部市,令和7年度離乳食教室（前期コース）,離乳食教室（前期コース）,,2026/2/18,2026/2/18,10:00,11:30,,"
離乳食のすすめ方についてのお話
離乳食のミニ試食　（赤ちゃんは試食できません。）
離乳食Q＆A　管理栄養士、保健師が参加者の質問に答えます。
&nbsp;
",,,宇部市こども支援課,0836-31-1732,,,宇部市保健センター　2階　保健指導室,宇部市琴芝町二丁目1番10号,,,,,有り,22組,,,"申込期間内に離乳食教室電子申請フォームにてお申込みください。 （宇部市民に限る。）
初回の申し込みの方が優先となります。
予約は、受付順となりますので、お早めにお申し込みください。
&nbsp;
",https://www.city.ube.yamaguchi.jp/kosodate/kosodateouen/mokuteki/boshikenkou/soudankyoushitsu/1024785.html,詳細は宇部市ウェブサイト「離乳食教室」検索番号1003551をご確認ください。
3.00002E+12,1024874,山口県,宇部市,令和7年度離乳食教室（後期コース）,離乳食教室（後期コース）,,2025/6/18,2025/6/18,10:00,11:30,,"
離乳食のすすめ方についてのお話
離乳食のミニ試食　（赤ちゃんは試食できません。）
離乳食Q＆A　管理栄養士、保健師が参加者の質問に答えます。
&nbsp;
",,,宇部市こども支援課,0836-31-1732,,,宇部市保健センター　2階　保健指導室,宇部市琴芝町二丁目1番10号,,,,,有り,22組,,,"申込期間内に離乳食教室電子申請フォームにてお申込みください。 （宇部市民に限る。）
初回の申し込みの方が優先となります。
予約は、受付順となりますので、お早めにお申し込みください。
&nbsp;
",https://www.city.ube.yamaguchi.jp/kosodate/kosodateouen/mokuteki/boshikenkou/soudankyoushitsu/1024874.html,詳細は宇部市ウェブサイト「離乳食教室」検索番号1003551をご確認ください。
3.00002E+12,1024874,山口県,宇部市,令和7年度離乳食教室（後期コース）,離乳食教室（後期コース）,,2025/9/17,2025/9/17,10:00,11:30,,"
離乳食のすすめ方についてのお話
離乳食のミニ試食　（赤ちゃんは試食できません。）
離乳食Q＆A　管理栄養士、保健師が参加者の質問に答えます。
&nbsp;
",,,宇部市こども支援課,0836-31-1732,,,宇部市保健センター　2階　保健指導室,宇部市琴芝町二丁目1番10号,,,,,有り,22組,,,"申込期間内に離乳食教室電子申請フォームにてお申込みください。 （宇部市民に限る。）
初回の申し込みの方が優先となります。
予約は、受付順となりますので、お早めにお申し込みください。
&nbsp;
",https://www.city.ube.yamaguchi.jp/kosodate/kosodateouen/mokuteki/boshikenkou/soudankyoushitsu/1024874.html,詳細は宇部市ウェブサイト「離乳食教室」検索番号1003551をご確認ください。
3.00002E+12,1024874,山口県,宇部市,令和7年度離乳食教室（後期コース）,離乳食教室（後期コース）,,2025/12/17,2025/12/17,10:00,11:30,,"
離乳食のすすめ方についてのお話
離乳食のミニ試食　（赤ちゃんは試食できません。）
離乳食Q＆A　管理栄養士、保健師が参加者の質問に答えます。
&nbsp;
",,,宇部市こども支援課,0836-31-1732,,,宇部市保健センター　2階　保健指導室,宇部市琴芝町二丁目1番10号,,,,,有り,22組,,,"申込期間内に離乳食教室電子申請フォームにてお申込みください。 （宇部市民に限る。）
初回の申し込みの方が優先となります。
予約は、受付順となりますので、お早めにお申し込みください。
&nbsp;
",https://www.city.ube.yamaguchi.jp/kosodate/kosodateouen/mokuteki/boshikenkou/soudankyoushitsu/1024874.html,詳細は宇部市ウェブサイト「離乳食教室」検索番号1003551をご確認ください。
3.00002E+12,1024874,山口県,宇部市,令和7年度離乳食教室（後期コース）,離乳食教室（後期コース）,,2026/3/18,2026/3/18,10:00,11:30,,"
離乳食のすすめ方についてのお話
離乳食のミニ試食　（赤ちゃんは試食できません。）
離乳食Q＆A　管理栄養士、保健師が参加者の質問に答えます。
&nbsp;
",,,宇部市こども支援課,0836-31-1732,,,宇部市保健センター　2階　保健指導室,宇部市琴芝町二丁目1番10号,,,,,有り,22組,,,"申込期間内に離乳食教室電子申請フォームにてお申込みください。 （宇部市民に限る。）
初回の申し込みの方が優先となります。
予約は、受付順となりますので、お早めにお申し込みください。
&nbsp;
",https://www.city.ube.yamaguchi.jp/kosodate/kosodateouen/mokuteki/boshikenkou/soudankyoushitsu/1024874.html,詳細は宇部市ウェブサイト「離乳食教室」検索番号1003551をご確認ください。
3.00002E+12,1024720,山口県,宇部市,「知っちょる？外来種学習会」参加者募集,ガイライシュガクシュウカイ,,2025/6/8,2025/6/8,9:30,11:00,,"実は身近な生きものである外来種について学び、これらを増やさないために一人ひとりが出来ることについて考えてみましょう。
特定外来生物オオキンケイギクの駆除体験も行います。
協力してくれた方にはプレゼントも！
&nbsp;
",0,,環境政策課,0836-34-8248,8248,,宇部市大字車地字寮ノ河内173番地,講堂,,,,,,定員20人 （先着順）,2025/6/6,,"以下URLから電子申請にてお申込みください。
https://logoform.jp/form/yuJH/954522
",https://www.city.ube.yamaguchi.jp/boshu/boshu_bunka/boshu_kouza/1024720.html,
3.00002E+12,1019324,山口県,宇部市,「夏休みこどもエコ教室」参加者募集,ナツヤスミコドモエコキョウシツ,,2025/8/2,2025/8/2,14:00,16:00,,"「エネルギーの創・蓄・省と工作教室」
パナソニック株式会社を講師に迎え、電気を創ること・蓄電・省エネについて30分学習した後、太陽光発電の学習キットを自作し、次世代エネルギーについて楽しく学びます。
&nbsp;
申し込み期間：令和7年7月1日（火曜日）～令和7年7月31日（木曜日）　終日

&nbsp;
",,無料,環境政策課,0836-34-8245,,宇部市,宇部市立図書館 講座室,宇部市琴芝町一丁目1番33号,,33.95516076,131.2515489,"電車：JR琴芝駅下車　徒歩10分
バス：図書館※市街地循環線　徒歩0分、図書館・県総合庁舎下車※「めぐりーな」路線　徒歩3分",有(無料),20組※先着順,2025/7/31,,"氏名(参加者及び保護者)、住所、電話番号を電子申請にてお知らせください。
電子申請
ページ下部「電子申請」の項に記載するリンク先あるいは、チラシ掲載の二次元バーコードからお申込みください。
",https://www.city.ube.yamaguchi.jp/boshu/boshu_bunka/boshu_kouza/1019324.html,
3.00002E+12,1017709,山口県,宇部市,里山ビオトープ二俣瀬で活動したい人を募集,オヤコシゼンカンサツタイ,,2025/4/1,2025/11/30,,,,"月1回程度、土曜日開催、自然観察・体験活動を行います(午前9時～11時頃)。
日程等の詳細は3月中旬ごろにお知らせします。
ビオトープでの活動の後は刈草回収1往復などの簡単な維持管理体験を含みます。
※毎回参加を基本としますが、やむを得ず欠席される場合はその旨を別途ご連絡ください。
&nbsp;
スケジュール（今後実施月及び内容変更の可能性あり）
開催予定月
内容
4月
野草観察
5月
野鳥観察
6月
田植え体験
7月
沢登り(川のいきもの採集)
9月
稲刈り
10月
昆虫観察
11月
振り返り＆解隊式
&nbsp;
",,無料,環境政策課,0836-34-8248,,宇部市,里山ビオトープ二俣瀬　※稲作の行事は少し離れた場所で実施します。,大字車地字山田332番地1,,34.05139,131.29194,"●公共交通機関ご利用の場合
　バス：木田バス停下車　徒歩15分
●自家用車でお越しの場合、駐車場をご利用ください
",,25家族,2025/2/28,,"住所、参加する親子の氏名、子どもの学校名、学年、電話番号、メールアドレスを申込みフォーム、ファクスにてお知らせください。
申込みフォーム
チラシ掲載の2次元バーコードあるいは本ウェブサイト下部「申込みフォーム」の項に記載するリンク先からお申込みください。
ファクス
0836-22-6016
",https://www.city.ube.yamaguchi.jp/boshu/boshu_bunka/boshu_kouza/1017709.html,
3.00002E+12,1025181,山口県,宇部市,折り紙でイルカリースをつくろう！,オリガミデイルカリースオツクロウ,,2025/6/7,2025/6/7,13:30,14:20,※講義形式で行います。,"折り紙を6枚使って、イルカのリースを作ります。
",,無料,宇部市学びの森くすのき,67-1277,,, 宇部市学びの森くすのき　市民交流室,宇部市大字船木361番地6,,,,,,先着10人,,,,https://www.city.ube.yamaguchi.jp/kyouyou/rekishi/kusunoki/1004072/1025181.html,
3.00002E+12,1018433,山口県,宇部市,2025年度 学びの森くすのき　おはなしのじかん,マナビノモリクスノキ　オハナシノジカン,,2025/6/7,2025/6/7,14:30,15:00,,"手遊びや絵本のよみきかせ、ストーリーテリングなど楽しいおはなしが待っています。
おはなしをきいたあと、出席カードにスタンプを押します。スタンプを集めてシールをもらおう！
毎月　第1週目　としばぁばとあそぼう！
毎月　第2週目　おはなしの会「ことばの森」
毎月　第3週目　グリムの会
偶数月第4週目　学びの森くすのき職員
ぜひご参加ください♪
",,,学びの森くすのき・地域文化交流課,0836-67-1277,,学びの森くすのき・地域文化交流課,学びの森くすのき,大字船木字内番田361番地6,,,,,39台（駐車料金無料）,,,,,https://www.city.ube.yamaguchi.jp/kyouyou/rekishi/kusunoki/1004072/1018433.html,※今後の状況によっては、予定が変更になる場合があります。
3.00002E+12,1018433,山口県,宇部市,2025年度 学びの森くすのき　おはなしのじかん,マナビノモリクスノキ　オハナシノジカン,,2025/6/14,2025/6/14,14:30,15:00,,"手遊びや絵本のよみきかせ、ストーリーテリングなど楽しいおはなしが待っています。
おはなしをきいたあと、出席カードにスタンプを押します。スタンプを集めてシールをもらおう！
毎月　第1週目　としばぁばとあそぼう！
毎月　第2週目　おはなしの会「ことばの森」
毎月　第3週目　グリムの会
偶数月第4週目　学びの森くすのき職員
ぜひご参加ください♪
",,,学びの森くすのき・地域文化交流課,0836-67-1277,,学びの森くすのき・地域文化交流課,学びの森くすのき,大字船木字内番田361番地6,,,,,39台（駐車料金無料）,,,,,https://www.city.ube.yamaguchi.jp/kyouyou/rekishi/kusunoki/1004072/1018433.html,※今後の状況によっては、予定が変更になる場合があります。
3.00002E+12,1018433,山口県,宇部市,2025年度 学びの森くすのき　おはなしのじかん,マナビノモリクスノキ　オハナシノジカン,,2025/6/21,2025/6/21,14:30,15:00,,"手遊びや絵本のよみきかせ、ストーリーテリングなど楽しいおはなしが待っています。
おはなしをきいたあと、出席カードにスタンプを押します。スタンプを集めてシールをもらおう！
毎月　第1週目　としばぁばとあそぼう！
毎月　第2週目　おはなしの会「ことばの森」
毎月　第3週目　グリムの会
偶数月第4週目　学びの森くすのき職員
ぜひご参加ください♪
",,,学びの森くすのき・地域文化交流課,0836-67-1277,,学びの森くすのき・地域文化交流課,学びの森くすのき,大字船木字内番田361番地6,,,,,39台（駐車料金無料）,,,,,https://www.city.ube.yamaguchi.jp/kyouyou/rekishi/kusunoki/1004072/1018433.html,※今後の状況によっては、予定が変更になる場合があります。
3.00002E+12,1018433,山口県,宇部市,2025年度 学びの森くすのき　おはなしのじかん,マナビノモリクスノキ　オハナシノジカン,,2025/6/28,2025/6/28,14:30,15:00,,"手遊びや絵本のよみきかせ、ストーリーテリングなど楽しいおはなしが待っています。
おはなしをきいたあと、出席カードにスタンプを押します。スタンプを集めてシールをもらおう！
毎月　第1週目　としばぁばとあそぼう！
毎月　第2週目　おはなしの会「ことばの森」
毎月　第3週目　グリムの会
偶数月第4週目　学びの森くすのき職員
ぜひご参加ください♪
",,,学びの森くすのき・地域文化交流課,0836-67-1277,,学びの森くすのき・地域文化交流課,学びの森くすのき,大字船木字内番田361番地6,,,,,39台（駐車料金無料）,,,,,https://www.city.ube.yamaguchi.jp/kyouyou/rekishi/kusunoki/1004072/1018433.html,※今後の状況によっては、予定が変更になる場合があります。
3.00002E+12,1018433,山口県,宇部市,2025年度 学びの森くすのき　おはなしのじかん,マナビノモリクスノキ　オハナシノジカン,,2025/7/5,2025/7/5,14:30,15:00,,"手遊びや絵本のよみきかせ、ストーリーテリングなど楽しいおはなしが待っています。
おはなしをきいたあと、出席カードにスタンプを押します。スタンプを集めてシールをもらおう！
毎月　第1週目　としばぁばとあそぼう！
毎月　第2週目　おはなしの会「ことばの森」
毎月　第3週目　グリムの会
偶数月第4週目　学びの森くすのき職員
ぜひご参加ください♪
",,,学びの森くすのき・地域文化交流課,0836-67-1277,,学びの森くすのき・地域文化交流課,学びの森くすのき,大字船木字内番田361番地6,,,,,39台（駐車料金無料）,,,,,https://www.city.ube.yamaguchi.jp/kyouyou/rekishi/kusunoki/1004072/1018433.html,※今後の状況によっては、予定が変更になる場合があります。
3.00002E+12,1018433,山口県,宇部市,2025年度 学びの森くすのき　おはなしのじかん,マナビノモリクスノキ　オハナシノジカン,,2025/7/12,2025/7/12,14:30,15:00,,"手遊びや絵本のよみきかせ、ストーリーテリングなど楽しいおはなしが待っています。
おはなしをきいたあと、出席カードにスタンプを押します。スタンプを集めてシールをもらおう！
毎月　第1週目　としばぁばとあそぼう！
毎月　第2週目　おはなしの会「ことばの森」
毎月　第3週目　グリムの会
偶数月第4週目　学びの森くすのき職員
ぜひご参加ください♪
",,,学びの森くすのき・地域文化交流課,0836-67-1277,,学びの森くすのき・地域文化交流課,学びの森くすのき,大字船木字内番田361番地6,,,,,39台（駐車料金無料）,,,,,https://www.city.ube.yamaguchi.jp/kyouyou/rekishi/kusunoki/1004072/1018433.html,※今後の状況によっては、予定が変更になる場合があります。
3.00002E+12,1018433,山口県,宇部市,2025年度 学びの森くすのき　おはなしのじかん,マナビノモリクスノキ　オハナシノジカン,,2025/7/19,2025/7/19,14:30,15:00,,"手遊びや絵本のよみきかせ、ストーリーテリングなど楽しいおはなしが待っています。
おはなしをきいたあと、出席カードにスタンプを押します。スタンプを集めてシールをもらおう！
毎月　第1週目　としばぁばとあそぼう！
毎月　第2週目　おはなしの会「ことばの森」
毎月　第3週目　グリムの会
偶数月第4週目　学びの森くすのき職員
ぜひご参加ください♪
",,,学びの森くすのき・地域文化交流課,0836-67-1277,,学びの森くすのき・地域文化交流課,学びの森くすのき,大字船木字内番田361番地6,,,,,39台（駐車料金無料）,,,,,https://www.city.ube.yamaguchi.jp/kyouyou/rekishi/kusunoki/1004072/1018433.html,※今後の状況によっては、予定が変更になる場合があります。
3.00002E+12,1018433,山口県,宇部市,2025年度 学びの森くすのき　おはなしのじかん,マナビノモリクスノキ　オハナシノジカン,,2025/7/26,2025/7/26,14:30,15:00,,"手遊びや絵本のよみきかせ、ストーリーテリングなど楽しいおはなしが待っています。
おはなしをきいたあと、出席カードにスタンプを押します。スタンプを集めてシールをもらおう！
毎月　第1週目　としばぁばとあそぼう！
毎月　第2週目　おはなしの会「ことばの森」
毎月　第3週目　グリムの会
偶数月第4週目　学びの森くすのき職員
ぜひご参加ください♪
",,,学びの森くすのき・地域文化交流課,0836-67-1277,,学びの森くすのき・地域文化交流課,学びの森くすのき,大字船木字内番田361番地6,,,,,39台（駐車料金無料）,,,,,https://www.city.ube.yamaguchi.jp/kyouyou/rekishi/kusunoki/1004072/1018433.html,※今後の状況によっては、予定が変更になる場合があります。
3.00002E+12,1018433,山口県,宇部市,2025年度 学びの森くすのき　おはなしのじかん,マナビノモリクスノキ　オハナシノジカン,,2025/8/2,2025/8/2,14:30,15:00,,"手遊びや絵本のよみきかせ、ストーリーテリングなど楽しいおはなしが待っています。
おはなしをきいたあと、出席カードにスタンプを押します。スタンプを集めてシールをもらおう！
毎月　第1週目　としばぁばとあそぼう！
毎月　第2週目　おはなしの会「ことばの森」
毎月　第3週目　グリムの会
偶数月第4週目　学びの森くすのき職員
ぜひご参加ください♪
",,,学びの森くすのき・地域文化交流課,0836-67-1277,,学びの森くすのき・地域文化交流課,学びの森くすのき,大字船木字内番田361番地6,,,,,39台（駐車料金無料）,,,,,https://www.city.ube.yamaguchi.jp/kyouyou/rekishi/kusunoki/1004072/1018433.html,※今後の状況によっては、予定が変更になる場合があります。
3.00002E+12,1018433,山口県,宇部市,2025年度 学びの森くすのき　おはなしのじかん,マナビノモリクスノキ　オハナシノジカン,,2025/8/9,2025/8/9,14:30,15:00,,"手遊びや絵本のよみきかせ、ストーリーテリングなど楽しいおはなしが待っています。
おはなしをきいたあと、出席カードにスタンプを押します。スタンプを集めてシールをもらおう！
毎月　第1週目　としばぁばとあそぼう！
毎月　第2週目　おはなしの会「ことばの森」
毎月　第3週目　グリムの会
偶数月第4週目　学びの森くすのき職員
ぜひご参加ください♪
",,,学びの森くすのき・地域文化交流課,0836-67-1277,,学びの森くすのき・地域文化交流課,学びの森くすのき,大字船木字内番田361番地6,,,,,39台（駐車料金無料）,,,,,https://www.city.ube.yamaguchi.jp/kyouyou/rekishi/kusunoki/1004072/1018433.html,※今後の状況によっては、予定が変更になる場合があります。
3.00002E+12,1018433,山口県,宇部市,2025年度 学びの森くすのき　おはなしのじかん,マナビノモリクスノキ　オハナシノジカン,,2025/8/16,2025/8/16,14:30,15:00,,"手遊びや絵本のよみきかせ、ストーリーテリングなど楽しいおはなしが待っています。
おはなしをきいたあと、出席カードにスタンプを押します。スタンプを集めてシールをもらおう！
毎月　第1週目　としばぁばとあそぼう！
毎月　第2週目　おはなしの会「ことばの森」
毎月　第3週目　グリムの会
偶数月第4週目　学びの森くすのき職員
ぜひご参加ください♪
",,,学びの森くすのき・地域文化交流課,0836-67-1277,,学びの森くすのき・地域文化交流課,学びの森くすのき,大字船木字内番田361番地6,,,,,39台（駐車料金無料）,,,,,https://www.city.ube.yamaguchi.jp/kyouyou/rekishi/kusunoki/1004072/1018433.html,※今後の状況によっては、予定が変更になる場合があります。
3.00002E+12,1018433,山口県,宇部市,2025年度 学びの森くすのき　おはなしのじかん,マナビノモリクスノキ　オハナシノジカン,,2025/8/23,2025/8/23,14:30,15:00,,"手遊びや絵本のよみきかせ、ストーリーテリングなど楽しいおはなしが待っています。
おはなしをきいたあと、出席カードにスタンプを押します。スタンプを集めてシールをもらおう！
毎月　第1週目　としばぁばとあそぼう！
毎月　第2週目　おはなしの会「ことばの森」
毎月　第3週目　グリムの会
偶数月第4週目　学びの森くすのき職員
ぜひご参加ください♪
",,,学びの森くすのき・地域文化交流課,0836-67-1277,,学びの森くすのき・地域文化交流課,学びの森くすのき,大字船木字内番田361番地6,,,,,39台（駐車料金無料）,,,,,https://www.city.ube.yamaguchi.jp/kyouyou/rekishi/kusunoki/1004072/1018433.html,※今後の状況によっては、予定が変更になる場合があります。
3.00002E+12,1018433,山口県,宇部市,2025年度 学びの森くすのき　おはなしのじかん,マナビノモリクスノキ　オハナシノジカン,,2025/9/6,2025/9/6,14:30,15:00,,"手遊びや絵本のよみきかせ、ストーリーテリングなど楽しいおはなしが待っています。
おはなしをきいたあと、出席カードにスタンプを押します。スタンプを集めてシールをもらおう！
毎月　第1週目　としばぁばとあそぼう！
毎月　第2週目　おはなしの会「ことばの森」
毎月　第3週目　グリムの会
偶数月第4週目　学びの森くすのき職員
ぜひご参加ください♪
",,,学びの森くすのき・地域文化交流課,0836-67-1277,,学びの森くすのき・地域文化交流課,学びの森くすのき,大字船木字内番田361番地6,,,,,39台（駐車料金無料）,,,,,https://www.city.ube.yamaguchi.jp/kyouyou/rekishi/kusunoki/1004072/1018433.html,※今後の状況によっては、予定が変更になる場合があります。
3.00002E+12,1018433,山口県,宇部市,2025年度 学びの森くすのき　おはなしのじかん,マナビノモリクスノキ　オハナシノジカン,,2025/9/13,2025/9/13,14:30,15:00,,"手遊びや絵本のよみきかせ、ストーリーテリングなど楽しいおはなしが待っています。
おはなしをきいたあと、出席カードにスタンプを押します。スタンプを集めてシールをもらおう！
毎月　第1週目　としばぁばとあそぼう！
毎月　第2週目　おはなしの会「ことばの森」
毎月　第3週目　グリムの会
偶数月第4週目　学びの森くすのき職員
ぜひご参加ください♪
",,,学びの森くすのき・地域文化交流課,0836-67-1277,,学びの森くすのき・地域文化交流課,学びの森くすのき,大字船木字内番田361番地6,,,,,39台（駐車料金無料）,,,,,https://www.city.ube.yamaguchi.jp/kyouyou/rekishi/kusunoki/1004072/1018433.html,※今後の状況によっては、予定が変更になる場合があります。
3.00002E+12,1018433,山口県,宇部市,2025年度 学びの森くすのき　おはなしのじかん,マナビノモリクスノキ　オハナシノジカン,,2025/9/20,2025/9/20,14:30,15:00,,"手遊びや絵本のよみきかせ、ストーリーテリングなど楽しいおはなしが待っています。
おはなしをきいたあと、出席カードにスタンプを押します。スタンプを集めてシールをもらおう！
毎月　第1週目　としばぁばとあそぼう！
毎月　第2週目　おはなしの会「ことばの森」
毎月　第3週目　グリムの会
偶数月第4週目　学びの森くすのき職員
ぜひご参加ください♪
",,,学びの森くすのき・地域文化交流課,0836-67-1277,,学びの森くすのき・地域文化交流課,学びの森くすのき,大字船木字内番田361番地6,,,,,39台（駐車料金無料）,,,,,https://www.city.ube.yamaguchi.jp/kyouyou/rekishi/kusunoki/1004072/1018433.html,※今後の状況によっては、予定が変更になる場合があります。
3.00002E+12,1018433,山口県,宇部市,2025年度 学びの森くすのき　おはなしのじかん,マナビノモリクスノキ　オハナシノジカン,,2025/9/27,2025/9/27,14:30,15:00,,"手遊びや絵本のよみきかせ、ストーリーテリングなど楽しいおはなしが待っています。
おはなしをきいたあと、出席カードにスタンプを押します。スタンプを集めてシールをもらおう！
毎月　第1週目　としばぁばとあそぼう！
毎月　第2週目　おはなしの会「ことばの森」
毎月　第3週目　グリムの会
偶数月第4週目　学びの森くすのき職員
ぜひご参加ください♪
",,,学びの森くすのき・地域文化交流課,0836-67-1277,,学びの森くすのき・地域文化交流課,学びの森くすのき,大字船木字内番田361番地6,,,,,39台（駐車料金無料）,,,,,https://www.city.ube.yamaguchi.jp/kyouyou/rekishi/kusunoki/1004072/1018433.html,※今後の状況によっては、予定が変更になる場合があります。
3.00002E+12,1018433,山口県,宇部市,2025年度 学びの森くすのき　おはなしのじかん,マナビノモリクスノキ　オハナシノジカン,,2025/10/4,2025/10/4,14:30,15:00,,"手遊びや絵本のよみきかせ、ストーリーテリングなど楽しいおはなしが待っています。
おはなしをきいたあと、出席カードにスタンプを押します。スタンプを集めてシールをもらおう！
毎月　第1週目　としばぁばとあそぼう！
毎月　第2週目　おはなしの会「ことばの森」
毎月　第3週目　グリムの会
偶数月第4週目　学びの森くすのき職員
ぜひご参加ください♪
",,,学びの森くすのき・地域文化交流課,0836-67-1277,,学びの森くすのき・地域文化交流課,学びの森くすのき,大字船木字内番田361番地6,,,,,39台（駐車料金無料）,,,,,https://www.city.ube.yamaguchi.jp/kyouyou/rekishi/kusunoki/1004072/1018433.html,※今後の状況によっては、予定が変更になる場合があります。
3.00002E+12,1018433,山口県,宇部市,2025年度 学びの森くすのき　おはなしのじかん,マナビノモリクスノキ　オハナシノジカン,,2025/10/11,2025/10/11,14:30,15:00,,"手遊びや絵本のよみきかせ、ストーリーテリングなど楽しいおはなしが待っています。
おはなしをきいたあと、出席カードにスタンプを押します。スタンプを集めてシールをもらおう！
毎月　第1週目　としばぁばとあそぼう！
毎月　第2週目　おはなしの会「ことばの森」
毎月　第3週目　グリムの会
偶数月第4週目　学びの森くすのき職員
ぜひご参加ください♪
",,,学びの森くすのき・地域文化交流課,0836-67-1277,,学びの森くすのき・地域文化交流課,学びの森くすのき,大字船木字内番田361番地6,,,,,39台（駐車料金無料）,,,,,https://www.city.ube.yamaguchi.jp/kyouyou/rekishi/kusunoki/1004072/1018433.html,※今後の状況によっては、予定が変更になる場合があります。
3.00002E+12,1018433,山口県,宇部市,2025年度 学びの森くすのき　おはなしのじかん,マナビノモリクスノキ　オハナシノジカン,,2025/10/18,2025/10/18,14:30,15:00,,"手遊びや絵本のよみきかせ、ストーリーテリングなど楽しいおはなしが待っています。
おはなしをきいたあと、出席カードにスタンプを押します。スタンプを集めてシールをもらおう！
毎月　第1週目　としばぁばとあそぼう！
毎月　第2週目　おはなしの会「ことばの森」
毎月　第3週目　グリムの会
偶数月第4週目　学びの森くすのき職員
ぜひご参加ください♪
",,,学びの森くすのき・地域文化交流課,0836-67-1277,,学びの森くすのき・地域文化交流課,学びの森くすのき,大字船木字内番田361番地6,,,,,39台（駐車料金無料）,,,,,https://www.city.ube.yamaguchi.jp/kyouyou/rekishi/kusunoki/1004072/1018433.html,※今後の状況によっては、予定が変更になる場合があります。
3.00002E+12,1018433,山口県,宇部市,2025年度 学びの森くすのき　おはなしのじかん,マナビノモリクスノキ　オハナシノジカン,,2025/10/25,2025/10/25,14:30,15:00,,"手遊びや絵本のよみきかせ、ストーリーテリングなど楽しいおはなしが待っています。
おはなしをきいたあと、出席カードにスタンプを押します。スタンプを集めてシールをもらおう！
毎月　第1週目　としばぁばとあそぼう！
毎月　第2週目　おはなしの会「ことばの森」
毎月　第3週目　グリムの会
偶数月第4週目　学びの森くすのき職員
ぜひご参加ください♪
",,,学びの森くすのき・地域文化交流課,0836-67-1277,,学びの森くすのき・地域文化交流課,学びの森くすのき,大字船木字内番田361番地6,,,,,39台（駐車料金無料）,,,,,https://www.city.ube.yamaguchi.jp/kyouyou/rekishi/kusunoki/1004072/1018433.html,※今後の状況によっては、予定が変更になる場合があります。
3.00002E+12,1018433,山口県,宇部市,2025年度 学びの森くすのき　おはなしのじかん,マナビノモリクスノキ　オハナシノジカン,,2025/11/1,2025/11/1,14:30,15:00,,"手遊びや絵本のよみきかせ、ストーリーテリングなど楽しいおはなしが待っています。
おはなしをきいたあと、出席カードにスタンプを押します。スタンプを集めてシールをもらおう！
毎月　第1週目　としばぁばとあそぼう！
毎月　第2週目　おはなしの会「ことばの森」
毎月　第3週目　グリムの会
偶数月第4週目　学びの森くすのき職員
ぜひご参加ください♪
",,,学びの森くすのき・地域文化交流課,0836-67-1277,,学びの森くすのき・地域文化交流課,学びの森くすのき,大字船木字内番田361番地6,,,,,39台（駐車料金無料）,,,,,https://www.city.ube.yamaguchi.jp/kyouyou/rekishi/kusunoki/1004072/1018433.html,※今後の状況によっては、予定が変更になる場合があります。
3.00002E+12,1018433,山口県,宇部市,2025年度 学びの森くすのき　おはなしのじかん,マナビノモリクスノキ　オハナシノジカン,,2025/11/8,2025/11/8,14:30,15:00,,"手遊びや絵本のよみきかせ、ストーリーテリングなど楽しいおはなしが待っています。
おはなしをきいたあと、出席カードにスタンプを押します。スタンプを集めてシールをもらおう！
毎月　第1週目　としばぁばとあそぼう！
毎月　第2週目　おはなしの会「ことばの森」
毎月　第3週目　グリムの会
偶数月第4週目　学びの森くすのき職員
ぜひご参加ください♪
",,,学びの森くすのき・地域文化交流課,0836-67-1277,,学びの森くすのき・地域文化交流課,学びの森くすのき,大字船木字内番田361番地6,,,,,39台（駐車料金無料）,,,,,https://www.city.ube.yamaguchi.jp/kyouyou/rekishi/kusunoki/1004072/1018433.html,※今後の状況によっては、予定が変更になる場合があります。
3.00002E+12,1018433,山口県,宇部市,2025年度 学びの森くすのき　おはなしのじかん,マナビノモリクスノキ　オハナシノジカン,,2025/11/15,2025/11/15,14:30,15:00,,"手遊びや絵本のよみきかせ、ストーリーテリングなど楽しいおはなしが待っています。
おはなしをきいたあと、出席カードにスタンプを押します。スタンプを集めてシールをもらおう！
毎月　第1週目　としばぁばとあそぼう！
毎月　第2週目　おはなしの会「ことばの森」
毎月　第3週目　グリムの会
偶数月第4週目　学びの森くすのき職員
ぜひご参加ください♪
",,,学びの森くすのき・地域文化交流課,0836-67-1277,,学びの森くすのき・地域文化交流課,学びの森くすのき,大字船木字内番田361番地6,,,,,39台（駐車料金無料）,,,,,https://www.city.ube.yamaguchi.jp/kyouyou/rekishi/kusunoki/1004072/1018433.html,※今後の状況によっては、予定が変更になる場合があります。
3.00002E+12,1018433,山口県,宇部市,2025年度 学びの森くすのき　おはなしのじかん,マナビノモリクスノキ　オハナシノジカン,,2025/11/22,2025/11/22,14:30,15:00,,"手遊びや絵本のよみきかせ、ストーリーテリングなど楽しいおはなしが待っています。
おはなしをきいたあと、出席カードにスタンプを押します。スタンプを集めてシールをもらおう！
毎月　第1週目　としばぁばとあそぼう！
毎月　第2週目　おはなしの会「ことばの森」
毎月　第3週目　グリムの会
偶数月第4週目　学びの森くすのき職員
ぜひご参加ください♪
",,,学びの森くすのき・地域文化交流課,0836-67-1277,,学びの森くすのき・地域文化交流課,学びの森くすのき,大字船木字内番田361番地6,,,,,39台（駐車料金無料）,,,,,https://www.city.ube.yamaguchi.jp/kyouyou/rekishi/kusunoki/1004072/1018433.html,※今後の状況によっては、予定が変更になる場合があります。
3.00002E+12,1018433,山口県,宇部市,2025年度 学びの森くすのき　おはなしのじかん,マナビノモリクスノキ　オハナシノジカン,,2025/12/6,2025/12/6,14:30,15:00,,"手遊びや絵本のよみきかせ、ストーリーテリングなど楽しいおはなしが待っています。
おはなしをきいたあと、出席カードにスタンプを押します。スタンプを集めてシールをもらおう！
毎月　第1週目　としばぁばとあそぼう！
毎月　第2週目　おはなしの会「ことばの森」
毎月　第3週目　グリムの会
偶数月第4週目　学びの森くすのき職員
ぜひご参加ください♪
",,,学びの森くすのき・地域文化交流課,0836-67-1277,,学びの森くすのき・地域文化交流課,学びの森くすのき,大字船木字内番田361番地6,,,,,39台（駐車料金無料）,,,,,https://www.city.ube.yamaguchi.jp/kyouyou/rekishi/kusunoki/1004072/1018433.html,※今後の状況によっては、予定が変更になる場合があります。
3.00002E+12,1018433,山口県,宇部市,2025年度 学びの森くすのき　おはなしのじかん,マナビノモリクスノキ　オハナシノジカン,,2025/12/13,2025/12/13,14:30,15:00,,"手遊びや絵本のよみきかせ、ストーリーテリングなど楽しいおはなしが待っています。
おはなしをきいたあと、出席カードにスタンプを押します。スタンプを集めてシールをもらおう！
毎月　第1週目　としばぁばとあそぼう！
毎月　第2週目　おはなしの会「ことばの森」
毎月　第3週目　グリムの会
偶数月第4週目　学びの森くすのき職員
ぜひご参加ください♪
",,,学びの森くすのき・地域文化交流課,0836-67-1277,,学びの森くすのき・地域文化交流課,学びの森くすのき,大字船木字内番田361番地6,,,,,39台（駐車料金無料）,,,,,https://www.city.ube.yamaguchi.jp/kyouyou/rekishi/kusunoki/1004072/1018433.html,※今後の状況によっては、予定が変更になる場合があります。
3.00002E+12,1018433,山口県,宇部市,2025年度 学びの森くすのき　おはなしのじかん,マナビノモリクスノキ　オハナシノジカン,,2025/12/20,2025/12/20,14:30,15:00,,"手遊びや絵本のよみきかせ、ストーリーテリングなど楽しいおはなしが待っています。
おはなしをきいたあと、出席カードにスタンプを押します。スタンプを集めてシールをもらおう！
毎月　第1週目　としばぁばとあそぼう！
毎月　第2週目　おはなしの会「ことばの森」
毎月　第3週目　グリムの会
偶数月第4週目　学びの森くすのき職員
ぜひご参加ください♪
",,,学びの森くすのき・地域文化交流課,0836-67-1277,,学びの森くすのき・地域文化交流課,学びの森くすのき,大字船木字内番田361番地6,,,,,39台（駐車料金無料）,,,,,https://www.city.ube.yamaguchi.jp/kyouyou/rekishi/kusunoki/1004072/1018433.html,※今後の状況によっては、予定が変更になる場合があります。
3.00002E+12,1018433,山口県,宇部市,2025年度 学びの森くすのき　おはなしのじかん,マナビノモリクスノキ　オハナシノジカン,,2025/12/27,2025/12/27,14:30,15:00,,"手遊びや絵本のよみきかせ、ストーリーテリングなど楽しいおはなしが待っています。
おはなしをきいたあと、出席カードにスタンプを押します。スタンプを集めてシールをもらおう！
毎月　第1週目　としばぁばとあそぼう！
毎月　第2週目　おはなしの会「ことばの森」
毎月　第3週目　グリムの会
偶数月第4週目　学びの森くすのき職員
ぜひご参加ください♪
",,,学びの森くすのき・地域文化交流課,0836-67-1277,,学びの森くすのき・地域文化交流課,学びの森くすのき,大字船木字内番田361番地6,,,,,39台（駐車料金無料）,,,,,https://www.city.ube.yamaguchi.jp/kyouyou/rekishi/kusunoki/1004072/1018433.html,※今後の状況によっては、予定が変更になる場合があります。
3.00002E+12,1018433,山口県,宇部市,2025年度 学びの森くすのき　おはなしのじかん,マナビノモリクスノキ　オハナシノジカン,,2026/1/10,2026/1/10,14:30,15:00,,"手遊びや絵本のよみきかせ、ストーリーテリングなど楽しいおはなしが待っています。
おはなしをきいたあと、出席カードにスタンプを押します。スタンプを集めてシールをもらおう！
毎月　第1週目　としばぁばとあそぼう！
毎月　第2週目　おはなしの会「ことばの森」
毎月　第3週目　グリムの会
偶数月第4週目　学びの森くすのき職員
ぜひご参加ください♪
",,,学びの森くすのき・地域文化交流課,0836-67-1277,,学びの森くすのき・地域文化交流課,学びの森くすのき,大字船木字内番田361番地6,,,,,39台（駐車料金無料）,,,,,https://www.city.ube.yamaguchi.jp/kyouyou/rekishi/kusunoki/1004072/1018433.html,※今後の状況によっては、予定が変更になる場合があります。
3.00002E+12,1018433,山口県,宇部市,2025年度 学びの森くすのき　おはなしのじかん,マナビノモリクスノキ　オハナシノジカン,,2026/1/17,2026/1/17,14:30,15:00,,"手遊びや絵本のよみきかせ、ストーリーテリングなど楽しいおはなしが待っています。
おはなしをきいたあと、出席カードにスタンプを押します。スタンプを集めてシールをもらおう！
毎月　第1週目　としばぁばとあそぼう！
毎月　第2週目　おはなしの会「ことばの森」
毎月　第3週目　グリムの会
偶数月第4週目　学びの森くすのき職員
ぜひご参加ください♪
",,,学びの森くすのき・地域文化交流課,0836-67-1277,,学びの森くすのき・地域文化交流課,学びの森くすのき,大字船木字内番田361番地6,,,,,39台（駐車料金無料）,,,,,https://www.city.ube.yamaguchi.jp/kyouyou/rekishi/kusunoki/1004072/1018433.html,※今後の状況によっては、予定が変更になる場合があります。
3.00002E+12,1018433,山口県,宇部市,2025年度 学びの森くすのき　おはなしのじかん,マナビノモリクスノキ　オハナシノジカン,,2026/1/24,2026/1/24,14:30,15:00,,"手遊びや絵本のよみきかせ、ストーリーテリングなど楽しいおはなしが待っています。
おはなしをきいたあと、出席カードにスタンプを押します。スタンプを集めてシールをもらおう！
毎月　第1週目　としばぁばとあそぼう！
毎月　第2週目　おはなしの会「ことばの森」
毎月　第3週目　グリムの会
偶数月第4週目　学びの森くすのき職員
ぜひご参加ください♪
",,,学びの森くすのき・地域文化交流課,0836-67-1277,,学びの森くすのき・地域文化交流課,学びの森くすのき,大字船木字内番田361番地6,,,,,39台（駐車料金無料）,,,,,https://www.city.ube.yamaguchi.jp/kyouyou/rekishi/kusunoki/1004072/1018433.html,※今後の状況によっては、予定が変更になる場合があります。
3.00002E+12,1018433,山口県,宇部市,2025年度 学びの森くすのき　おはなしのじかん,マナビノモリクスノキ　オハナシノジカン,,2026/2/7,2026/2/7,14:30,15:00,,"手遊びや絵本のよみきかせ、ストーリーテリングなど楽しいおはなしが待っています。
おはなしをきいたあと、出席カードにスタンプを押します。スタンプを集めてシールをもらおう！
毎月　第1週目　としばぁばとあそぼう！
毎月　第2週目　おはなしの会「ことばの森」
毎月　第3週目　グリムの会
偶数月第4週目　学びの森くすのき職員
ぜひご参加ください♪
",,,学びの森くすのき・地域文化交流課,0836-67-1277,,学びの森くすのき・地域文化交流課,学びの森くすのき,大字船木字内番田361番地6,,,,,39台（駐車料金無料）,,,,,https://www.city.ube.yamaguchi.jp/kyouyou/rekishi/kusunoki/1004072/1018433.html,※今後の状況によっては、予定が変更になる場合があります。
3.00002E+12,1018433,山口県,宇部市,2025年度 学びの森くすのき　おはなしのじかん,マナビノモリクスノキ　オハナシノジカン,,2026/2/14,2026/2/14,14:30,15:00,,"手遊びや絵本のよみきかせ、ストーリーテリングなど楽しいおはなしが待っています。
おはなしをきいたあと、出席カードにスタンプを押します。スタンプを集めてシールをもらおう！
毎月　第1週目　としばぁばとあそぼう！
毎月　第2週目　おはなしの会「ことばの森」
毎月　第3週目　グリムの会
偶数月第4週目　学びの森くすのき職員
ぜひご参加ください♪
",,,学びの森くすのき・地域文化交流課,0836-67-1277,,学びの森くすのき・地域文化交流課,学びの森くすのき,大字船木字内番田361番地6,,,,,39台（駐車料金無料）,,,,,https://www.city.ube.yamaguchi.jp/kyouyou/rekishi/kusunoki/1004072/1018433.html,※今後の状況によっては、予定が変更になる場合があります。
3.00002E+12,1018433,山口県,宇部市,2025年度 学びの森くすのき　おはなしのじかん,マナビノモリクスノキ　オハナシノジカン,,2026/2/21,2026/2/21,14:30,15:00,,"手遊びや絵本のよみきかせ、ストーリーテリングなど楽しいおはなしが待っています。
おはなしをきいたあと、出席カードにスタンプを押します。スタンプを集めてシールをもらおう！
毎月　第1週目　としばぁばとあそぼう！
毎月　第2週目　おはなしの会「ことばの森」
毎月　第3週目　グリムの会
偶数月第4週目　学びの森くすのき職員
ぜひご参加ください♪
",,,学びの森くすのき・地域文化交流課,0836-67-1277,,学びの森くすのき・地域文化交流課,学びの森くすのき,大字船木字内番田361番地6,,,,,39台（駐車料金無料）,,,,,https://www.city.ube.yamaguchi.jp/kyouyou/rekishi/kusunoki/1004072/1018433.html,※今後の状況によっては、予定が変更になる場合があります。
3.00002E+12,1018433,山口県,宇部市,2025年度 学びの森くすのき　おはなしのじかん,マナビノモリクスノキ　オハナシノジカン,,2026/2/28,2026/2/28,14:30,15:00,,"手遊びや絵本のよみきかせ、ストーリーテリングなど楽しいおはなしが待っています。
おはなしをきいたあと、出席カードにスタンプを押します。スタンプを集めてシールをもらおう！
毎月　第1週目　としばぁばとあそぼう！
毎月　第2週目　おはなしの会「ことばの森」
毎月　第3週目　グリムの会
偶数月第4週目　学びの森くすのき職員
ぜひご参加ください♪
",,,学びの森くすのき・地域文化交流課,0836-67-1277,,学びの森くすのき・地域文化交流課,学びの森くすのき,大字船木字内番田361番地6,,,,,39台（駐車料金無料）,,,,,https://www.city.ube.yamaguchi.jp/kyouyou/rekishi/kusunoki/1004072/1018433.html,※今後の状況によっては、予定が変更になる場合があります。
3.00002E+12,1018433,山口県,宇部市,2025年度 学びの森くすのき　おはなしのじかん,マナビノモリクスノキ　オハナシノジカン,,2026/3/7,2026/3/7,14:30,15:00,,"手遊びや絵本のよみきかせ、ストーリーテリングなど楽しいおはなしが待っています。
おはなしをきいたあと、出席カードにスタンプを押します。スタンプを集めてシールをもらおう！
毎月　第1週目　としばぁばとあそぼう！
毎月　第2週目　おはなしの会「ことばの森」
毎月　第3週目　グリムの会
偶数月第4週目　学びの森くすのき職員
ぜひご参加ください♪
",,,学びの森くすのき・地域文化交流課,0836-67-1277,,学びの森くすのき・地域文化交流課,学びの森くすのき,大字船木字内番田361番地6,,,,,39台（駐車料金無料）,,,,,https://www.city.ube.yamaguchi.jp/kyouyou/rekishi/kusunoki/1004072/1018433.html,※今後の状況によっては、予定が変更になる場合があります。
3.00002E+12,1018433,山口県,宇部市,2025年度 学びの森くすのき　おはなしのじかん,マナビノモリクスノキ　オハナシノジカン,,2026/3/14,2026/3/14,14:30,15:00,,"手遊びや絵本のよみきかせ、ストーリーテリングなど楽しいおはなしが待っています。
おはなしをきいたあと、出席カードにスタンプを押します。スタンプを集めてシールをもらおう！
毎月　第1週目　としばぁばとあそぼう！
毎月　第2週目　おはなしの会「ことばの森」
毎月　第3週目　グリムの会
偶数月第4週目　学びの森くすのき職員
ぜひご参加ください♪
",,,学びの森くすのき・地域文化交流課,0836-67-1277,,学びの森くすのき・地域文化交流課,学びの森くすのき,大字船木字内番田361番地6,,,,,39台（駐車料金無料）,,,,,https://www.city.ube.yamaguchi.jp/kyouyou/rekishi/kusunoki/1004072/1018433.html,※今後の状況によっては、予定が変更になる場合があります。
3.00002E+12,1018433,山口県,宇部市,2025年度 学びの森くすのき　おはなしのじかん,マナビノモリクスノキ　オハナシノジカン,,2026/3/21,2026/3/21,14:30,15:00,,"手遊びや絵本のよみきかせ、ストーリーテリングなど楽しいおはなしが待っています。
おはなしをきいたあと、出席カードにスタンプを押します。スタンプを集めてシールをもらおう！
毎月　第1週目　としばぁばとあそぼう！
毎月　第2週目　おはなしの会「ことばの森」
毎月　第3週目　グリムの会
偶数月第4週目　学びの森くすのき職員
ぜひご参加ください♪
",,,学びの森くすのき・地域文化交流課,0836-67-1277,,学びの森くすのき・地域文化交流課,学びの森くすのき,大字船木字内番田361番地6,,,,,39台（駐車料金無料）,,,,,https://www.city.ube.yamaguchi.jp/kyouyou/rekishi/kusunoki/1004072/1018433.html,※今後の状況によっては、予定が変更になる場合があります。
3.00002E+12,1018433,山口県,宇部市,2025年度 学びの森くすのき　おはなしのじかん,マナビノモリクスノキ　オハナシノジカン,,2026/3/28,2026/3/28,14:30,15:00,,"手遊びや絵本のよみきかせ、ストーリーテリングなど楽しいおはなしが待っています。
おはなしをきいたあと、出席カードにスタンプを押します。スタンプを集めてシールをもらおう！
毎月　第1週目　としばぁばとあそぼう！
毎月　第2週目　おはなしの会「ことばの森」
毎月　第3週目　グリムの会
偶数月第4週目　学びの森くすのき職員
ぜひご参加ください♪
",,,学びの森くすのき・地域文化交流課,0836-67-1277,,学びの森くすのき・地域文化交流課,学びの森くすのき,大字船木字内番田361番地6,,,,,39台（駐車料金無料）,,,,,https://www.city.ube.yamaguchi.jp/kyouyou/rekishi/kusunoki/1004072/1018433.html,※今後の状況によっては、予定が変更になる場合があります。
3.00002E+12,1024915,山口県,宇部市,市民公開講座2025　知っちょる？山大病院「いつまでも美味しく、安全に食べるために ～摂食嚥下チームの挑戦～」,シミンコウカイコウザ2025　シッチョル？ヤマダイビョウイン「イツマデモオイシク、アンゼンニタベルタメニ　～セッショクエンゲチームノチョウセン～」,,2025/6/28,2025/6/28,,,11時～12時30分,"人生100年時代に向け、「“食べる” ことは “生きる” こと」です。
“元気に、安全に食べる” 秘訣を、山大病院の医師と看護師がお話しします。
【対談者】
耳鼻咽喉科医師　津田　潤子
摂食嚥下認定看護師　中村　由子
",,無料,山口大学医学部附属病院　広報戦略センター,0836-22-2009,,山口大学医学部附属病院,宇部市立図書館2階講座室,宇部市琴芝町一丁目1番33号,,,,,,60名,2025/6/27,,"電話または申込フォーム
",https://www.city.ube.yamaguchi.jp/kenkou/kenkouzukuri/kenkoutorikumi/1024915.html,
3.00002E+12,1024986,山口県,宇部市,コープやまぐち×宇部市　ときわ湖畔ウォーク,コープヤマグチ　カケル　ウベシ　トキワコハンウォーク,,2025/6/21,2025/6/21,,,9時スタート,"チェックポイントを目指し、最大6kmの湖畔をウォーキング。ゴールすると、ガラポン抽選会に参加できます。雨天時は屋内で健康測定のみ実施します。
",,無料,宇部市健康増進課（宇部市保健センター）,0836-31-1777,,生活協同組合コープやまぐち、宇部市,ときわ湖水ホール前（受付）,宇部市大字沖宇部254,,,,,,,,,,https://www.city.ube.yamaguchi.jp/kenkou/kenkouzukuri/kenkoutorikumi/1024986.html,
3.00002E+12,1025172,山口県,宇部市,市民公開講座　これからの認知症のはなし　～認知症の一歩手前？MCIってなんだろう～,コレカラノニンチショウノハナシ　～ニンチショウノイッポテマエ？エムシーアイッテナンダロウ～,,2025/6/28,2025/6/28,13:00,15:00,,"&nbsp;
第1部の講演は、全国で同時配信される講演を会場で視聴します。第2部は、会場での講演となります。
時間
内容・講師
第1部（WEB配信）
13時～13時45分
講座　脳の健康と向き合う
　～MCIや認知症を知ろう～
講師　東京都健康長寿医療センター
　副院長　岩田　淳　先生
第2部（現地講演）
14時～14時45分
&nbsp;
&nbsp;
&nbsp;
14時45分～15時
講座　初期の認知症にいかに気づき対応するか
講師　山口県立こころの医療センター院長
　・認知症疾患医療センター長
　兼行　浩史　先生
&nbsp;
説明　ご本人ご家族が利用できる制度や取組
　宇部市役所　高齢福祉課
&nbsp;
",,,,,,,宇部市渡辺翁記念会館,宇部市朝日町8－1,,,,,,,2025/6/23,,,https://www.city.ube.yamaguchi.jp/kenkou/koureifukushi/ninchishou/1025172.html,
3.00002E+12,1021827,山口県,宇部市,元気に生きる！シニアのための健康遊具活用講座,ゲンキニイキル！シニアノタメノケンコウユウグカツヨウコウザ,,2025/6/17,2025/6/17,,,10時00分～11時30分,"専門家による健康遊具の正しい使い方の説明体験
持参品：飲み物、動きやすい服装、（雨天時：室内シューズ、バスタオル又はヨガマット）
※雨天時は、自宅でもできる筋力・柔軟性向上のための体操の実技を行います。
",,無料,宇部市高齢福祉課,34－8303,,,西部体育館・蛭子公園　（※雨天時は、西部体育館のみ）,宇部市島三丁目9番16号,,,,,,30人（先着順）,,,"6月2日から、下記LOGOフォーム又は電話で高齢福祉課へ
申し込みサイトはコチラ（LOGOフォーム)
※申込受付は、定員に達し次第、終了いたします。
",https://www.city.ube.yamaguchi.jp/kenkou/kenkouzukuri/1020761/kanjakaigo/1021827.html,
3.00002E+12,1025332,山口県,宇部市,第10回 UBEにぎわい縁日,第10回 UBEにぎわい縁日,,2025/5/31,2025/5/31,11:00,17:00,,"5⽉31⽇（⼟）に中央街区公園（銀天プラザステージ）で第10回UBEにぎわい縁⽇が 開催されます。
どなたでも参加できるカラオケ⼤会や、フード・ドリンクの出店もあり ます︕ぜひお越しください。
",,,"UBE100人の祭侍推進協議会
電話番号：080-8380-2978",,,UBE100人の祭侍推進協議会,中央町街区公園　銀天プラザステージ,宇部市中央町二丁目,,,,,専用の駐車場はございません。周辺の駐車場をご利用いただくか、公共交通機関の利用をお願いいたします。,,,,,https://www.city.ube.yamaguchi.jp/machizukuri/toshikeikaku/chuushinshigaichi/1025332.html,
3.00002E+12,1016207,山口県,宇部市,オーガニッククッキング,2025年度　オーガニッククッキング,,2025/7/19,2025/7/19,10:00,13:00,,"
第1回　7月19日（土曜日）
卵、乳製品、動物性素材を使わないベジごはん作り
第2回　10月19日（日曜日）
玉ねぎ糀作り玉ねぎ糀を使ったごはん作り
第3回　2月1日（日曜日）
有機大豆と米で味噌作り
第4回　2月21日（土曜日）
材料を作ってからのポテトチップス作り
",,"非会員
2,500円
会員
2,000円
※保護者に同伴されたお子様は無料",,,,,宇部市船木ふれあいセンター,宇部市船木179-1,,,,,,15名（先着順）,,,"
申し込み先
有機ネット山口西部
担当
森國
電話
080-5232-2660
※13時～18時
※各教室が開催される前日まで申し込みは受付けます。
",https://www.city.ube.yamaguchi.jp/machizukuri/sangyou/nougyou/1006080/1016207.html,"持参品
エプロン、三角巾、マスク"
3.00002E+12,1016207,山口県,宇部市,オーガニッククッキング,2025年度　オーガニッククッキング,,2025/10/19,2025/10/19,10:00,13:00,,"
第1回　7月19日（土曜日）
卵、乳製品、動物性素材を使わないベジごはん作り
第2回　10月19日（日曜日）
玉ねぎ糀作り玉ねぎ糀を使ったごはん作り
第3回　2月1日（日曜日）
有機大豆と米で味噌作り
第4回　2月21日（土曜日）
材料を作ってからのポテトチップス作り
",,"非会員
2,500円
会員
2,000円
※保護者に同伴されたお子様は無料",,,,,宇部市船木ふれあいセンター,宇部市船木179-1,,,,,,15名（先着順）,,,"
申し込み先
有機ネット山口西部
担当
森國
電話
080-5232-2660
※13時～18時
※各教室が開催される前日まで申し込みは受付けます。
",https://www.city.ube.yamaguchi.jp/machizukuri/sangyou/nougyou/1006080/1016207.html,"持参品
エプロン、三角巾、マスク"
3.00002E+12,1016207,山口県,宇部市,オーガニッククッキング,2025年度　オーガニッククッキング,,2026/2/1,2026/2/1,10:00,13:00,,"
第1回　7月19日（土曜日）
卵、乳製品、動物性素材を使わないベジごはん作り
第2回　10月19日（日曜日）
玉ねぎ糀作り玉ねぎ糀を使ったごはん作り
第3回　2月1日（日曜日）
有機大豆と米で味噌作り
第4回　2月21日（土曜日）
材料を作ってからのポテトチップス作り
",,"非会員
2,500円
会員
2,000円
※保護者に同伴されたお子様は無料",,,,,宇部市船木ふれあいセンター,宇部市船木179-1,,,,,,15名（先着順）,,,"
申し込み先
有機ネット山口西部
担当
森國
電話
080-5232-2660
※13時～18時
※各教室が開催される前日まで申し込みは受付けます。
",https://www.city.ube.yamaguchi.jp/machizukuri/sangyou/nougyou/1006080/1016207.html,"持参品
エプロン、三角巾、マスク"
3.00002E+12,1016207,山口県,宇部市,オーガニッククッキング,2025年度　オーガニッククッキング,,2026/2/21,2026/2/21,10:00,13:00,,"
第1回　7月19日（土曜日）
卵、乳製品、動物性素材を使わないベジごはん作り
第2回　10月19日（日曜日）
玉ねぎ糀作り玉ねぎ糀を使ったごはん作り
第3回　2月1日（日曜日）
有機大豆と米で味噌作り
第4回　2月21日（土曜日）
材料を作ってからのポテトチップス作り
",,"非会員
2,500円
会員
2,000円
※保護者に同伴されたお子様は無料",,,,,宇部市船木ふれあいセンター,宇部市船木179-1,,,,,,15名（先着順）,,,"
申し込み先
有機ネット山口西部
担当
森國
電話
080-5232-2660
※13時～18時
※各教室が開催される前日まで申し込みは受付けます。
",https://www.city.ube.yamaguchi.jp/machizukuri/sangyou/nougyou/1006080/1016207.html,"持参品
エプロン、三角巾、マスク"
3.00002E+12,1025149,山口県,宇部市,吉部ほたるまつり＆マルシェ,キベホタルマツリアンドマルシェ,,2025/5/31,2025/5/31,16:00,20:00,,"ほたるかご作りの体験コーナーや、変面ショー、ビンゴ大会などの賑やかなイベントに加え、ゆうれい寿司や吉部まんじゅうなど吉部の特産品も並びます。家族みんなで吉部の夜をお楽しみください。
",,,吉部ふれあいセンター,0836-68-0001,,吉部ほたるまつり実行委員会,吉部小学校旧校舎,宇部市大字東吉部3397,,,,,旧吉部小学校グラウンド、吉部ふれあいセンター等,,,,,https://www.city.ube.yamaguchi.jp/machizukuri/chuusankan/tanoshimu/1025149.html,
3.00002E+12,1024635,山口県,宇部市,第50回宇部市民教養講座,ウベシミンキョウヨウコウザ,,2025/5/31,2025/5/31,14:00,15:30,,"各界で活躍する著名人を講師として招き、全2回の講演会を開催します。
令和7年5月24日（土曜日）
講師　茂木 健一郎（脳科学者）
演題　「脳を磨く生活術」
令和7年5月31日（土曜日）
講師　落合 博満（元中日ドラゴンズ監督）
演題　「オレ流野球の真実、決断＝実行」
",2500,"※全席自由席
※2講座通し券です。各回単独のチケットはありません。",宇部市教育委員会　社会教育課,0836-37-2780,,宇部ライオンズクラブ、宇部市教育委員会,渡辺翁記念会館,宇部市朝日町8番1号,,,,,,"1,353人（会場座席数）",,,"【チケット販売開始】
令和7年4月7日（月曜日）9時
【チケット販売所】
サンパークあじす（10時～20時）
宇部市文化創造財団（窓口）（9時～16時30分／祝日を除く火曜日定休）（宇部市松島町17-3ハイウッドビル3F）
各地区ふれあいセンター、厚南市民センター、宇部市教育委員会事務局社会教育課（土曜日・日曜日・祝日を除く8時30分～17時15分）
エフエムきらら（9時～18時）
ヒストリア宇部（9時～18時／毎月第2火曜日：休館）
ユーピーアールスタジアム（宇部市野球場）（土曜日・日曜日・祝日を除く8時30分～17時30分）
※チケット完売次第終了
",https://www.city.ube.yamaguchi.jp/boshu/boshuu_kosodate/1024635.html,
3.00002E+12,1022517,山口県,宇部市,お茶料理教室,オチャリョウリキョウシツ,,2025/8/6,2025/8/6,,,"午後1時00分 から 午後4時10分 まで
（受け付けは午後0時30分から午後0時40分まで）","宇部市小野地区でできる山口茶について学んで、
お茶をつかったお菓子をつくろう♪
茶育教室 (講話）
山口茶を使ったお菓子作り（調理実習）
",200,1人当たり（保険代を含む）,宇部市学校給食センター,0836-54-4646,,宇部市学校栄養士会,宇部市学校給食センター　食育研修室,宇部市大字西岐波字山田1173番地242,,,,,有,,2025/7/10,,"&nbsp;
&nbsp;
",https://www.city.ube.yamaguchi.jp/boshu/boshuu_kosodate/1022517.html,
3.00002E+12,1024886,山口県,宇部市,ときわ公園にぎわい創出事業を追加募集,ときわ公園にぎわい創出事業募集,,2025/6/1,2025/12/26,,,募集期間ではなくイベント実施期間となります。,"本市では、ときわ公園が幅広い世代にとって「行ってみたい公園」、「何度も行きたくなる公園」になることを目指しています。ときわ公園開設100周年を迎えるにあたり、山口県内の高等学校・高等専門学校、短期大学及び大学（大学院も含む）を対象とした、学生目線でのこれまでにない面白いイベントを募集します。
",,,,,,,ときわ公園内,宇部市則貞三丁目4-1,,,,,,,,,,https://www.city.ube.yamaguchi.jp/boshu/boshu_bunka/boshuu_matsuri/1024886.html,
3.00002E+12,1014052,山口県,宇部市,子育てグッズリユース広場,コソダテグッズリユースヒロバ,kosodateguzzuriyu-suhiroba,2025/7/5,2025/7/5,,,"今後の開催予定について（状況によって変更となる場合があります）
9月20日（土曜日）、12月20日（土曜日）
【事前申込枠_午前の部】　60組　10時～12時
【事前申込枠_午後の部】　60組　12時～14時
※子育てグッズの回収、在庫状況を鑑み、従来実施時より募集組数を少なくして募集しています。","ご家庭で不用になった子育てグッズ等を市で回収し、集まったグッズを必要な方に無料でお譲りしています。
同時開催の「ランドセルフェア」は、事前申込不要で参加出来ます。
",,,"公益社団法人 宇部市シルバー人材センター
（子育てグッズ・子ども用スポーツグッズリユース事業受託団体）",0836-31-3251,,,宇部市福祉ふれあいセンター（旧多世代ふれあいセンター）1F 多目的ホール,宇部市琴芝町二丁目4番25号,,,,"電車：JR琴芝駅下車　徒歩2分
バス：琴芝駅前バス停下車　徒歩2分","58台（うち身体障害者用2台）
隣接する総合福祉会館南側の神原保育園跡地に51台","事前申込枠_午前の部　60組
事前申込枠_午後の部　60組",2025/6/24,,"2025年4月以降の開催について、宇部市民を対象とした完全事前申込み制で受付しています。
申込みされる方は、令和7年6月4日～6月24日までの受付期間中に下記リンクもしくはチラシの二次元コードからアクセスして、お申し込み下さい。
※同時開催の「ランドセルフェア」は、事前申込不要で参加出来ます。
",https://www.city.ube.yamaguchi.jp/kurashi/gomi/genryou_recycle/1002098/1014050/1014052.html,※学生服・学用品、ベビーベッドは、宇部市リサイクルプラザ 3階 市民工房2にて、電話事前予約制でお譲りします。
3.00002E+12,1014318,山口県,宇部市,子供服・絵本リユースフェア（ときわ湖水ホール）,コドモフク・エホンリユースフェア,kodomofukuehonriyu-sufea,2025/6/13,2025/6/13,,,"今後の開催予定について（状況によって変更となる場合があります）
9月6日（土曜日）、10月11日（土曜日）、12月5日（金曜日）

【事前申込枠_午前の部】　90組　10時～11時30分
・午前1回目　10時～10時20分　30組
・午前2回目　10時35分～10時55分　30組
・午前3回目　11時10分～11時30分　30組
【事前申込枠_午後の部】　60組　13時30分～14時25分
・午後1回目　13時30分～13時50分　30組
・午後2回目　14時05分～14時25分　30組
　※事前申込受付期間中に申し込みが必要になります。
　※いずれも各回30組ずつ、20分間の完全入替制で実施します。","ご家庭で不用になった子供服・絵本を市で回収し、集まったものを、必要な方に無料でお譲りしています。
譲渡数
本会場：子供服10枚・絵本3冊まで（1家族につき1日1回）
フリー会場：制限なし
注意事項
子供服のサイズは50～160cmです。
マイバッグを持参してください。
子供服・絵本は実施回毎に適宜補充します。
ただし、子供服については回収状況により、サイズごとの提供数が異なる場合があります。
",,,宇部市市民環境部　廃棄物対策課　ごみ減量推進係,0836-34-8247,,,ときわ湖水ホール,宇部市大字沖宇部254番地(宇部市ときわ公園内),,,,"■宇部新川駅方面からお越しの方
・萩原線・萩原循環線を利用...「ときわ公園」バス停で下車
※ときわ湖水ホールに御用の方はこの路線を利用されると便利です。（「湖水ホール入口」バス停下車）
・東部市内循環線「めぐりーな」を利用...「ときわ公園」または「ときわミュージアム」バス停で下車
・阿知須線・中央病院線等を利用...「ときわ公園入口」バス停で下車
※これらの路線は「ときわ公園」バス停に停車しませんのでご注意ください。
■新山口駅方面からお越しの方
・新山口線等を利用...「ときわ公園入口」バス停で下車",ときわ公園東駐車場（ときわ湖水ホール前）　駐車台数：約610台,"事前申込枠_午前の部　90組
事前申込枠_午後の部　60組",2025/6/2,,"2025年4月以降の開催について、宇部市民を対象とした完全事前申込み制での参加受付に変更となります。
事前申込みされる方は、令和7年5月19日～6月2日までの受付期間中に下記リンクもしくはチラシの二次元コードからアクセスして、お申し込み下さい。
",https://www.city.ube.yamaguchi.jp/kurashi/gomi/genryou_recycle/1002098/1014317/1014318.html,
3.00002E+12,1025201,山口県,宇部市,歯の健康フェア(ゆめタウン宇部),ハノケンコウフェア,,2025/6/8,2025/6/8,10:00,15:00,,"歯科医師による無料歯科健診・相談、栄養相談、模型による歯の治療体験、立体手型作製など、誰もが参加できます。
",,,"宇部歯科医師会　電話31-0876
健康増進課　電話31-1777　ファクス35-6533
",,,,ゆめタウン宇部,宇部市黒石北三丁目4-1,,,,,,,,,,https://www.city.ube.yamaguchi.jp/kenkou/kenkouzukuri/1019074/1025201.html,
3.00002E+12,1025233,山口県,宇部市,かりゆし58 Special LIVE in 宇部,カリユシゴジュウハチスペシャルライブインウベ,,2025/9/28,2025/9/28,,,午後3時開場　午後3時30分開演,"出演者
かりゆし58
",,"全席指定席
一般5,800円
当日券500円高","公益財団法人宇部市文化創造財団
〒755-0042山口県宇部市松島町17番3号ハイウッドビル3階
電話0836-31-7373
ファクス0836-31-7306",,,"公益財団法人宇部市文化創造財団
協力　TYSテレビ山口",渡辺翁記念会館(一階限定),山口県宇部市朝日町8番1号,,,,,,,,,"チケットは以下のプレイガイドで取り扱っています。
宇部市文化創造財団窓口
宇部市文化創造財団チケットサービス
ローソンチケット（Lコード62821）
障がい者に同伴の介助者は1名まで無料。お申し込みについては宇部市文化創造財団（電話0836-31-7373、ファクス0836-31-7306）にお問い合わせください。
※ 購入後の変更、払い戻しは一切できません。
※ 前売で完売した場合の当日券の販売はありません。
",https://www.city.ube.yamaguchi.jp/kyouyou/bunka/1019767/1025233.html,
3.00002E+12,1024781,山口県,宇部市,河野克典バリトン・ソロ・リサイタル,コウノカツノリバリトンソロリサイタル,,2025/6/8,2025/6/8,14:00,16:30,午後1時30分開場,"出演者
バリトン　河野克典
ピアノ　穴見めぐみ
曲目
第一部
荒城の月
からたちの花
待ちぼうけ
初恋　ほか　解説とともに
第二部
シューマン作曲「詩人の恋」作品48　全曲　～シューマンの誕生日（6月8日）に思いを寄せて～
やむを得ない事情により、曲目は変更になる場合があります。
",,"全席自由席
一般3,000円
学生2,000円
当日券各500円高","公益財団法人宇部市文化創造財団
〒755-0042山口県宇部市松島町17番3号ハイウッドビル3階
電話0836-31-7373
ファクス0836-31-7306",,,"宇部好楽協会
共催　公益財団法人宇部市文化創造財団",渡辺翁記念会館,山口県宇部市朝日町8番1号,,,,,,,,,"小学生から高校生を対象に無料招待を行います。（要招待券）。
招待券は宇部市文化創造財団にお申し込みください。
なお、小学生のお子さんについては保護者の方の同伴が必要です。
&nbsp;
チケットは以下のプレイガイドで取り扱っています。
宇部市文化創造財団窓口
宇部市文化創造財団チケットサービス
チケットぴあ（Pコード289-190）
ローソンチケット（Lコード64126）
車いす席、介助者席は宇部市文化創造財団窓口でお取り扱いします。お申し込みについては宇部市文化創造財団（電話0836-31-7373、ファクス0836-31-7306）にお問い合わせください。
",https://www.city.ube.yamaguchi.jp/kyouyou/bunka/1019767/1024781.html,
3.00002E+12,1023843,山口県,宇部市,新川寄席～林家たい平・立川晴の輔 二人会～,シンカワヨセ　ハヤシヤタイヘイタテカワハレノスケニニンカイ,,2025/6/29,2025/6/29,14:00,16:00,午後1時30分開場,"出演者
林家たい平
立川晴の輔
",4000,"当日券500円高
全席指定席
障害者の介助者として入場される方は1名まで無料です。
車いす席と介助者のチケットは宇部市文化創造財団窓口で取り扱います。
お求めについては宇部市文化創造財団にお問い合わせください。","公益財団法人宇部市文化創造財団
〒755-0042
山口県宇部市松島町17番3号　ハイウッドビル3階
電話　0836-31-7373
ファクス　0836-31-7306
メール　info@ube-bunzai.jp",,,"KRY山口放送
公益財団法人宇部市文化創造財団",渡辺翁記念会館,山口県宇部市朝日町8番1号,,,,,,,,,"チケットは以下の各プレイガイドで販売します。
宇部市文化創造財団窓口
宇部市文化創造財団チケットサービス
ローソンチケット（Lコード64113）
チケットぴあ（Pコード531-087）
&nbsp;
",https://www.city.ube.yamaguchi.jp/kyouyou/bunka/1019767/1023843.html,
3.00002E+12,1025003,山口県,宇部市,宇部市立第二人生高校男子校　4期,ウベシリツダイニジンセイコウコウダンシコウ,,2025/6/17,2025/6/17,,,"【東部分校】
　（1）入学式・第1講座（体育）　6月17日（火曜日）西岐波ふれあいセンター
　（2）第2講座（図工）　6月30日（月曜日）西岐波ふれあいセンター
　（3）第3講座（家庭科）　7月17日（木曜日）フタマタセコーヒー（永山本家酒造場2階）
　（4）第4講座（技術）　8月7日（木曜日）常盤ふれあいセンター
　（5）第5講座（学級活動）・卒業式　8月18日（月曜日）西岐波ふれあいセンター
【西部分校】
　（1）入学式・第1講座（体育）　6月23日（月曜日）黒石ふれあいセンター
　（2）第2講座（図工）　7月7日（月曜日）黒石ふれあいセンター
　（3）第3講座（家庭科）　7月23日（水曜日）黒石ふれあいセンター
　（4）第4講座（技術）　8月7日（木曜日）厚南会館
　（5）第5講座（学級活動）・卒業式　8月25日（月曜日）黒石ふれあいセンター","専門の講師による指導の下、全5科目を実施。
身体のこと、趣味のこと、これからの自分について、学びます。
",,,,,,,西岐波ふれあいセンター・黒石ふれあいセンター　他,宇部市床波六丁目5番23号・宇部市黒石北三丁目2番37₋12号　他,,,,,,15人（先着順）,,,"&nbsp;
&nbsp;
",https://www.city.ube.yamaguchi.jp/kenkou/koureifukushi/shumi/1021719/1025003.html,
3.00002E+12,1025003,山口県,宇部市,宇部市立第二人生高校男子校　4期,ウベシリツダイニジンセイコウコウダンシコウ,,2025/6/30,2025/6/30,,,"【東部分校】
　（1）入学式・第1講座（体育）　6月17日（火曜日）西岐波ふれあいセンター
　（2）第2講座（図工）　6月30日（月曜日）西岐波ふれあいセンター
　（3）第3講座（家庭科）　7月17日（木曜日）フタマタセコーヒー（永山本家酒造場2階）
　（4）第4講座（技術）　8月7日（木曜日）常盤ふれあいセンター
　（5）第5講座（学級活動）・卒業式　8月18日（月曜日）西岐波ふれあいセンター
【西部分校】
　（1）入学式・第1講座（体育）　6月23日（月曜日）黒石ふれあいセンター
　（2）第2講座（図工）　7月7日（月曜日）黒石ふれあいセンター
　（3）第3講座（家庭科）　7月23日（水曜日）黒石ふれあいセンター
　（4）第4講座（技術）　8月7日（木曜日）厚南会館
　（5）第5講座（学級活動）・卒業式　8月25日（月曜日）黒石ふれあいセンター","専門の講師による指導の下、全5科目を実施。
身体のこと、趣味のこと、これからの自分について、学びます。
",,,,,,,西岐波ふれあいセンター・黒石ふれあいセンター　他,宇部市床波六丁目5番23号・宇部市黒石北三丁目2番37₋12号　他,,,,,,15人（先着順）,,,"&nbsp;
&nbsp;
",https://www.city.ube.yamaguchi.jp/kenkou/koureifukushi/shumi/1021719/1025003.html,
3.00002E+12,1025003,山口県,宇部市,宇部市立第二人生高校男子校　4期,ウベシリツダイニジンセイコウコウダンシコウ,,2025/7/17,2025/7/17,,,"【東部分校】
　（1）入学式・第1講座（体育）　6月17日（火曜日）西岐波ふれあいセンター
　（2）第2講座（図工）　6月30日（月曜日）西岐波ふれあいセンター
　（3）第3講座（家庭科）　7月17日（木曜日）フタマタセコーヒー（永山本家酒造場2階）
　（4）第4講座（技術）　8月7日（木曜日）常盤ふれあいセンター
　（5）第5講座（学級活動）・卒業式　8月18日（月曜日）西岐波ふれあいセンター
【西部分校】
　（1）入学式・第1講座（体育）　6月23日（月曜日）黒石ふれあいセンター
　（2）第2講座（図工）　7月7日（月曜日）黒石ふれあいセンター
　（3）第3講座（家庭科）　7月23日（水曜日）黒石ふれあいセンター
　（4）第4講座（技術）　8月7日（木曜日）厚南会館
　（5）第5講座（学級活動）・卒業式　8月25日（月曜日）黒石ふれあいセンター","専門の講師による指導の下、全5科目を実施。
身体のこと、趣味のこと、これからの自分について、学びます。
",,,,,,,西岐波ふれあいセンター・黒石ふれあいセンター　他,宇部市床波六丁目5番23号・宇部市黒石北三丁目2番37₋12号　他,,,,,,15人（先着順）,,,"&nbsp;
&nbsp;
",https://www.city.ube.yamaguchi.jp/kenkou/koureifukushi/shumi/1021719/1025003.html,
3.00002E+12,1025003,山口県,宇部市,宇部市立第二人生高校男子校　4期,ウベシリツダイニジンセイコウコウダンシコウ,,2025/8/7,2025/8/7,,,"【東部分校】
　（1）入学式・第1講座（体育）　6月17日（火曜日）西岐波ふれあいセンター
　（2）第2講座（図工）　6月30日（月曜日）西岐波ふれあいセンター
　（3）第3講座（家庭科）　7月17日（木曜日）フタマタセコーヒー（永山本家酒造場2階）
　（4）第4講座（技術）　8月7日（木曜日）常盤ふれあいセンター
　（5）第5講座（学級活動）・卒業式　8月18日（月曜日）西岐波ふれあいセンター
【西部分校】
　（1）入学式・第1講座（体育）　6月23日（月曜日）黒石ふれあいセンター
　（2）第2講座（図工）　7月7日（月曜日）黒石ふれあいセンター
　（3）第3講座（家庭科）　7月23日（水曜日）黒石ふれあいセンター
　（4）第4講座（技術）　8月7日（木曜日）厚南会館
　（5）第5講座（学級活動）・卒業式　8月25日（月曜日）黒石ふれあいセンター","専門の講師による指導の下、全5科目を実施。
身体のこと、趣味のこと、これからの自分について、学びます。
",,,,,,,西岐波ふれあいセンター・黒石ふれあいセンター　他,宇部市床波六丁目5番23号・宇部市黒石北三丁目2番37₋12号　他,,,,,,15人（先着順）,,,"&nbsp;
&nbsp;
",https://www.city.ube.yamaguchi.jp/kenkou/koureifukushi/shumi/1021719/1025003.html,
3.00002E+12,1025003,山口県,宇部市,宇部市立第二人生高校男子校　4期,ウベシリツダイニジンセイコウコウダンシコウ,,2025/8/18,2025/8/18,,,"【東部分校】
　（1）入学式・第1講座（体育）　6月17日（火曜日）西岐波ふれあいセンター
　（2）第2講座（図工）　6月30日（月曜日）西岐波ふれあいセンター
　（3）第3講座（家庭科）　7月17日（木曜日）フタマタセコーヒー（永山本家酒造場2階）
　（4）第4講座（技術）　8月7日（木曜日）常盤ふれあいセンター
　（5）第5講座（学級活動）・卒業式　8月18日（月曜日）西岐波ふれあいセンター
【西部分校】
　（1）入学式・第1講座（体育）　6月23日（月曜日）黒石ふれあいセンター
　（2）第2講座（図工）　7月7日（月曜日）黒石ふれあいセンター
　（3）第3講座（家庭科）　7月23日（水曜日）黒石ふれあいセンター
　（4）第4講座（技術）　8月7日（木曜日）厚南会館
　（5）第5講座（学級活動）・卒業式　8月25日（月曜日）黒石ふれあいセンター","専門の講師による指導の下、全5科目を実施。
身体のこと、趣味のこと、これからの自分について、学びます。
",,,,,,,西岐波ふれあいセンター・黒石ふれあいセンター　他,宇部市床波六丁目5番23号・宇部市黒石北三丁目2番37₋12号　他,,,,,,15人（先着順）,,,"&nbsp;
&nbsp;
",https://www.city.ube.yamaguchi.jp/kenkou/koureifukushi/shumi/1021719/1025003.html,
3.00002E+12,1025003,山口県,宇部市,宇部市立第二人生高校男子校　4期,ウベシリツダイニジンセイコウコウダンシコウ,,2025/6/23,2025/6/23,,,"【東部分校】
　（1）入学式・第1講座（体育）　6月17日（火曜日）西岐波ふれあいセンター
　（2）第2講座（図工）　6月30日（月曜日）西岐波ふれあいセンター
　（3）第3講座（家庭科）　7月17日（木曜日）フタマタセコーヒー（永山本家酒造場2階）
　（4）第4講座（技術）　8月7日（木曜日）常盤ふれあいセンター
　（5）第5講座（学級活動）・卒業式　8月18日（月曜日）西岐波ふれあいセンター
【西部分校】
　（1）入学式・第1講座（体育）　6月23日（月曜日）黒石ふれあいセンター
　（2）第2講座（図工）　7月7日（月曜日）黒石ふれあいセンター
　（3）第3講座（家庭科）　7月23日（水曜日）黒石ふれあいセンター
　（4）第4講座（技術）　8月7日（木曜日）厚南会館
　（5）第5講座（学級活動）・卒業式　8月25日（月曜日）黒石ふれあいセンター","専門の講師による指導の下、全5科目を実施。
身体のこと、趣味のこと、これからの自分について、学びます。
",,,,,,,西岐波ふれあいセンター・黒石ふれあいセンター　他,宇部市床波六丁目5番23号・宇部市黒石北三丁目2番37₋12号　他,,,,,,15人（先着順）,,,"&nbsp;
&nbsp;
",https://www.city.ube.yamaguchi.jp/kenkou/koureifukushi/shumi/1021719/1025003.html,
3.00002E+12,1025003,山口県,宇部市,宇部市立第二人生高校男子校　4期,ウベシリツダイニジンセイコウコウダンシコウ,,2025/7/7,2025/7/7,,,"【東部分校】
　（1）入学式・第1講座（体育）　6月17日（火曜日）西岐波ふれあいセンター
　（2）第2講座（図工）　6月30日（月曜日）西岐波ふれあいセンター
　（3）第3講座（家庭科）　7月17日（木曜日）フタマタセコーヒー（永山本家酒造場2階）
　（4）第4講座（技術）　8月7日（木曜日）常盤ふれあいセンター
　（5）第5講座（学級活動）・卒業式　8月18日（月曜日）西岐波ふれあいセンター
【西部分校】
　（1）入学式・第1講座（体育）　6月23日（月曜日）黒石ふれあいセンター
　（2）第2講座（図工）　7月7日（月曜日）黒石ふれあいセンター
　（3）第3講座（家庭科）　7月23日（水曜日）黒石ふれあいセンター
　（4）第4講座（技術）　8月7日（木曜日）厚南会館
　（5）第5講座（学級活動）・卒業式　8月25日（月曜日）黒石ふれあいセンター","専門の講師による指導の下、全5科目を実施。
身体のこと、趣味のこと、これからの自分について、学びます。
",,,,,,,西岐波ふれあいセンター・黒石ふれあいセンター　他,宇部市床波六丁目5番23号・宇部市黒石北三丁目2番37₋12号　他,,,,,,15人（先着順）,,,"&nbsp;
&nbsp;
",https://www.city.ube.yamaguchi.jp/kenkou/koureifukushi/shumi/1021719/1025003.html,
3.00002E+12,1025003,山口県,宇部市,宇部市立第二人生高校男子校　4期,ウベシリツダイニジンセイコウコウダンシコウ,,2025/7/23,2025/7/23,,,"【東部分校】
　（1）入学式・第1講座（体育）　6月17日（火曜日）西岐波ふれあいセンター
　（2）第2講座（図工）　6月30日（月曜日）西岐波ふれあいセンター
　（3）第3講座（家庭科）　7月17日（木曜日）フタマタセコーヒー（永山本家酒造場2階）
　（4）第4講座（技術）　8月7日（木曜日）常盤ふれあいセンター
　（5）第5講座（学級活動）・卒業式　8月18日（月曜日）西岐波ふれあいセンター
【西部分校】
　（1）入学式・第1講座（体育）　6月23日（月曜日）黒石ふれあいセンター
　（2）第2講座（図工）　7月7日（月曜日）黒石ふれあいセンター
　（3）第3講座（家庭科）　7月23日（水曜日）黒石ふれあいセンター
　（4）第4講座（技術）　8月7日（木曜日）厚南会館
　（5）第5講座（学級活動）・卒業式　8月25日（月曜日）黒石ふれあいセンター","専門の講師による指導の下、全5科目を実施。
身体のこと、趣味のこと、これからの自分について、学びます。
",,,,,,,西岐波ふれあいセンター・黒石ふれあいセンター　他,宇部市床波六丁目5番23号・宇部市黒石北三丁目2番37₋12号　他,,,,,,15人（先着順）,,,"&nbsp;
&nbsp;
",https://www.city.ube.yamaguchi.jp/kenkou/koureifukushi/shumi/1021719/1025003.html,
3.00002E+12,1025003,山口県,宇部市,宇部市立第二人生高校男子校　4期,ウベシリツダイニジンセイコウコウダンシコウ,,2025/8/7,2025/8/7,,,"【東部分校】
　（1）入学式・第1講座（体育）　6月17日（火曜日）西岐波ふれあいセンター
　（2）第2講座（図工）　6月30日（月曜日）西岐波ふれあいセンター
　（3）第3講座（家庭科）　7月17日（木曜日）フタマタセコーヒー（永山本家酒造場2階）
　（4）第4講座（技術）　8月7日（木曜日）常盤ふれあいセンター
　（5）第5講座（学級活動）・卒業式　8月18日（月曜日）西岐波ふれあいセンター
【西部分校】
　（1）入学式・第1講座（体育）　6月23日（月曜日）黒石ふれあいセンター
　（2）第2講座（図工）　7月7日（月曜日）黒石ふれあいセンター
　（3）第3講座（家庭科）　7月23日（水曜日）黒石ふれあいセンター
　（4）第4講座（技術）　8月7日（木曜日）厚南会館
　（5）第5講座（学級活動）・卒業式　8月25日（月曜日）黒石ふれあいセンター","専門の講師による指導の下、全5科目を実施。
身体のこと、趣味のこと、これからの自分について、学びます。
",,,,,,,西岐波ふれあいセンター・黒石ふれあいセンター　他,宇部市床波六丁目5番23号・宇部市黒石北三丁目2番37₋12号　他,,,,,,15人（先着順）,,,"&nbsp;
&nbsp;
",https://www.city.ube.yamaguchi.jp/kenkou/koureifukushi/shumi/1021719/1025003.html,
3.00002E+12,1025003,山口県,宇部市,宇部市立第二人生高校男子校　4期,ウベシリツダイニジンセイコウコウダンシコウ,,2025/8/25,2025/8/25,,,"【東部分校】
　（1）入学式・第1講座（体育）　6月17日（火曜日）西岐波ふれあいセンター
　（2）第2講座（図工）　6月30日（月曜日）西岐波ふれあいセンター
　（3）第3講座（家庭科）　7月17日（木曜日）フタマタセコーヒー（永山本家酒造場2階）
　（4）第4講座（技術）　8月7日（木曜日）常盤ふれあいセンター
　（5）第5講座（学級活動）・卒業式　8月18日（月曜日）西岐波ふれあいセンター
【西部分校】
　（1）入学式・第1講座（体育）　6月23日（月曜日）黒石ふれあいセンター
　（2）第2講座（図工）　7月7日（月曜日）黒石ふれあいセンター
　（3）第3講座（家庭科）　7月23日（水曜日）黒石ふれあいセンター
　（4）第4講座（技術）　8月7日（木曜日）厚南会館
　（5）第5講座（学級活動）・卒業式　8月25日（月曜日）黒石ふれあいセンター","専門の講師による指導の下、全5科目を実施。
身体のこと、趣味のこと、これからの自分について、学びます。
",,,,,,,西岐波ふれあいセンター・黒石ふれあいセンター　他,宇部市床波六丁目5番23号・宇部市黒石北三丁目2番37₋12号　他,,,,,,15人（先着順）,,,"&nbsp;
&nbsp;
",https://www.city.ube.yamaguchi.jp/kenkou/koureifukushi/shumi/1021719/1025003.html,
3.00002E+12,1024206,山口県,宇部市,てくてくまち歩き＆ときわ公園,テクテクマチアルキアンドトキワコウエン,,2025/6/14,2025/6/14,9:00,13:00,"※開催内容により時間が変わります。
※おおよそ1時間から3時間での開催となります。","てくてくまち歩き「フェニックス並木が美しい見初」【5月10日（土曜日）】
日時
5月10日（土曜日）9時50分～12時
集合場所
見初ふれあいセンター(昭和町一丁目3番6号)
内容
明治・大正・昭和、消えた大正町はどこ？(約3キロメートル)
定員
30名
申し込み・問い合わせ
観光交流課(電話:0836-34-8353)
ウェブからの申込みはこちら
てくてくときわ公園「常盤公園誕生から100年Part（2）年譜で辿るときわ公園」【5月24日（土曜日）】
日時
5月24日（土曜日）9時30分～12時
集合場所
ときわレストハウス前(野中三丁目5番17号)
内容
それぞれの施設はいつできたかな？（約3キロメートル）
定員
30名
申し込み・問い合わせ
観光交流課(電話:0836-34-8353)
ウェブからの申込みはこちら
てくてくまち歩き「真締川ぐるっと彫刻散歩」【6月14日（土曜日）】
日時
6月14日（土曜日）9時50分～12時
集合場所
宇部市役所バス停前
内容
ふるさとの川は、モダンアートが溢れています。(約3.5キロメートル)
定員
30名
申し込み・問い合わせ
観光交流課(電話:0836-34-8353)
ウェブからの申込みはこちら
てくてくまち歩き「花火大会の舞台　宇部港へ」【6月28日（土曜日）】
日時
6月28日（土曜日）9時50分～12時
集合場所
宇部市役所バス停前
内容
知らなかった！たくさんの秘話。(約3.5キロメートル)
定員
30名
申し込み・問い合わせ
観光交流課(電話:0836-34-8353)
ウェブからの申込みはこちら
てくてくときわ公園「常盤公園誕生から100年Part（3）時を語るもの発見　時とは・・・」【9月27日（土曜日）】
日時
9月27日（土曜日）9時50分～12時
集合場所
ときわ公園正面入口
内容
正面入口から彫刻の丘まで(約2キロメートル)
定員
30名
申し込み・問い合わせ
観光交流課(電話:0836-34-8353)
ウェブからの申込みはこちら
",,,,,,,宇部市街、ときわ公園,宇部市街、ときわ公園,,,,,,,,,"申込みは開催日の3営業日前までとなります。
",https://www.city.ube.yamaguchi.jp/kyouyou/kankou/1024205/1024206.html,
3.00002E+12,1024206,山口県,宇部市,てくてくまち歩き＆ときわ公園,テクテクマチアルキアンドトキワコウエン,,2025/6/28,2025/6/28,9:00,13:00,"※開催内容により時間が変わります。
※おおよそ1時間から3時間での開催となります。","てくてくまち歩き「フェニックス並木が美しい見初」【5月10日（土曜日）】
日時
5月10日（土曜日）9時50分～12時
集合場所
見初ふれあいセンター(昭和町一丁目3番6号)
内容
明治・大正・昭和、消えた大正町はどこ？(約3キロメートル)
定員
30名
申し込み・問い合わせ
観光交流課(電話:0836-34-8353)
ウェブからの申込みはこちら
てくてくときわ公園「常盤公園誕生から100年Part（2）年譜で辿るときわ公園」【5月24日（土曜日）】
日時
5月24日（土曜日）9時30分～12時
集合場所
ときわレストハウス前(野中三丁目5番17号)
内容
それぞれの施設はいつできたかな？（約3キロメートル）
定員
30名
申し込み・問い合わせ
観光交流課(電話:0836-34-8353)
ウェブからの申込みはこちら
てくてくまち歩き「真締川ぐるっと彫刻散歩」【6月14日（土曜日）】
日時
6月14日（土曜日）9時50分～12時
集合場所
宇部市役所バス停前
内容
ふるさとの川は、モダンアートが溢れています。(約3.5キロメートル)
定員
30名
申し込み・問い合わせ
観光交流課(電話:0836-34-8353)
ウェブからの申込みはこちら
てくてくまち歩き「花火大会の舞台　宇部港へ」【6月28日（土曜日）】
日時
6月28日（土曜日）9時50分～12時
集合場所
宇部市役所バス停前
内容
知らなかった！たくさんの秘話。(約3.5キロメートル)
定員
30名
申し込み・問い合わせ
観光交流課(電話:0836-34-8353)
ウェブからの申込みはこちら
てくてくときわ公園「常盤公園誕生から100年Part（3）時を語るもの発見　時とは・・・」【9月27日（土曜日）】
日時
9月27日（土曜日）9時50分～12時
集合場所
ときわ公園正面入口
内容
正面入口から彫刻の丘まで(約2キロメートル)
定員
30名
申し込み・問い合わせ
観光交流課(電話:0836-34-8353)
ウェブからの申込みはこちら
",,,,,,,宇部市街、ときわ公園,宇部市街、ときわ公園,,,,,,,,,"申込みは開催日の3営業日前までとなります。
",https://www.city.ube.yamaguchi.jp/kyouyou/kankou/1024205/1024206.html,
3.00002E+12,1024206,山口県,宇部市,てくてくまち歩き＆ときわ公園,テクテクマチアルキアンドトキワコウエン,,2025/9/27,2025/9/27,9:00,13:00,"※開催内容により時間が変わります。
※おおよそ1時間から3時間での開催となります。","てくてくまち歩き「フェニックス並木が美しい見初」【5月10日（土曜日）】
日時
5月10日（土曜日）9時50分～12時
集合場所
見初ふれあいセンター(昭和町一丁目3番6号)
内容
明治・大正・昭和、消えた大正町はどこ？(約3キロメートル)
定員
30名
申し込み・問い合わせ
観光交流課(電話:0836-34-8353)
ウェブからの申込みはこちら
てくてくときわ公園「常盤公園誕生から100年Part（2）年譜で辿るときわ公園」【5月24日（土曜日）】
日時
5月24日（土曜日）9時30分～12時
集合場所
ときわレストハウス前(野中三丁目5番17号)
内容
それぞれの施設はいつできたかな？（約3キロメートル）
定員
30名
申し込み・問い合わせ
観光交流課(電話:0836-34-8353)
ウェブからの申込みはこちら
てくてくまち歩き「真締川ぐるっと彫刻散歩」【6月14日（土曜日）】
日時
6月14日（土曜日）9時50分～12時
集合場所
宇部市役所バス停前
内容
ふるさとの川は、モダンアートが溢れています。(約3.5キロメートル)
定員
30名
申し込み・問い合わせ
観光交流課(電話:0836-34-8353)
ウェブからの申込みはこちら
てくてくまち歩き「花火大会の舞台　宇部港へ」【6月28日（土曜日）】
日時
6月28日（土曜日）9時50分～12時
集合場所
宇部市役所バス停前
内容
知らなかった！たくさんの秘話。(約3.5キロメートル)
定員
30名
申し込み・問い合わせ
観光交流課(電話:0836-34-8353)
ウェブからの申込みはこちら
てくてくときわ公園「常盤公園誕生から100年Part（3）時を語るもの発見　時とは・・・」【9月27日（土曜日）】
日時
9月27日（土曜日）9時50分～12時
集合場所
ときわ公園正面入口
内容
正面入口から彫刻の丘まで(約2キロメートル)
定員
30名
申し込み・問い合わせ
観光交流課(電話:0836-34-8353)
ウェブからの申込みはこちら
",,,,,,,宇部市街、ときわ公園,宇部市街、ときわ公園,,,,,,,,,"申込みは開催日の3営業日前までとなります。
",https://www.city.ube.yamaguchi.jp/kyouyou/kankou/1024205/1024206.html,
3.00002E+12,1023680,山口県,宇部市,まちなか保健室　和太鼓ゲーム太鼓の達人サロン（福祉ふれあいセンター）,タイコノタツジンサロン,,2025/6/19,2025/6/19,14:00,16:00,受付13時30分から,"和太鼓ゲーム太鼓の達人で、楽しく頭と体のトレーニングをしませんか？
看護師による健康相談会も同時開催。
※当日は動きやすい服装でお越しください。また、水分補給のご準備も各自でお願いします。
",0,,"ジニーズランプ株式会社
山口市小郡令和1－1－1　KDDI維新ホール",0836-52-8828,,,福祉ふれあいセンター,〒755-0033 宇部市琴芝町二丁目4番25号,,,,,,,,,,https://www.city.ube.yamaguchi.jp/kenkou/kenkouzukuri/kenkoutorikumi/1024718/1023680.html,
3.00002E+12,1023680,山口県,宇部市,まちなか保健室　和太鼓ゲーム太鼓の達人サロン（福祉ふれあいセンター）,タイコノタツジンサロン,,2025/8/21,2025/8/21,14:00,16:00,受付13時30分から,"和太鼓ゲーム太鼓の達人で、楽しく頭と体のトレーニングをしませんか？
看護師による健康相談会も同時開催。
※当日は動きやすい服装でお越しください。また、水分補給のご準備も各自でお願いします。
",0,,"ジニーズランプ株式会社
山口市小郡令和1－1－1　KDDI維新ホール",0836-52-8828,,,福祉ふれあいセンター,〒755-0033 宇部市琴芝町二丁目4番25号,,,,,,,,,,https://www.city.ube.yamaguchi.jp/kenkou/kenkouzukuri/kenkoutorikumi/1024718/1023680.html,
3.00002E+12,1023680,山口県,宇部市,まちなか保健室　和太鼓ゲーム太鼓の達人サロン（福祉ふれあいセンター）,タイコノタツジンサロン,,2025/10/16,2025/10/16,14:00,16:00,受付13時30分から,"和太鼓ゲーム太鼓の達人で、楽しく頭と体のトレーニングをしませんか？
看護師による健康相談会も同時開催。
※当日は動きやすい服装でお越しください。また、水分補給のご準備も各自でお願いします。
",0,,"ジニーズランプ株式会社
山口市小郡令和1－1－1　KDDI維新ホール",0836-52-8828,,,福祉ふれあいセンター,〒755-0033 宇部市琴芝町二丁目4番25号,,,,,,,,,,https://www.city.ube.yamaguchi.jp/kenkou/kenkouzukuri/kenkoutorikumi/1024718/1023680.html,
3.00002E+12,1023680,山口県,宇部市,まちなか保健室　和太鼓ゲーム太鼓の達人サロン（福祉ふれあいセンター）,タイコノタツジンサロン,,2025/12/11,2025/12/11,14:00,16:00,受付13時30分から,"和太鼓ゲーム太鼓の達人で、楽しく頭と体のトレーニングをしませんか？
看護師による健康相談会も同時開催。
※当日は動きやすい服装でお越しください。また、水分補給のご準備も各自でお願いします。
",0,,"ジニーズランプ株式会社
山口市小郡令和1－1－1　KDDI維新ホール",0836-52-8828,,,福祉ふれあいセンター,〒755-0033 宇部市琴芝町二丁目4番25号,,,,,,,,,,https://www.city.ube.yamaguchi.jp/kenkou/kenkouzukuri/kenkoutorikumi/1024718/1023680.html,
3.00002E+12,1023680,山口県,宇部市,まちなか保健室　和太鼓ゲーム太鼓の達人サロン（福祉ふれあいセンター）,タイコノタツジンサロン,,2026/2/19,2026/2/19,14:00,16:00,受付13時30分から,"和太鼓ゲーム太鼓の達人で、楽しく頭と体のトレーニングをしませんか？
看護師による健康相談会も同時開催。
※当日は動きやすい服装でお越しください。また、水分補給のご準備も各自でお願いします。
",0,,"ジニーズランプ株式会社
山口市小郡令和1－1－1　KDDI維新ホール",0836-52-8828,,,福祉ふれあいセンター,〒755-0033 宇部市琴芝町二丁目4番25号,,,,,,,,,,https://www.city.ube.yamaguchi.jp/kenkou/kenkouzukuri/kenkoutorikumi/1024718/1023680.html,
3.00002E+12,1024740,山口県,宇部市,まちなか保健室　和太鼓ゲーム太鼓の達人サロン（楠総合センター）,タイコノタツジンサロン,,2025/9/18,2025/9/18,14:00,16:00,受付13時30分から,"和太鼓ゲーム太鼓の達人で、楽しく頭と体のトレーニングをしませんか？
看護師による健康相談会も同時開催。
※当日は動きやすい服装でお越しください。また、水分補給のご準備も各自でお願いします。
",0,,"ジニーズランプ株式会社
山口市小郡令和1－1－1　KDDI維新ホール",0836-52-8828,,,楠総合センター,〒757-0216 宇部市大字船木字野田442番地11,,,,,,,,,,https://www.city.ube.yamaguchi.jp/kenkou/kenkouzukuri/kenkoutorikumi/1024718/1024740.html,
3.00002E+12,1024740,山口県,宇部市,まちなか保健室　和太鼓ゲーム太鼓の達人サロン（楠総合センター）,タイコノタツジンサロン,,2025/10/30,2025/10/30,14:00,16:00,受付13時30分から,"和太鼓ゲーム太鼓の達人で、楽しく頭と体のトレーニングをしませんか？
看護師による健康相談会も同時開催。
※当日は動きやすい服装でお越しください。また、水分補給のご準備も各自でお願いします。
",0,,"ジニーズランプ株式会社
山口市小郡令和1－1－1　KDDI維新ホール",0836-52-8828,,,楠総合センター,〒757-0216 宇部市大字船木字野田442番地11,,,,,,,,,,https://www.city.ube.yamaguchi.jp/kenkou/kenkouzukuri/kenkoutorikumi/1024718/1024740.html,
3.00002E+12,1024740,山口県,宇部市,まちなか保健室　和太鼓ゲーム太鼓の達人サロン（楠総合センター）,タイコノタツジンサロン,,2025/11/20,2025/11/20,14:00,16:00,受付13時30分から,"和太鼓ゲーム太鼓の達人で、楽しく頭と体のトレーニングをしませんか？
看護師による健康相談会も同時開催。
※当日は動きやすい服装でお越しください。また、水分補給のご準備も各自でお願いします。
",0,,"ジニーズランプ株式会社
山口市小郡令和1－1－1　KDDI維新ホール",0836-52-8828,,,楠総合センター,〒757-0216 宇部市大字船木字野田442番地11,,,,,,,,,,https://www.city.ube.yamaguchi.jp/kenkou/kenkouzukuri/kenkoutorikumi/1024718/1024740.html,
3.00002E+12,1024740,山口県,宇部市,まちなか保健室　和太鼓ゲーム太鼓の達人サロン（楠総合センター）,タイコノタツジンサロン,,2026/1/22,2026/1/22,14:00,16:00,受付13時30分から,"和太鼓ゲーム太鼓の達人で、楽しく頭と体のトレーニングをしませんか？
看護師による健康相談会も同時開催。
※当日は動きやすい服装でお越しください。また、水分補給のご準備も各自でお願いします。
",0,,"ジニーズランプ株式会社
山口市小郡令和1－1－1　KDDI維新ホール",0836-52-8828,,,楠総合センター,〒757-0216 宇部市大字船木字野田442番地11,,,,,,,,,,https://www.city.ube.yamaguchi.jp/kenkou/kenkouzukuri/kenkoutorikumi/1024718/1024740.html,
3.00002E+12,1024740,山口県,宇部市,まちなか保健室　和太鼓ゲーム太鼓の達人サロン（楠総合センター）,タイコノタツジンサロン,,2026/3/19,2026/3/19,14:00,16:00,受付13時30分から,"和太鼓ゲーム太鼓の達人で、楽しく頭と体のトレーニングをしませんか？
看護師による健康相談会も同時開催。
※当日は動きやすい服装でお越しください。また、水分補給のご準備も各自でお願いします。
",0,,"ジニーズランプ株式会社
山口市小郡令和1－1－1　KDDI維新ホール",0836-52-8828,,,楠総合センター,〒757-0216 宇部市大字船木字野田442番地11,,,,,,,,,,https://www.city.ube.yamaguchi.jp/kenkou/kenkouzukuri/kenkoutorikumi/1024718/1024740.html,
3.00002E+12,1024746,山口県,宇部市,まちなか保健室　和太鼓ゲーム太鼓の達人サロン（黒石ふれあいセンター）,タイコノタツジンサロン,,2025/6/26,2025/6/26,14:00,16:00,受付13時30分から,"和太鼓ゲーム太鼓の達人で、楽しく頭と体のトレーニングをしませんか？
看護師による健康相談会も同時開催。
※当日は動きやすい服装でお越しください。また、水分補給のご準備も各自でお願いします。
",0,,"ジニーズランプ株式会社
山口市小郡令和1－1－1　KDDI維新ホール",0836-52-8828,,,黒石ふれあいセンター,〒759-0213 宇部市黒石北三丁目2番37-12号,,,,,,,,,,https://www.city.ube.yamaguchi.jp/kenkou/kenkouzukuri/kenkoutorikumi/1024718/1024746.html,
3.00002E+12,1024746,山口県,宇部市,まちなか保健室　和太鼓ゲーム太鼓の達人サロン（黒石ふれあいセンター）,タイコノタツジンサロン,,2025/10/23,2025/10/23,14:00,16:00,受付13時30分から,"和太鼓ゲーム太鼓の達人で、楽しく頭と体のトレーニングをしませんか？
看護師による健康相談会も同時開催。
※当日は動きやすい服装でお越しください。また、水分補給のご準備も各自でお願いします。
",0,,"ジニーズランプ株式会社
山口市小郡令和1－1－1　KDDI維新ホール",0836-52-8828,,,黒石ふれあいセンター,〒759-0213 宇部市黒石北三丁目2番37-12号,,,,,,,,,,https://www.city.ube.yamaguchi.jp/kenkou/kenkouzukuri/kenkoutorikumi/1024718/1024746.html,
3.00002E+12,1024747,山口県,宇部市,まちなか保健室　和太鼓ゲーム太鼓の達人サロン（宇部第一病院）,タイコノタツジンサロン,,2025/7/17,2025/7/17,14:00,16:00,受付13時30分から,"和太鼓ゲーム太鼓の達人で、楽しく頭と体のトレーニングをしませんか？
看護師による健康相談会も同時開催。
※当日は動きやすい服装でお越しください。また、水分補給のご準備も各自でお願いします。
",0,,"ジニーズランプ株式会社
山口市小郡令和1－1－1　KDDI維新ホール",0836-52-8828,,,宇部第一病院,〒759-0136 宇部市木田40番地20,,,,,,,,,,https://www.city.ube.yamaguchi.jp/kenkou/kenkouzukuri/kenkoutorikumi/1024718/1024747.html,
3.00002E+12,1024747,山口県,宇部市,まちなか保健室　和太鼓ゲーム太鼓の達人サロン（宇部第一病院）,タイコノタツジンサロン,,2025/12/18,2025/12/18,14:00,16:00,受付13時30分から,"和太鼓ゲーム太鼓の達人で、楽しく頭と体のトレーニングをしませんか？
看護師による健康相談会も同時開催。
※当日は動きやすい服装でお越しください。また、水分補給のご準備も各自でお願いします。
",0,,"ジニーズランプ株式会社
山口市小郡令和1－1－1　KDDI維新ホール",0836-52-8828,,,宇部第一病院,〒759-0136 宇部市木田40番地20,,,,,,,,,,https://www.city.ube.yamaguchi.jp/kenkou/kenkouzukuri/kenkoutorikumi/1024718/1024747.html,
3.00002E+12,1024748,山口県,宇部市,まちなか保健室　和太鼓ゲーム太鼓の達人サロン（新川ふれあいセンター）,タイコノタツジンサロン,,2025/8/28,2025/8/28,14:00,16:00,受付13時30分から,"和太鼓ゲーム太鼓の達人で、楽しく頭と体のトレーニングをしませんか？
看護師による健康相談会も同時開催。
※当日は動きやすい服装でお越しください。また、水分補給のご準備も各自でお願いします。
",0,,"ジニーズランプ株式会社
山口市小郡令和1－1－1　KDDI維新ホール",0836-52-8828,,,新川ふれあいセンター,〒755-0041 宇部市朝日町8番20号,,,,,,,,,,https://www.city.ube.yamaguchi.jp/kenkou/kenkouzukuri/kenkoutorikumi/1024718/1024748.html,
3.00002E+12,1024748,山口県,宇部市,まちなか保健室　和太鼓ゲーム太鼓の達人サロン（新川ふれあいセンター）,タイコノタツジンサロン,,2025/9/25,2025/9/25,14:00,16:00,受付13時30分から,"和太鼓ゲーム太鼓の達人で、楽しく頭と体のトレーニングをしませんか？
看護師による健康相談会も同時開催。
※当日は動きやすい服装でお越しください。また、水分補給のご準備も各自でお願いします。
",0,,"ジニーズランプ株式会社
山口市小郡令和1－1－1　KDDI維新ホール",0836-52-8828,,,新川ふれあいセンター,〒755-0041 宇部市朝日町8番20号,,,,,,,,,,https://www.city.ube.yamaguchi.jp/kenkou/kenkouzukuri/kenkoutorikumi/1024718/1024748.html,
3.00002E+12,1024748,山口県,宇部市,まちなか保健室　和太鼓ゲーム太鼓の達人サロン（新川ふれあいセンター）,タイコノタツジンサロン,,2026/2/26,2026/2/26,14:00,16:00,受付13時30分から,"和太鼓ゲーム太鼓の達人で、楽しく頭と体のトレーニングをしませんか？
看護師による健康相談会も同時開催。
※当日は動きやすい服装でお越しください。また、水分補給のご準備も各自でお願いします。
",0,,"ジニーズランプ株式会社
山口市小郡令和1－1－1　KDDI維新ホール",0836-52-8828,,,新川ふれあいセンター,〒755-0041 宇部市朝日町8番20号,,,,,,,,,,https://www.city.ube.yamaguchi.jp/kenkou/kenkouzukuri/kenkoutorikumi/1024718/1024748.html,
3.00002E+12,1024748,山口県,宇部市,まちなか保健室　和太鼓ゲーム太鼓の達人サロン（新川ふれあいセンター）,タイコノタツジンサロン,,2026/3/26,2026/3/26,14:00,16:00,受付13時30分から,"和太鼓ゲーム太鼓の達人で、楽しく頭と体のトレーニングをしませんか？
看護師による健康相談会も同時開催。
※当日は動きやすい服装でお越しください。また、水分補給のご準備も各自でお願いします。
",0,,"ジニーズランプ株式会社
山口市小郡令和1－1－1　KDDI維新ホール",0836-52-8828,,,新川ふれあいセンター,〒755-0041 宇部市朝日町8番20号,,,,,,,,,,https://www.city.ube.yamaguchi.jp/kenkou/kenkouzukuri/kenkoutorikumi/1024718/1024748.html,
3.00002E+12,1024732,山口県,宇部市,まちなか保健室　和太鼓ゲーム太鼓の達人サロン（吉部ふれあいセンター）,タイコノタツジンサロン,,2025/7/25,2025/7/25,10:00,12:00,受付9時30分から,"和太鼓ゲーム太鼓の達人で、楽しく頭と体のトレーニングをしませんか？
看護師による健康相談会も同時開催。
※当日は動きやすい服装でお越しください。また、水分補給のご準備も各自でお願いします。
",0,,"ジニーズランプ株式会社
山口市小郡令和1－1－1　KDDI維新ホール",0836-52-8828,,,吉部ふれあいセンター,〒757-0401 宇部市大字東吉部字馬場西3330番地7,,,,,,,,,,https://www.city.ube.yamaguchi.jp/kenkou/kenkouzukuri/kenkoutorikumi/1024718/1024732.html,
3.00002E+12,1024732,山口県,宇部市,まちなか保健室　和太鼓ゲーム太鼓の達人サロン（吉部ふれあいセンター）,タイコノタツジンサロン,,2026/1/23,2026/1/23,10:00,12:00,受付9時30分から,"和太鼓ゲーム太鼓の達人で、楽しく頭と体のトレーニングをしませんか？
看護師による健康相談会も同時開催。
※当日は動きやすい服装でお越しください。また、水分補給のご準備も各自でお願いします。
",0,,"ジニーズランプ株式会社
山口市小郡令和1－1－1　KDDI維新ホール",0836-52-8828,,,吉部ふれあいセンター,〒757-0401 宇部市大字東吉部字馬場西3330番地7,,,,,,,,,,https://www.city.ube.yamaguchi.jp/kenkou/kenkouzukuri/kenkoutorikumi/1024718/1024732.html,
3.00002E+12,1024719,山口県,宇部市,まちなか保健室　からだ・脳・こころの健康、リハビリのプロに相談（福祉ふれあいセンター）,センモンショクニヨルケンコウソウダン,,2025/7/8,2025/7/8,14:00,16:00,受付13時30分から,"生きがいづくりに関する講座
2025年4月15日（火曜日）
アロマテラピー
2025年5月14日（水曜日）
靴の選び方と歩き方講座
2025年7月8日（火曜日）
eスポーツ
2025年11月11日（火曜日）、2026年1月20日（火曜日）
",0,,"専門学校YICリハビリテーション大学校
山口市小郡御幸町6－1",083-976-8355,,,福祉ふれあいセンター,〒755-0033 宇部市琴芝町二丁目4番25号,,,,,,,,,,https://www.city.ube.yamaguchi.jp/kenkou/kenkouzukuri/kenkoutorikumi/1024718/1024719.html,
3.00002E+12,1024719,山口県,宇部市,まちなか保健室　からだ・脳・こころの健康、リハビリのプロに相談（福祉ふれあいセンター）,センモンショクニヨルケンコウソウダン,,2025/11/11,2025/11/11,14:00,16:00,受付13時30分から,"生きがいづくりに関する講座
2025年4月15日（火曜日）
アロマテラピー
2025年5月14日（水曜日）
靴の選び方と歩き方講座
2025年7月8日（火曜日）
eスポーツ
2025年11月11日（火曜日）、2026年1月20日（火曜日）
",0,,"専門学校YICリハビリテーション大学校
山口市小郡御幸町6－1",083-976-8355,,,福祉ふれあいセンター,〒755-0033 宇部市琴芝町二丁目4番25号,,,,,,,,,,https://www.city.ube.yamaguchi.jp/kenkou/kenkouzukuri/kenkoutorikumi/1024718/1024719.html,
3.00002E+12,1024719,山口県,宇部市,まちなか保健室　からだ・脳・こころの健康、リハビリのプロに相談（福祉ふれあいセンター）,センモンショクニヨルケンコウソウダン,,2026/1/20,2026/1/20,14:00,16:00,受付13時30分から,"生きがいづくりに関する講座
2025年4月15日（火曜日）
アロマテラピー
2025年5月14日（水曜日）
靴の選び方と歩き方講座
2025年7月8日（火曜日）
eスポーツ
2025年11月11日（火曜日）、2026年1月20日（火曜日）
",0,,"専門学校YICリハビリテーション大学校
山口市小郡御幸町6－1",083-976-8355,,,福祉ふれあいセンター,〒755-0033 宇部市琴芝町二丁目4番25号,,,,,,,,,,https://www.city.ube.yamaguchi.jp/kenkou/kenkouzukuri/kenkoutorikumi/1024718/1024719.html,
3.00002E+12,1024745,山口県,宇部市,まちなか保健室　からだ・脳・こころの健康、リハビリのプロに相談（楠総合センター）,センモンショクニヨルケンコウソウダン,,2025/8/26,2025/8/26,14:00,16:00,受付13時30分から,"生きがいづくりに関する講座
2025年4月22日（火曜日）
eスポーツ
2025年8月26日（火曜日）
アロマテラピー
2025年9月9日（火曜日）
靴の選び方と歩き方講座
2026年2月3日（火曜日）
",0,,"専門学校YICリハビリテーション大学校
山口市小郡御幸町6－1",083-976-8355,,,楠総合センター,〒757-0216 宇部市大字船木字野田442番地11,,,,,,,,,,https://www.city.ube.yamaguchi.jp/kenkou/kenkouzukuri/kenkoutorikumi/1024718/1024745.html,
3.00002E+12,1024745,山口県,宇部市,まちなか保健室　からだ・脳・こころの健康、リハビリのプロに相談（楠総合センター）,センモンショクニヨルケンコウソウダン,,2025/9/9,2025/9/9,14:00,16:00,受付13時30分から,"生きがいづくりに関する講座
2025年4月22日（火曜日）
eスポーツ
2025年8月26日（火曜日）
アロマテラピー
2025年9月9日（火曜日）
靴の選び方と歩き方講座
2026年2月3日（火曜日）
",0,,"専門学校YICリハビリテーション大学校
山口市小郡御幸町6－1",083-976-8355,,,楠総合センター,〒757-0216 宇部市大字船木字野田442番地11,,,,,,,,,,https://www.city.ube.yamaguchi.jp/kenkou/kenkouzukuri/kenkoutorikumi/1024718/1024745.html,
3.00002E+12,1024745,山口県,宇部市,まちなか保健室　からだ・脳・こころの健康、リハビリのプロに相談（楠総合センター）,センモンショクニヨルケンコウソウダン,,2026/2/3,2026/2/3,14:00,16:00,受付13時30分から,"生きがいづくりに関する講座
2025年4月22日（火曜日）
eスポーツ
2025年8月26日（火曜日）
アロマテラピー
2025年9月9日（火曜日）
靴の選び方と歩き方講座
2026年2月3日（火曜日）
",0,,"専門学校YICリハビリテーション大学校
山口市小郡御幸町6－1",083-976-8355,,,楠総合センター,〒757-0216 宇部市大字船木字野田442番地11,,,,,,,,,,https://www.city.ube.yamaguchi.jp/kenkou/kenkouzukuri/kenkoutorikumi/1024718/1024745.html,
3.00002E+12,1024733,山口県,宇部市,まちなか保健室　からだ・脳・こころの健康、リハビリのプロに相談（YICチャレンジデー）,センモンショクニヨルケンコウソウダン,,2025/6/3,2025/6/3,14:00,16:00,受付13時30分から,"体力測定・筋トレ・バランス力アップ講座
2025年6月3日（火曜日）
2025年10月28日（火曜日）
アロマテラピー
2025年12月9日（火曜日）
",0,,"専門学校YICリハビリテーション大学校
山口市小郡御幸町6－1",083-976-8355,,,専門学校YICリハビリテーション大学校, 〒759-0208 宇部市西宇部南4丁目11−1,,,,,,,,,,https://www.city.ube.yamaguchi.jp/kenkou/kenkouzukuri/kenkoutorikumi/1024718/1024733.html,
3.00002E+12,1024733,山口県,宇部市,まちなか保健室　からだ・脳・こころの健康、リハビリのプロに相談（YICチャレンジデー）,センモンショクニヨルケンコウソウダン,,2025/10/28,2025/10/28,14:00,16:00,受付13時30分から,"体力測定・筋トレ・バランス力アップ講座
2025年6月3日（火曜日）
2025年10月28日（火曜日）
アロマテラピー
2025年12月9日（火曜日）
",0,,"専門学校YICリハビリテーション大学校
山口市小郡御幸町6－1",083-976-8355,,,専門学校YICリハビリテーション大学校, 〒759-0208 宇部市西宇部南4丁目11−1,,,,,,,,,,https://www.city.ube.yamaguchi.jp/kenkou/kenkouzukuri/kenkoutorikumi/1024718/1024733.html,
3.00002E+12,1024733,山口県,宇部市,まちなか保健室　からだ・脳・こころの健康、リハビリのプロに相談（YICチャレンジデー）,センモンショクニヨルケンコウソウダン,,2025/12/9,2025/12/9,14:00,16:00,受付13時30分から,"体力測定・筋トレ・バランス力アップ講座
2025年6月3日（火曜日）
2025年10月28日（火曜日）
アロマテラピー
2025年12月9日（火曜日）
",0,,"専門学校YICリハビリテーション大学校
山口市小郡御幸町6－1",083-976-8355,,,専門学校YICリハビリテーション大学校, 〒759-0208 宇部市西宇部南4丁目11−1,,,,,,,,,,https://www.city.ube.yamaguchi.jp/kenkou/kenkouzukuri/kenkoutorikumi/1024718/1024733.html,
3.00002E+12,1024752,山口県,宇部市,まちなか保健室　からだ・脳・こころの健康、リハビリのプロに相談（小野ふれあいセンター）,センモンショクニヨルケンコウソウダン,,2025/6/17,2025/6/17,14:00,16:00,受付13時30分から,"脳活性化プロジェクト
&nbsp;
",0,,"専門学校YICリハビリテーション大学校
山口市小郡御幸町6－1",083-976-8355,,,小野ふれあいセンター,〒754-1311 宇部市大字小野字山根8294番地4,,,,,,,,,,https://www.city.ube.yamaguchi.jp/kenkou/kenkouzukuri/kenkoutorikumi/1024718/1024752.html,
3.00002E+12,1024753,山口県,宇部市,まちなか保健室　からだ・脳・こころの健康、リハビリのプロに相談（西岐波ふれあいセンター）,センモンショクニヨルケンコウソウダン,,2025/7/1,2025/7/1,14:00,16:00,受付13時30分から,"脳活性化プロジェクト
&nbsp;
",0,,"専門学校YICリハビリテーション大学校
山口市小郡御幸町6－1",083-976-8355,,,西岐波ふれあいセンター,〒755-0153 宇部市床波六丁目5番23号,,,,,,,,,,https://www.city.ube.yamaguchi.jp/kenkou/kenkouzukuri/kenkoutorikumi/1024718/1024753.html,
3.00002E+12,1024754,山口県,宇部市,まちなか保健室　からだ・脳・こころの健康、リハビリのプロに相談（小羽山ふれあいセンター）,センモンショクニヨルケンコウソウダン,,2025/8/19,2025/8/19,14:00,16:00,受付13時30分から,"脳活性化プロジェクト
&nbsp;
",0,,"専門学校YICリハビリテーション大学校
山口市小郡御幸町6－1",083-976-8355,,,小羽山ふれあいセンター,〒755-0081 宇部市北小羽山町二丁目6番50号,,,,,,,,,,https://www.city.ube.yamaguchi.jp/kenkou/kenkouzukuri/kenkoutorikumi/1024718/1024754.html,
3.00002E+12,1024755,山口県,宇部市,まちなか保健室　からだ・脳・こころの健康、リハビリのプロに相談（原ふれあいセンター）,センモンショクニヨルケンコウソウダン,,2025/10/14,2025/10/14,14:00,16:00,受付13時30分から,"脳活性化プロジェクト
&nbsp;
",0,,"専門学校YICリハビリテーション大学校
山口市小郡御幸町6－1",083-976-8355,,,原ふれあいセンター,〒759-0204 宇部市大字妻崎開作字中内濱1990番地,,,,,,,,,,https://www.city.ube.yamaguchi.jp/kenkou/kenkouzukuri/kenkoutorikumi/1024718/1024755.html,
3.00002E+12,1024756,山口県,宇部市,まちなか保健室　からだ・脳・こころの健康、リハビリのプロに相談（二俣瀬ふれあいセンター）,センモンショクニヨルケンコウソウダン,,2025/11/25,2025/11/25,14:00,16:00,受付13時30分から,"絵画教室（スポンジアート・絵手紙）
&nbsp;
",0,,"専門学校YICリハビリテーション大学校
山口市小郡御幸町6－1",083-976-8355,,,二俣瀬ふれあいセンター,〒759-0133 宇部市大字車地字寮ノ河内173番地,,,,,,,,,,https://www.city.ube.yamaguchi.jp/kenkou/kenkouzukuri/kenkoutorikumi/1024718/1024756.html,
3.00002E+12,1024757,山口県,宇部市,まちなか保健室　からだ・脳・こころの健康、リハビリのプロに相談（川上ふれあいセンター）,センモンショクニヨルケンコウソウダン,,2025/12/2,2025/12/2,14:00,16:00,受付13時30分から,"絵画教室（スポンジアート・絵手紙）
&nbsp;
",0,,"専門学校YICリハビリテーション大学校
山口市小郡御幸町6－1",083-976-8355,,,川上ふれあいセンター,〒755-0084 宇部市大字川上字小羽山81番地1,,,,,,,,,,https://www.city.ube.yamaguchi.jp/kenkou/kenkouzukuri/kenkoutorikumi/1024718/1024757.html,
3.00002E+12,1024758,山口県,宇部市,まちなか保健室　からだ・脳・こころの健康、リハビリのプロに相談（上宇部ふれあいセンター）,センモンショクニヨルケンコウソウダン,,2026/1/27,2026/1/27,14:00,16:00,受付13時30分から,"絵画教室（スポンジアート・絵手紙）
&nbsp;
",0,,"専門学校YICリハビリテーション大学校
山口市小郡御幸町6－1",083-976-8355,,,上宇部ふれあいセンター,〒755-0072 宇部市中村二丁目6番15号,,,,,,,,,,https://www.city.ube.yamaguchi.jp/kenkou/kenkouzukuri/kenkoutorikumi/1024718/1024758.html,
3.00002E+12,1024759,山口県,宇部市,まちなか保健室　からだ・脳・こころの健康、リハビリのプロに相談（黒石ふれあいセンター）,センモンショクニヨルケンコウソウダン,,2026/2/10,2026/2/10,14:00,16:00,受付13時30分から,"絵画教室（スポンジアート・絵手紙）
&nbsp;
",0,,"専門学校YICリハビリテーション大学校
山口市小郡御幸町6－1",083-976-8355,,,黒石ふれあいセンター,〒759-0213 宇部市黒石北三丁目2番37-12号,,,,,,,,,,https://www.city.ube.yamaguchi.jp/kenkou/kenkouzukuri/kenkoutorikumi/1024718/1024759.html,
3.00002E+12,1024760,山口県,宇部市,まちなか保健室　からだ・脳・こころの健康、リハビリのプロに相談（厚東ふれあいセンター）,センモンショクニヨルケンコウソウダン,,2026/2/24,2026/2/24,14:00,16:00,受付13時30分から,"ものづくり教室（革細工）
&nbsp;
",0,,"専門学校YICリハビリテーション大学校
山口市小郡御幸町6－1",083-976-8355,,,厚東ふれあいセンター,〒759-0121 宇部市大字棚井字高野原68番地2,,,,,,,,,,https://www.city.ube.yamaguchi.jp/kenkou/kenkouzukuri/kenkoutorikumi/1024718/1024760.html,
3.00002E+12,1024761,山口県,宇部市,まちなか保健室　からだ・脳・こころの健康、リハビリのプロに相談（東岐波ふれあいセンター）,センモンショクニヨルケンコウソウダン,,2026/3/17,2026/3/17,14:00,16:00,受付13時30分から,"ものづくり教室（革細工）
&nbsp;
",0,,"専門学校YICリハビリテーション大学校
山口市小郡御幸町6－1",083-976-8355,,,東岐波ふれあいセンター,〒755-0241 宇部市大字東岐波字向山3829番地,,,,,,,,,,https://www.city.ube.yamaguchi.jp/kenkou/kenkouzukuri/kenkoutorikumi/1024718/1024761.html,
3.00002E+12,1024737,山口県,宇部市,まちなか保健室　からだ・脳・こころの健康、リハビリのプロに相談（吉部ふれあいセンター）,センモンショクニヨルケンコウソウダン,,2025/9/26,2025/9/26,10:00,12:00,受付9時30分から,"絵画教室（スポンジアート・絵手紙）
",0,,"専門学校YICリハビリテーション大学校
山口市小郡御幸町6－1",083-976-8355,,,吉部ふれあいセンター,〒757-0401 宇部市大字東吉部字馬場西3330番地7,,,,,,,,,,https://www.city.ube.yamaguchi.jp/kenkou/kenkouzukuri/kenkoutorikumi/1024718/1024737.html,
3.00002E+12,1024788,山口県,宇部市,2025年度　図書館　おはなしのじかん,2025年度　図書館　おはなしのじかん,,2025/6/7,2025/6/7,14:30,15:00,"第1・第4土曜日（午後2時30分～午後3時00分）
第2土曜日（午後2時30分～午後3時15分）
第3水曜日（午前10時30分～午前10時45分）
第3土曜日（午後2時30分～午後3時20分）","ボランティア団体や図書館司書による紙芝居や絵本の読みきかせなどを定期開催しています。心温まる物語をお子さんたちに届けています。
第1土曜日　紙芝居など（はなしの工房）
第2土曜日　読み聞かせなど（奇数月・グリムの会　偶数月：くれよん）
第3水曜日　よみきかせのじかん　（図書館）
第3土曜日　読み聞かせなど（チャイルド）
第4土曜日　読み聞かせなど（ことばの森）
",,,"宇部市立図書館
電話番号：0836－21－1966",,,,宇部市立図書館　おはなしのへや,宇部市琴芝町一丁目1番33号,,,,,,,,,,https://www.city.ube.yamaguchi.jp/kyouyou/toshokan/event/1024849/1024788.html,
3.00002E+12,1024788,山口県,宇部市,2025年度　図書館　おはなしのじかん,2025年度　図書館　おはなしのじかん,,2025/6/14,2025/6/14,14:30,15:00,"第1・第4土曜日（午後2時30分～午後3時00分）
第2土曜日（午後2時30分～午後3時15分）
第3水曜日（午前10時30分～午前10時45分）
第3土曜日（午後2時30分～午後3時20分）","ボランティア団体や図書館司書による紙芝居や絵本の読みきかせなどを定期開催しています。心温まる物語をお子さんたちに届けています。
第1土曜日　紙芝居など（はなしの工房）
第2土曜日　読み聞かせなど（奇数月・グリムの会　偶数月：くれよん）
第3水曜日　よみきかせのじかん　（図書館）
第3土曜日　読み聞かせなど（チャイルド）
第4土曜日　読み聞かせなど（ことばの森）
",,,"宇部市立図書館
電話番号：0836－21－1966",,,,宇部市立図書館　おはなしのへや,宇部市琴芝町一丁目1番33号,,,,,,,,,,https://www.city.ube.yamaguchi.jp/kyouyou/toshokan/event/1024849/1024788.html,
3.00002E+12,1024788,山口県,宇部市,2025年度　図書館　おはなしのじかん,2025年度　図書館　おはなしのじかん,,2025/6/18,2025/6/18,14:30,15:00,"第1・第4土曜日（午後2時30分～午後3時00分）
第2土曜日（午後2時30分～午後3時15分）
第3水曜日（午前10時30分～午前10時45分）
第3土曜日（午後2時30分～午後3時20分）","ボランティア団体や図書館司書による紙芝居や絵本の読みきかせなどを定期開催しています。心温まる物語をお子さんたちに届けています。
第1土曜日　紙芝居など（はなしの工房）
第2土曜日　読み聞かせなど（奇数月・グリムの会　偶数月：くれよん）
第3水曜日　よみきかせのじかん　（図書館）
第3土曜日　読み聞かせなど（チャイルド）
第4土曜日　読み聞かせなど（ことばの森）
",,,"宇部市立図書館
電話番号：0836－21－1966",,,,宇部市立図書館　おはなしのへや,宇部市琴芝町一丁目1番33号,,,,,,,,,,https://www.city.ube.yamaguchi.jp/kyouyou/toshokan/event/1024849/1024788.html,
3.00002E+12,1024788,山口県,宇部市,2025年度　図書館　おはなしのじかん,2025年度　図書館　おはなしのじかん,,2025/6/21,2025/6/21,14:30,15:00,"第1・第4土曜日（午後2時30分～午後3時00分）
第2土曜日（午後2時30分～午後3時15分）
第3水曜日（午前10時30分～午前10時45分）
第3土曜日（午後2時30分～午後3時20分）","ボランティア団体や図書館司書による紙芝居や絵本の読みきかせなどを定期開催しています。心温まる物語をお子さんたちに届けています。
第1土曜日　紙芝居など（はなしの工房）
第2土曜日　読み聞かせなど（奇数月・グリムの会　偶数月：くれよん）
第3水曜日　よみきかせのじかん　（図書館）
第3土曜日　読み聞かせなど（チャイルド）
第4土曜日　読み聞かせなど（ことばの森）
",,,"宇部市立図書館
電話番号：0836－21－1966",,,,宇部市立図書館　おはなしのへや,宇部市琴芝町一丁目1番33号,,,,,,,,,,https://www.city.ube.yamaguchi.jp/kyouyou/toshokan/event/1024849/1024788.html,
3.00002E+12,1024788,山口県,宇部市,2025年度　図書館　おはなしのじかん,2025年度　図書館　おはなしのじかん,,2025/6/28,2025/6/28,14:30,15:00,"第1・第4土曜日（午後2時30分～午後3時00分）
第2土曜日（午後2時30分～午後3時15分）
第3水曜日（午前10時30分～午前10時45分）
第3土曜日（午後2時30分～午後3時20分）","ボランティア団体や図書館司書による紙芝居や絵本の読みきかせなどを定期開催しています。心温まる物語をお子さんたちに届けています。
第1土曜日　紙芝居など（はなしの工房）
第2土曜日　読み聞かせなど（奇数月・グリムの会　偶数月：くれよん）
第3水曜日　よみきかせのじかん　（図書館）
第3土曜日　読み聞かせなど（チャイルド）
第4土曜日　読み聞かせなど（ことばの森）
",,,"宇部市立図書館
電話番号：0836－21－1966",,,,宇部市立図書館　おはなしのへや,宇部市琴芝町一丁目1番33号,,,,,,,,,,https://www.city.ube.yamaguchi.jp/kyouyou/toshokan/event/1024849/1024788.html,
3.00002E+12,1024788,山口県,宇部市,2025年度　図書館　おはなしのじかん,2025年度　図書館　おはなしのじかん,,2025/7/5,2025/7/5,14:30,15:00,"第1・第4土曜日（午後2時30分～午後3時00分）
第2土曜日（午後2時30分～午後3時15分）
第3水曜日（午前10時30分～午前10時45分）
第3土曜日（午後2時30分～午後3時20分）","ボランティア団体や図書館司書による紙芝居や絵本の読みきかせなどを定期開催しています。心温まる物語をお子さんたちに届けています。
第1土曜日　紙芝居など（はなしの工房）
第2土曜日　読み聞かせなど（奇数月・グリムの会　偶数月：くれよん）
第3水曜日　よみきかせのじかん　（図書館）
第3土曜日　読み聞かせなど（チャイルド）
第4土曜日　読み聞かせなど（ことばの森）
",,,"宇部市立図書館
電話番号：0836－21－1966",,,,宇部市立図書館　おはなしのへや,宇部市琴芝町一丁目1番33号,,,,,,,,,,https://www.city.ube.yamaguchi.jp/kyouyou/toshokan/event/1024849/1024788.html,
3.00002E+12,1024788,山口県,宇部市,2025年度　図書館　おはなしのじかん,2025年度　図書館　おはなしのじかん,,2025/7/12,2025/7/12,14:30,15:00,"第1・第4土曜日（午後2時30分～午後3時00分）
第2土曜日（午後2時30分～午後3時15分）
第3水曜日（午前10時30分～午前10時45分）
第3土曜日（午後2時30分～午後3時20分）","ボランティア団体や図書館司書による紙芝居や絵本の読みきかせなどを定期開催しています。心温まる物語をお子さんたちに届けています。
第1土曜日　紙芝居など（はなしの工房）
第2土曜日　読み聞かせなど（奇数月・グリムの会　偶数月：くれよん）
第3水曜日　よみきかせのじかん　（図書館）
第3土曜日　読み聞かせなど（チャイルド）
第4土曜日　読み聞かせなど（ことばの森）
",,,"宇部市立図書館
電話番号：0836－21－1966",,,,宇部市立図書館　おはなしのへや,宇部市琴芝町一丁目1番33号,,,,,,,,,,https://www.city.ube.yamaguchi.jp/kyouyou/toshokan/event/1024849/1024788.html,
3.00002E+12,1024788,山口県,宇部市,2025年度　図書館　おはなしのじかん,2025年度　図書館　おはなしのじかん,,2025/7/16,2025/7/16,14:30,15:00,"第1・第4土曜日（午後2時30分～午後3時00分）
第2土曜日（午後2時30分～午後3時15分）
第3水曜日（午前10時30分～午前10時45分）
第3土曜日（午後2時30分～午後3時20分）","ボランティア団体や図書館司書による紙芝居や絵本の読みきかせなどを定期開催しています。心温まる物語をお子さんたちに届けています。
第1土曜日　紙芝居など（はなしの工房）
第2土曜日　読み聞かせなど（奇数月・グリムの会　偶数月：くれよん）
第3水曜日　よみきかせのじかん　（図書館）
第3土曜日　読み聞かせなど（チャイルド）
第4土曜日　読み聞かせなど（ことばの森）
",,,"宇部市立図書館
電話番号：0836－21－1966",,,,宇部市立図書館　おはなしのへや,宇部市琴芝町一丁目1番33号,,,,,,,,,,https://www.city.ube.yamaguchi.jp/kyouyou/toshokan/event/1024849/1024788.html,
3.00002E+12,1024788,山口県,宇部市,2025年度　図書館　おはなしのじかん,2025年度　図書館　おはなしのじかん,,2025/7/19,2025/7/19,14:30,15:00,"第1・第4土曜日（午後2時30分～午後3時00分）
第2土曜日（午後2時30分～午後3時15分）
第3水曜日（午前10時30分～午前10時45分）
第3土曜日（午後2時30分～午後3時20分）","ボランティア団体や図書館司書による紙芝居や絵本の読みきかせなどを定期開催しています。心温まる物語をお子さんたちに届けています。
第1土曜日　紙芝居など（はなしの工房）
第2土曜日　読み聞かせなど（奇数月・グリムの会　偶数月：くれよん）
第3水曜日　よみきかせのじかん　（図書館）
第3土曜日　読み聞かせなど（チャイルド）
第4土曜日　読み聞かせなど（ことばの森）
",,,"宇部市立図書館
電話番号：0836－21－1966",,,,宇部市立図書館　おはなしのへや,宇部市琴芝町一丁目1番33号,,,,,,,,,,https://www.city.ube.yamaguchi.jp/kyouyou/toshokan/event/1024849/1024788.html,
3.00002E+12,1024788,山口県,宇部市,2025年度　図書館　おはなしのじかん,2025年度　図書館　おはなしのじかん,,2025/7/26,2025/7/26,14:30,15:00,"第1・第4土曜日（午後2時30分～午後3時00分）
第2土曜日（午後2時30分～午後3時15分）
第3水曜日（午前10時30分～午前10時45分）
第3土曜日（午後2時30分～午後3時20分）","ボランティア団体や図書館司書による紙芝居や絵本の読みきかせなどを定期開催しています。心温まる物語をお子さんたちに届けています。
第1土曜日　紙芝居など（はなしの工房）
第2土曜日　読み聞かせなど（奇数月・グリムの会　偶数月：くれよん）
第3水曜日　よみきかせのじかん　（図書館）
第3土曜日　読み聞かせなど（チャイルド）
第4土曜日　読み聞かせなど（ことばの森）
",,,"宇部市立図書館
電話番号：0836－21－1966",,,,宇部市立図書館　おはなしのへや,宇部市琴芝町一丁目1番33号,,,,,,,,,,https://www.city.ube.yamaguchi.jp/kyouyou/toshokan/event/1024849/1024788.html,
3.00002E+12,1024788,山口県,宇部市,2025年度　図書館　おはなしのじかん,2025年度　図書館　おはなしのじかん,,2025/8/2,2025/8/2,14:30,15:00,"第1・第4土曜日（午後2時30分～午後3時00分）
第2土曜日（午後2時30分～午後3時15分）
第3水曜日（午前10時30分～午前10時45分）
第3土曜日（午後2時30分～午後3時20分）","ボランティア団体や図書館司書による紙芝居や絵本の読みきかせなどを定期開催しています。心温まる物語をお子さんたちに届けています。
第1土曜日　紙芝居など（はなしの工房）
第2土曜日　読み聞かせなど（奇数月・グリムの会　偶数月：くれよん）
第3水曜日　よみきかせのじかん　（図書館）
第3土曜日　読み聞かせなど（チャイルド）
第4土曜日　読み聞かせなど（ことばの森）
",,,"宇部市立図書館
電話番号：0836－21－1966",,,,宇部市立図書館　おはなしのへや,宇部市琴芝町一丁目1番33号,,,,,,,,,,https://www.city.ube.yamaguchi.jp/kyouyou/toshokan/event/1024849/1024788.html,
3.00002E+12,1024788,山口県,宇部市,2025年度　図書館　おはなしのじかん,2025年度　図書館　おはなしのじかん,,2025/8/9,2025/8/9,14:30,15:00,"第1・第4土曜日（午後2時30分～午後3時00分）
第2土曜日（午後2時30分～午後3時15分）
第3水曜日（午前10時30分～午前10時45分）
第3土曜日（午後2時30分～午後3時20分）","ボランティア団体や図書館司書による紙芝居や絵本の読みきかせなどを定期開催しています。心温まる物語をお子さんたちに届けています。
第1土曜日　紙芝居など（はなしの工房）
第2土曜日　読み聞かせなど（奇数月・グリムの会　偶数月：くれよん）
第3水曜日　よみきかせのじかん　（図書館）
第3土曜日　読み聞かせなど（チャイルド）
第4土曜日　読み聞かせなど（ことばの森）
",,,"宇部市立図書館
電話番号：0836－21－1966",,,,宇部市立図書館　おはなしのへや,宇部市琴芝町一丁目1番33号,,,,,,,,,,https://www.city.ube.yamaguchi.jp/kyouyou/toshokan/event/1024849/1024788.html,
3.00002E+12,1024788,山口県,宇部市,2025年度　図書館　おはなしのじかん,2025年度　図書館　おはなしのじかん,,2025/8/16,2025/8/16,14:30,15:00,"第1・第4土曜日（午後2時30分～午後3時00分）
第2土曜日（午後2時30分～午後3時15分）
第3水曜日（午前10時30分～午前10時45分）
第3土曜日（午後2時30分～午後3時20分）","ボランティア団体や図書館司書による紙芝居や絵本の読みきかせなどを定期開催しています。心温まる物語をお子さんたちに届けています。
第1土曜日　紙芝居など（はなしの工房）
第2土曜日　読み聞かせなど（奇数月・グリムの会　偶数月：くれよん）
第3水曜日　よみきかせのじかん　（図書館）
第3土曜日　読み聞かせなど（チャイルド）
第4土曜日　読み聞かせなど（ことばの森）
",,,"宇部市立図書館
電話番号：0836－21－1966",,,,宇部市立図書館　おはなしのへや,宇部市琴芝町一丁目1番33号,,,,,,,,,,https://www.city.ube.yamaguchi.jp/kyouyou/toshokan/event/1024849/1024788.html,
3.00002E+12,1024788,山口県,宇部市,2025年度　図書館　おはなしのじかん,2025年度　図書館　おはなしのじかん,,2025/8/20,2025/8/20,14:30,15:00,"第1・第4土曜日（午後2時30分～午後3時00分）
第2土曜日（午後2時30分～午後3時15分）
第3水曜日（午前10時30分～午前10時45分）
第3土曜日（午後2時30分～午後3時20分）","ボランティア団体や図書館司書による紙芝居や絵本の読みきかせなどを定期開催しています。心温まる物語をお子さんたちに届けています。
第1土曜日　紙芝居など（はなしの工房）
第2土曜日　読み聞かせなど（奇数月・グリムの会　偶数月：くれよん）
第3水曜日　よみきかせのじかん　（図書館）
第3土曜日　読み聞かせなど（チャイルド）
第4土曜日　読み聞かせなど（ことばの森）
",,,"宇部市立図書館
電話番号：0836－21－1966",,,,宇部市立図書館　おはなしのへや,宇部市琴芝町一丁目1番33号,,,,,,,,,,https://www.city.ube.yamaguchi.jp/kyouyou/toshokan/event/1024849/1024788.html,
3.00002E+12,1024788,山口県,宇部市,2025年度　図書館　おはなしのじかん,2025年度　図書館　おはなしのじかん,,2025/8/23,2025/8/23,14:30,15:00,"第1・第4土曜日（午後2時30分～午後3時00分）
第2土曜日（午後2時30分～午後3時15分）
第3水曜日（午前10時30分～午前10時45分）
第3土曜日（午後2時30分～午後3時20分）","ボランティア団体や図書館司書による紙芝居や絵本の読みきかせなどを定期開催しています。心温まる物語をお子さんたちに届けています。
第1土曜日　紙芝居など（はなしの工房）
第2土曜日　読み聞かせなど（奇数月・グリムの会　偶数月：くれよん）
第3水曜日　よみきかせのじかん　（図書館）
第3土曜日　読み聞かせなど（チャイルド）
第4土曜日　読み聞かせなど（ことばの森）
",,,"宇部市立図書館
電話番号：0836－21－1966",,,,宇部市立図書館　おはなしのへや,宇部市琴芝町一丁目1番33号,,,,,,,,,,https://www.city.ube.yamaguchi.jp/kyouyou/toshokan/event/1024849/1024788.html,
3.00002E+12,1024788,山口県,宇部市,2025年度　図書館　おはなしのじかん,2025年度　図書館　おはなしのじかん,,2025/9/6,2025/9/6,14:30,15:00,"第1・第4土曜日（午後2時30分～午後3時00分）
第2土曜日（午後2時30分～午後3時15分）
第3水曜日（午前10時30分～午前10時45分）
第3土曜日（午後2時30分～午後3時20分）","ボランティア団体や図書館司書による紙芝居や絵本の読みきかせなどを定期開催しています。心温まる物語をお子さんたちに届けています。
第1土曜日　紙芝居など（はなしの工房）
第2土曜日　読み聞かせなど（奇数月・グリムの会　偶数月：くれよん）
第3水曜日　よみきかせのじかん　（図書館）
第3土曜日　読み聞かせなど（チャイルド）
第4土曜日　読み聞かせなど（ことばの森）
",,,"宇部市立図書館
電話番号：0836－21－1966",,,,宇部市立図書館　おはなしのへや,宇部市琴芝町一丁目1番33号,,,,,,,,,,https://www.city.ube.yamaguchi.jp/kyouyou/toshokan/event/1024849/1024788.html,
3.00002E+12,1024788,山口県,宇部市,2025年度　図書館　おはなしのじかん,2025年度　図書館　おはなしのじかん,,2025/9/13,2025/9/13,14:30,15:00,"第1・第4土曜日（午後2時30分～午後3時00分）
第2土曜日（午後2時30分～午後3時15分）
第3水曜日（午前10時30分～午前10時45分）
第3土曜日（午後2時30分～午後3時20分）","ボランティア団体や図書館司書による紙芝居や絵本の読みきかせなどを定期開催しています。心温まる物語をお子さんたちに届けています。
第1土曜日　紙芝居など（はなしの工房）
第2土曜日　読み聞かせなど（奇数月・グリムの会　偶数月：くれよん）
第3水曜日　よみきかせのじかん　（図書館）
第3土曜日　読み聞かせなど（チャイルド）
第4土曜日　読み聞かせなど（ことばの森）
",,,"宇部市立図書館
電話番号：0836－21－1966",,,,宇部市立図書館　おはなしのへや,宇部市琴芝町一丁目1番33号,,,,,,,,,,https://www.city.ube.yamaguchi.jp/kyouyou/toshokan/event/1024849/1024788.html,
3.00002E+12,1024788,山口県,宇部市,2025年度　図書館　おはなしのじかん,2025年度　図書館　おはなしのじかん,,2025/9/17,2025/9/17,14:30,15:00,"第1・第4土曜日（午後2時30分～午後3時00分）
第2土曜日（午後2時30分～午後3時15分）
第3水曜日（午前10時30分～午前10時45分）
第3土曜日（午後2時30分～午後3時20分）","ボランティア団体や図書館司書による紙芝居や絵本の読みきかせなどを定期開催しています。心温まる物語をお子さんたちに届けています。
第1土曜日　紙芝居など（はなしの工房）
第2土曜日　読み聞かせなど（奇数月・グリムの会　偶数月：くれよん）
第3水曜日　よみきかせのじかん　（図書館）
第3土曜日　読み聞かせなど（チャイルド）
第4土曜日　読み聞かせなど（ことばの森）
",,,"宇部市立図書館
電話番号：0836－21－1966",,,,宇部市立図書館　おはなしのへや,宇部市琴芝町一丁目1番33号,,,,,,,,,,https://www.city.ube.yamaguchi.jp/kyouyou/toshokan/event/1024849/1024788.html,
3.00002E+12,1024788,山口県,宇部市,2025年度　図書館　おはなしのじかん,2025年度　図書館　おはなしのじかん,,2025/9/20,2025/9/20,14:30,15:00,"第1・第4土曜日（午後2時30分～午後3時00分）
第2土曜日（午後2時30分～午後3時15分）
第3水曜日（午前10時30分～午前10時45分）
第3土曜日（午後2時30分～午後3時20分）","ボランティア団体や図書館司書による紙芝居や絵本の読みきかせなどを定期開催しています。心温まる物語をお子さんたちに届けています。
第1土曜日　紙芝居など（はなしの工房）
第2土曜日　読み聞かせなど（奇数月・グリムの会　偶数月：くれよん）
第3水曜日　よみきかせのじかん　（図書館）
第3土曜日　読み聞かせなど（チャイルド）
第4土曜日　読み聞かせなど（ことばの森）
",,,"宇部市立図書館
電話番号：0836－21－1966",,,,宇部市立図書館　おはなしのへや,宇部市琴芝町一丁目1番33号,,,,,,,,,,https://www.city.ube.yamaguchi.jp/kyouyou/toshokan/event/1024849/1024788.html,
3.00002E+12,1024788,山口県,宇部市,2025年度　図書館　おはなしのじかん,2025年度　図書館　おはなしのじかん,,2025/9/27,2025/9/27,14:30,15:00,"第1・第4土曜日（午後2時30分～午後3時00分）
第2土曜日（午後2時30分～午後3時15分）
第3水曜日（午前10時30分～午前10時45分）
第3土曜日（午後2時30分～午後3時20分）","ボランティア団体や図書館司書による紙芝居や絵本の読みきかせなどを定期開催しています。心温まる物語をお子さんたちに届けています。
第1土曜日　紙芝居など（はなしの工房）
第2土曜日　読み聞かせなど（奇数月・グリムの会　偶数月：くれよん）
第3水曜日　よみきかせのじかん　（図書館）
第3土曜日　読み聞かせなど（チャイルド）
第4土曜日　読み聞かせなど（ことばの森）
",,,"宇部市立図書館
電話番号：0836－21－1966",,,,宇部市立図書館　おはなしのへや,宇部市琴芝町一丁目1番33号,,,,,,,,,,https://www.city.ube.yamaguchi.jp/kyouyou/toshokan/event/1024849/1024788.html,
3.00002E+12,1024788,山口県,宇部市,2025年度　図書館　おはなしのじかん,2025年度　図書館　おはなしのじかん,,2025/10/4,2025/10/4,14:30,15:00,"第1・第4土曜日（午後2時30分～午後3時00分）
第2土曜日（午後2時30分～午後3時15分）
第3水曜日（午前10時30分～午前10時45分）
第3土曜日（午後2時30分～午後3時20分）","ボランティア団体や図書館司書による紙芝居や絵本の読みきかせなどを定期開催しています。心温まる物語をお子さんたちに届けています。
第1土曜日　紙芝居など（はなしの工房）
第2土曜日　読み聞かせなど（奇数月・グリムの会　偶数月：くれよん）
第3水曜日　よみきかせのじかん　（図書館）
第3土曜日　読み聞かせなど（チャイルド）
第4土曜日　読み聞かせなど（ことばの森）
",,,"宇部市立図書館
電話番号：0836－21－1966",,,,宇部市立図書館　おはなしのへや,宇部市琴芝町一丁目1番33号,,,,,,,,,,https://www.city.ube.yamaguchi.jp/kyouyou/toshokan/event/1024849/1024788.html,
3.00002E+12,1024788,山口県,宇部市,2025年度　図書館　おはなしのじかん,2025年度　図書館　おはなしのじかん,,2025/10/11,2025/10/11,14:30,15:00,"第1・第4土曜日（午後2時30分～午後3時00分）
第2土曜日（午後2時30分～午後3時15分）
第3水曜日（午前10時30分～午前10時45分）
第3土曜日（午後2時30分～午後3時20分）","ボランティア団体や図書館司書による紙芝居や絵本の読みきかせなどを定期開催しています。心温まる物語をお子さんたちに届けています。
第1土曜日　紙芝居など（はなしの工房）
第2土曜日　読み聞かせなど（奇数月・グリムの会　偶数月：くれよん）
第3水曜日　よみきかせのじかん　（図書館）
第3土曜日　読み聞かせなど（チャイルド）
第4土曜日　読み聞かせなど（ことばの森）
",,,"宇部市立図書館
電話番号：0836－21－1966",,,,宇部市立図書館　おはなしのへや,宇部市琴芝町一丁目1番33号,,,,,,,,,,https://www.city.ube.yamaguchi.jp/kyouyou/toshokan/event/1024849/1024788.html,
3.00002E+12,1024788,山口県,宇部市,2025年度　図書館　おはなしのじかん,2025年度　図書館　おはなしのじかん,,2025/10/15,2025/10/15,14:30,15:00,"第1・第4土曜日（午後2時30分～午後3時00分）
第2土曜日（午後2時30分～午後3時15分）
第3水曜日（午前10時30分～午前10時45分）
第3土曜日（午後2時30分～午後3時20分）","ボランティア団体や図書館司書による紙芝居や絵本の読みきかせなどを定期開催しています。心温まる物語をお子さんたちに届けています。
第1土曜日　紙芝居など（はなしの工房）
第2土曜日　読み聞かせなど（奇数月・グリムの会　偶数月：くれよん）
第3水曜日　よみきかせのじかん　（図書館）
第3土曜日　読み聞かせなど（チャイルド）
第4土曜日　読み聞かせなど（ことばの森）
",,,"宇部市立図書館
電話番号：0836－21－1966",,,,宇部市立図書館　おはなしのへや,宇部市琴芝町一丁目1番33号,,,,,,,,,,https://www.city.ube.yamaguchi.jp/kyouyou/toshokan/event/1024849/1024788.html,
3.00002E+12,1024788,山口県,宇部市,2025年度　図書館　おはなしのじかん,2025年度　図書館　おはなしのじかん,,2025/10/25,2025/10/25,14:30,15:00,"第1・第4土曜日（午後2時30分～午後3時00分）
第2土曜日（午後2時30分～午後3時15分）
第3水曜日（午前10時30分～午前10時45分）
第3土曜日（午後2時30分～午後3時20分）","ボランティア団体や図書館司書による紙芝居や絵本の読みきかせなどを定期開催しています。心温まる物語をお子さんたちに届けています。
第1土曜日　紙芝居など（はなしの工房）
第2土曜日　読み聞かせなど（奇数月・グリムの会　偶数月：くれよん）
第3水曜日　よみきかせのじかん　（図書館）
第3土曜日　読み聞かせなど（チャイルド）
第4土曜日　読み聞かせなど（ことばの森）
",,,"宇部市立図書館
電話番号：0836－21－1966",,,,宇部市立図書館　おはなしのへや,宇部市琴芝町一丁目1番33号,,,,,,,,,,https://www.city.ube.yamaguchi.jp/kyouyou/toshokan/event/1024849/1024788.html,
3.00002E+12,1024788,山口県,宇部市,2025年度　図書館　おはなしのじかん,2025年度　図書館　おはなしのじかん,,2025/11/1,2025/11/1,14:30,15:00,"第1・第4土曜日（午後2時30分～午後3時00分）
第2土曜日（午後2時30分～午後3時15分）
第3水曜日（午前10時30分～午前10時45分）
第3土曜日（午後2時30分～午後3時20分）","ボランティア団体や図書館司書による紙芝居や絵本の読みきかせなどを定期開催しています。心温まる物語をお子さんたちに届けています。
第1土曜日　紙芝居など（はなしの工房）
第2土曜日　読み聞かせなど（奇数月・グリムの会　偶数月：くれよん）
第3水曜日　よみきかせのじかん　（図書館）
第3土曜日　読み聞かせなど（チャイルド）
第4土曜日　読み聞かせなど（ことばの森）
",,,"宇部市立図書館
電話番号：0836－21－1966",,,,宇部市立図書館　おはなしのへや,宇部市琴芝町一丁目1番33号,,,,,,,,,,https://www.city.ube.yamaguchi.jp/kyouyou/toshokan/event/1024849/1024788.html,
3.00002E+12,1024788,山口県,宇部市,2025年度　図書館　おはなしのじかん,2025年度　図書館　おはなしのじかん,,2025/11/8,2025/11/8,14:30,15:00,"第1・第4土曜日（午後2時30分～午後3時00分）
第2土曜日（午後2時30分～午後3時15分）
第3水曜日（午前10時30分～午前10時45分）
第3土曜日（午後2時30分～午後3時20分）","ボランティア団体や図書館司書による紙芝居や絵本の読みきかせなどを定期開催しています。心温まる物語をお子さんたちに届けています。
第1土曜日　紙芝居など（はなしの工房）
第2土曜日　読み聞かせなど（奇数月・グリムの会　偶数月：くれよん）
第3水曜日　よみきかせのじかん　（図書館）
第3土曜日　読み聞かせなど（チャイルド）
第4土曜日　読み聞かせなど（ことばの森）
",,,"宇部市立図書館
電話番号：0836－21－1966",,,,宇部市立図書館　おはなしのへや,宇部市琴芝町一丁目1番33号,,,,,,,,,,https://www.city.ube.yamaguchi.jp/kyouyou/toshokan/event/1024849/1024788.html,
3.00002E+12,1024788,山口県,宇部市,2025年度　図書館　おはなしのじかん,2025年度　図書館　おはなしのじかん,,2025/11/15,2025/11/15,14:30,15:00,"第1・第4土曜日（午後2時30分～午後3時00分）
第2土曜日（午後2時30分～午後3時15分）
第3水曜日（午前10時30分～午前10時45分）
第3土曜日（午後2時30分～午後3時20分）","ボランティア団体や図書館司書による紙芝居や絵本の読みきかせなどを定期開催しています。心温まる物語をお子さんたちに届けています。
第1土曜日　紙芝居など（はなしの工房）
第2土曜日　読み聞かせなど（奇数月・グリムの会　偶数月：くれよん）
第3水曜日　よみきかせのじかん　（図書館）
第3土曜日　読み聞かせなど（チャイルド）
第4土曜日　読み聞かせなど（ことばの森）
",,,"宇部市立図書館
電話番号：0836－21－1966",,,,宇部市立図書館　おはなしのへや,宇部市琴芝町一丁目1番33号,,,,,,,,,,https://www.city.ube.yamaguchi.jp/kyouyou/toshokan/event/1024849/1024788.html,
3.00002E+12,1024788,山口県,宇部市,2025年度　図書館　おはなしのじかん,2025年度　図書館　おはなしのじかん,,2025/11/19,2025/11/19,14:30,15:00,"第1・第4土曜日（午後2時30分～午後3時00分）
第2土曜日（午後2時30分～午後3時15分）
第3水曜日（午前10時30分～午前10時45分）
第3土曜日（午後2時30分～午後3時20分）","ボランティア団体や図書館司書による紙芝居や絵本の読みきかせなどを定期開催しています。心温まる物語をお子さんたちに届けています。
第1土曜日　紙芝居など（はなしの工房）
第2土曜日　読み聞かせなど（奇数月・グリムの会　偶数月：くれよん）
第3水曜日　よみきかせのじかん　（図書館）
第3土曜日　読み聞かせなど（チャイルド）
第4土曜日　読み聞かせなど（ことばの森）
",,,"宇部市立図書館
電話番号：0836－21－1966",,,,宇部市立図書館　おはなしのへや,宇部市琴芝町一丁目1番33号,,,,,,,,,,https://www.city.ube.yamaguchi.jp/kyouyou/toshokan/event/1024849/1024788.html,
3.00002E+12,1024788,山口県,宇部市,2025年度　図書館　おはなしのじかん,2025年度　図書館　おはなしのじかん,,2025/11/22,2025/11/22,14:30,15:00,"第1・第4土曜日（午後2時30分～午後3時00分）
第2土曜日（午後2時30分～午後3時15分）
第3水曜日（午前10時30分～午前10時45分）
第3土曜日（午後2時30分～午後3時20分）","ボランティア団体や図書館司書による紙芝居や絵本の読みきかせなどを定期開催しています。心温まる物語をお子さんたちに届けています。
第1土曜日　紙芝居など（はなしの工房）
第2土曜日　読み聞かせなど（奇数月・グリムの会　偶数月：くれよん）
第3水曜日　よみきかせのじかん　（図書館）
第3土曜日　読み聞かせなど（チャイルド）
第4土曜日　読み聞かせなど（ことばの森）
",,,"宇部市立図書館
電話番号：0836－21－1966",,,,宇部市立図書館　おはなしのへや,宇部市琴芝町一丁目1番33号,,,,,,,,,,https://www.city.ube.yamaguchi.jp/kyouyou/toshokan/event/1024849/1024788.html,
3.00002E+12,1024788,山口県,宇部市,2025年度　図書館　おはなしのじかん,2025年度　図書館　おはなしのじかん,,2025/12/6,2025/12/6,14:30,15:00,"第1・第4土曜日（午後2時30分～午後3時00分）
第2土曜日（午後2時30分～午後3時15分）
第3水曜日（午前10時30分～午前10時45分）
第3土曜日（午後2時30分～午後3時20分）","ボランティア団体や図書館司書による紙芝居や絵本の読みきかせなどを定期開催しています。心温まる物語をお子さんたちに届けています。
第1土曜日　紙芝居など（はなしの工房）
第2土曜日　読み聞かせなど（奇数月・グリムの会　偶数月：くれよん）
第3水曜日　よみきかせのじかん　（図書館）
第3土曜日　読み聞かせなど（チャイルド）
第4土曜日　読み聞かせなど（ことばの森）
",,,"宇部市立図書館
電話番号：0836－21－1966",,,,宇部市立図書館　おはなしのへや,宇部市琴芝町一丁目1番33号,,,,,,,,,,https://www.city.ube.yamaguchi.jp/kyouyou/toshokan/event/1024849/1024788.html,
3.00002E+12,1024788,山口県,宇部市,2025年度　図書館　おはなしのじかん,2025年度　図書館　おはなしのじかん,,2025/12/13,2025/12/13,14:30,15:00,"第1・第4土曜日（午後2時30分～午後3時00分）
第2土曜日（午後2時30分～午後3時15分）
第3水曜日（午前10時30分～午前10時45分）
第3土曜日（午後2時30分～午後3時20分）","ボランティア団体や図書館司書による紙芝居や絵本の読みきかせなどを定期開催しています。心温まる物語をお子さんたちに届けています。
第1土曜日　紙芝居など（はなしの工房）
第2土曜日　読み聞かせなど（奇数月・グリムの会　偶数月：くれよん）
第3水曜日　よみきかせのじかん　（図書館）
第3土曜日　読み聞かせなど（チャイルド）
第4土曜日　読み聞かせなど（ことばの森）
",,,"宇部市立図書館
電話番号：0836－21－1966",,,,宇部市立図書館　おはなしのへや,宇部市琴芝町一丁目1番33号,,,,,,,,,,https://www.city.ube.yamaguchi.jp/kyouyou/toshokan/event/1024849/1024788.html,
3.00002E+12,1024788,山口県,宇部市,2025年度　図書館　おはなしのじかん,2025年度　図書館　おはなしのじかん,,2025/12/17,2025/12/17,14:30,15:00,"第1・第4土曜日（午後2時30分～午後3時00分）
第2土曜日（午後2時30分～午後3時15分）
第3水曜日（午前10時30分～午前10時45分）
第3土曜日（午後2時30分～午後3時20分）","ボランティア団体や図書館司書による紙芝居や絵本の読みきかせなどを定期開催しています。心温まる物語をお子さんたちに届けています。
第1土曜日　紙芝居など（はなしの工房）
第2土曜日　読み聞かせなど（奇数月・グリムの会　偶数月：くれよん）
第3水曜日　よみきかせのじかん　（図書館）
第3土曜日　読み聞かせなど（チャイルド）
第4土曜日　読み聞かせなど（ことばの森）
",,,"宇部市立図書館
電話番号：0836－21－1966",,,,宇部市立図書館　おはなしのへや,宇部市琴芝町一丁目1番33号,,,,,,,,,,https://www.city.ube.yamaguchi.jp/kyouyou/toshokan/event/1024849/1024788.html,
3.00002E+12,1024788,山口県,宇部市,2025年度　図書館　おはなしのじかん,2025年度　図書館　おはなしのじかん,,2025/12/20,2025/12/20,14:30,15:00,"第1・第4土曜日（午後2時30分～午後3時00分）
第2土曜日（午後2時30分～午後3時15分）
第3水曜日（午前10時30分～午前10時45分）
第3土曜日（午後2時30分～午後3時20分）","ボランティア団体や図書館司書による紙芝居や絵本の読みきかせなどを定期開催しています。心温まる物語をお子さんたちに届けています。
第1土曜日　紙芝居など（はなしの工房）
第2土曜日　読み聞かせなど（奇数月・グリムの会　偶数月：くれよん）
第3水曜日　よみきかせのじかん　（図書館）
第3土曜日　読み聞かせなど（チャイルド）
第4土曜日　読み聞かせなど（ことばの森）
",,,"宇部市立図書館
電話番号：0836－21－1966",,,,宇部市立図書館　おはなしのへや,宇部市琴芝町一丁目1番33号,,,,,,,,,,https://www.city.ube.yamaguchi.jp/kyouyou/toshokan/event/1024849/1024788.html,
3.00002E+12,1024788,山口県,宇部市,2025年度　図書館　おはなしのじかん,2025年度　図書館　おはなしのじかん,,2025/12/27,2025/12/27,14:30,15:00,"第1・第4土曜日（午後2時30分～午後3時00分）
第2土曜日（午後2時30分～午後3時15分）
第3水曜日（午前10時30分～午前10時45分）
第3土曜日（午後2時30分～午後3時20分）","ボランティア団体や図書館司書による紙芝居や絵本の読みきかせなどを定期開催しています。心温まる物語をお子さんたちに届けています。
第1土曜日　紙芝居など（はなしの工房）
第2土曜日　読み聞かせなど（奇数月・グリムの会　偶数月：くれよん）
第3水曜日　よみきかせのじかん　（図書館）
第3土曜日　読み聞かせなど（チャイルド）
第4土曜日　読み聞かせなど（ことばの森）
",,,"宇部市立図書館
電話番号：0836－21－1966",,,,宇部市立図書館　おはなしのへや,宇部市琴芝町一丁目1番33号,,,,,,,,,,https://www.city.ube.yamaguchi.jp/kyouyou/toshokan/event/1024849/1024788.html,
3.00002E+12,1024788,山口県,宇部市,2025年度　図書館　おはなしのじかん,2025年度　図書館　おはなしのじかん,,2026/1/10,2026/1/10,14:30,15:00,"第1・第4土曜日（午後2時30分～午後3時00分）
第2土曜日（午後2時30分～午後3時15分）
第3水曜日（午前10時30分～午前10時45分）
第3土曜日（午後2時30分～午後3時20分）","ボランティア団体や図書館司書による紙芝居や絵本の読みきかせなどを定期開催しています。心温まる物語をお子さんたちに届けています。
第1土曜日　紙芝居など（はなしの工房）
第2土曜日　読み聞かせなど（奇数月・グリムの会　偶数月：くれよん）
第3水曜日　よみきかせのじかん　（図書館）
第3土曜日　読み聞かせなど（チャイルド）
第4土曜日　読み聞かせなど（ことばの森）
",,,"宇部市立図書館
電話番号：0836－21－1966",,,,宇部市立図書館　おはなしのへや,宇部市琴芝町一丁目1番33号,,,,,,,,,,https://www.city.ube.yamaguchi.jp/kyouyou/toshokan/event/1024849/1024788.html,
3.00002E+12,1024788,山口県,宇部市,2025年度　図書館　おはなしのじかん,2025年度　図書館　おはなしのじかん,,2026/1/17,2026/1/17,14:30,15:00,"第1・第4土曜日（午後2時30分～午後3時00分）
第2土曜日（午後2時30分～午後3時15分）
第3水曜日（午前10時30分～午前10時45分）
第3土曜日（午後2時30分～午後3時20分）","ボランティア団体や図書館司書による紙芝居や絵本の読みきかせなどを定期開催しています。心温まる物語をお子さんたちに届けています。
第1土曜日　紙芝居など（はなしの工房）
第2土曜日　読み聞かせなど（奇数月・グリムの会　偶数月：くれよん）
第3水曜日　よみきかせのじかん　（図書館）
第3土曜日　読み聞かせなど（チャイルド）
第4土曜日　読み聞かせなど（ことばの森）
",,,"宇部市立図書館
電話番号：0836－21－1966",,,,宇部市立図書館　おはなしのへや,宇部市琴芝町一丁目1番33号,,,,,,,,,,https://www.city.ube.yamaguchi.jp/kyouyou/toshokan/event/1024849/1024788.html,
3.00002E+12,1024788,山口県,宇部市,2025年度　図書館　おはなしのじかん,2025年度　図書館　おはなしのじかん,,2026/1/24,2026/1/24,14:30,15:00,"第1・第4土曜日（午後2時30分～午後3時00分）
第2土曜日（午後2時30分～午後3時15分）
第3水曜日（午前10時30分～午前10時45分）
第3土曜日（午後2時30分～午後3時20分）","ボランティア団体や図書館司書による紙芝居や絵本の読みきかせなどを定期開催しています。心温まる物語をお子さんたちに届けています。
第1土曜日　紙芝居など（はなしの工房）
第2土曜日　読み聞かせなど（奇数月・グリムの会　偶数月：くれよん）
第3水曜日　よみきかせのじかん　（図書館）
第3土曜日　読み聞かせなど（チャイルド）
第4土曜日　読み聞かせなど（ことばの森）
",,,"宇部市立図書館
電話番号：0836－21－1966",,,,宇部市立図書館　おはなしのへや,宇部市琴芝町一丁目1番33号,,,,,,,,,,https://www.city.ube.yamaguchi.jp/kyouyou/toshokan/event/1024849/1024788.html,
3.00002E+12,1024788,山口県,宇部市,2025年度　図書館　おはなしのじかん,2025年度　図書館　おはなしのじかん,,2026/2/7,2026/2/7,14:30,15:00,"第1・第4土曜日（午後2時30分～午後3時00分）
第2土曜日（午後2時30分～午後3時15分）
第3水曜日（午前10時30分～午前10時45分）
第3土曜日（午後2時30分～午後3時20分）","ボランティア団体や図書館司書による紙芝居や絵本の読みきかせなどを定期開催しています。心温まる物語をお子さんたちに届けています。
第1土曜日　紙芝居など（はなしの工房）
第2土曜日　読み聞かせなど（奇数月・グリムの会　偶数月：くれよん）
第3水曜日　よみきかせのじかん　（図書館）
第3土曜日　読み聞かせなど（チャイルド）
第4土曜日　読み聞かせなど（ことばの森）
",,,"宇部市立図書館
電話番号：0836－21－1966",,,,宇部市立図書館　おはなしのへや,宇部市琴芝町一丁目1番33号,,,,,,,,,,https://www.city.ube.yamaguchi.jp/kyouyou/toshokan/event/1024849/1024788.html,
3.00002E+12,1024788,山口県,宇部市,2025年度　図書館　おはなしのじかん,2025年度　図書館　おはなしのじかん,,2026/2/14,2026/2/14,14:30,15:00,"第1・第4土曜日（午後2時30分～午後3時00分）
第2土曜日（午後2時30分～午後3時15分）
第3水曜日（午前10時30分～午前10時45分）
第3土曜日（午後2時30分～午後3時20分）","ボランティア団体や図書館司書による紙芝居や絵本の読みきかせなどを定期開催しています。心温まる物語をお子さんたちに届けています。
第1土曜日　紙芝居など（はなしの工房）
第2土曜日　読み聞かせなど（奇数月・グリムの会　偶数月：くれよん）
第3水曜日　よみきかせのじかん　（図書館）
第3土曜日　読み聞かせなど（チャイルド）
第4土曜日　読み聞かせなど（ことばの森）
",,,"宇部市立図書館
電話番号：0836－21－1966",,,,宇部市立図書館　おはなしのへや,宇部市琴芝町一丁目1番33号,,,,,,,,,,https://www.city.ube.yamaguchi.jp/kyouyou/toshokan/event/1024849/1024788.html,
3.00002E+12,1024788,山口県,宇部市,2025年度　図書館　おはなしのじかん,2025年度　図書館　おはなしのじかん,,2026/2/18,2026/2/18,14:30,15:00,"第1・第4土曜日（午後2時30分～午後3時00分）
第2土曜日（午後2時30分～午後3時15分）
第3水曜日（午前10時30分～午前10時45分）
第3土曜日（午後2時30分～午後3時20分）","ボランティア団体や図書館司書による紙芝居や絵本の読みきかせなどを定期開催しています。心温まる物語をお子さんたちに届けています。
第1土曜日　紙芝居など（はなしの工房）
第2土曜日　読み聞かせなど（奇数月・グリムの会　偶数月：くれよん）
第3水曜日　よみきかせのじかん　（図書館）
第3土曜日　読み聞かせなど（チャイルド）
第4土曜日　読み聞かせなど（ことばの森）
",,,"宇部市立図書館
電話番号：0836－21－1966",,,,宇部市立図書館　おはなしのへや,宇部市琴芝町一丁目1番33号,,,,,,,,,,https://www.city.ube.yamaguchi.jp/kyouyou/toshokan/event/1024849/1024788.html,
3.00002E+12,1024788,山口県,宇部市,2025年度　図書館　おはなしのじかん,2025年度　図書館　おはなしのじかん,,2026/2/21,2026/2/21,14:30,15:00,"第1・第4土曜日（午後2時30分～午後3時00分）
第2土曜日（午後2時30分～午後3時15分）
第3水曜日（午前10時30分～午前10時45分）
第3土曜日（午後2時30分～午後3時20分）","ボランティア団体や図書館司書による紙芝居や絵本の読みきかせなどを定期開催しています。心温まる物語をお子さんたちに届けています。
第1土曜日　紙芝居など（はなしの工房）
第2土曜日　読み聞かせなど（奇数月・グリムの会　偶数月：くれよん）
第3水曜日　よみきかせのじかん　（図書館）
第3土曜日　読み聞かせなど（チャイルド）
第4土曜日　読み聞かせなど（ことばの森）
",,,"宇部市立図書館
電話番号：0836－21－1966",,,,宇部市立図書館　おはなしのへや,宇部市琴芝町一丁目1番33号,,,,,,,,,,https://www.city.ube.yamaguchi.jp/kyouyou/toshokan/event/1024849/1024788.html,
3.00002E+12,1024788,山口県,宇部市,2025年度　図書館　おはなしのじかん,2025年度　図書館　おはなしのじかん,,2026/2/28,2026/2/28,14:30,15:00,"第1・第4土曜日（午後2時30分～午後3時00分）
第2土曜日（午後2時30分～午後3時15分）
第3水曜日（午前10時30分～午前10時45分）
第3土曜日（午後2時30分～午後3時20分）","ボランティア団体や図書館司書による紙芝居や絵本の読みきかせなどを定期開催しています。心温まる物語をお子さんたちに届けています。
第1土曜日　紙芝居など（はなしの工房）
第2土曜日　読み聞かせなど（奇数月・グリムの会　偶数月：くれよん）
第3水曜日　よみきかせのじかん　（図書館）
第3土曜日　読み聞かせなど（チャイルド）
第4土曜日　読み聞かせなど（ことばの森）
",,,"宇部市立図書館
電話番号：0836－21－1966",,,,宇部市立図書館　おはなしのへや,宇部市琴芝町一丁目1番33号,,,,,,,,,,https://www.city.ube.yamaguchi.jp/kyouyou/toshokan/event/1024849/1024788.html,
3.00002E+12,1024788,山口県,宇部市,2025年度　図書館　おはなしのじかん,2025年度　図書館　おはなしのじかん,,2026/3/7,2026/3/7,14:30,15:00,"第1・第4土曜日（午後2時30分～午後3時00分）
第2土曜日（午後2時30分～午後3時15分）
第3水曜日（午前10時30分～午前10時45分）
第3土曜日（午後2時30分～午後3時20分）","ボランティア団体や図書館司書による紙芝居や絵本の読みきかせなどを定期開催しています。心温まる物語をお子さんたちに届けています。
第1土曜日　紙芝居など（はなしの工房）
第2土曜日　読み聞かせなど（奇数月・グリムの会　偶数月：くれよん）
第3水曜日　よみきかせのじかん　（図書館）
第3土曜日　読み聞かせなど（チャイルド）
第4土曜日　読み聞かせなど（ことばの森）
",,,"宇部市立図書館
電話番号：0836－21－1966",,,,宇部市立図書館　おはなしのへや,宇部市琴芝町一丁目1番33号,,,,,,,,,,https://www.city.ube.yamaguchi.jp/kyouyou/toshokan/event/1024849/1024788.html,
3.00002E+12,1024788,山口県,宇部市,2025年度　図書館　おはなしのじかん,2025年度　図書館　おはなしのじかん,,2026/3/14,2026/3/14,14:30,15:00,"第1・第4土曜日（午後2時30分～午後3時00分）
第2土曜日（午後2時30分～午後3時15分）
第3水曜日（午前10時30分～午前10時45分）
第3土曜日（午後2時30分～午後3時20分）","ボランティア団体や図書館司書による紙芝居や絵本の読みきかせなどを定期開催しています。心温まる物語をお子さんたちに届けています。
第1土曜日　紙芝居など（はなしの工房）
第2土曜日　読み聞かせなど（奇数月・グリムの会　偶数月：くれよん）
第3水曜日　よみきかせのじかん　（図書館）
第3土曜日　読み聞かせなど（チャイルド）
第4土曜日　読み聞かせなど（ことばの森）
",,,"宇部市立図書館
電話番号：0836－21－1966",,,,宇部市立図書館　おはなしのへや,宇部市琴芝町一丁目1番33号,,,,,,,,,,https://www.city.ube.yamaguchi.jp/kyouyou/toshokan/event/1024849/1024788.html,
3.00002E+12,1024788,山口県,宇部市,2025年度　図書館　おはなしのじかん,2025年度　図書館　おはなしのじかん,,2026/3/18,2026/3/18,14:30,15:00,"第1・第4土曜日（午後2時30分～午後3時00分）
第2土曜日（午後2時30分～午後3時15分）
第3水曜日（午前10時30分～午前10時45分）
第3土曜日（午後2時30分～午後3時20分）","ボランティア団体や図書館司書による紙芝居や絵本の読みきかせなどを定期開催しています。心温まる物語をお子さんたちに届けています。
第1土曜日　紙芝居など（はなしの工房）
第2土曜日　読み聞かせなど（奇数月・グリムの会　偶数月：くれよん）
第3水曜日　よみきかせのじかん　（図書館）
第3土曜日　読み聞かせなど（チャイルド）
第4土曜日　読み聞かせなど（ことばの森）
",,,"宇部市立図書館
電話番号：0836－21－1966",,,,宇部市立図書館　おはなしのへや,宇部市琴芝町一丁目1番33号,,,,,,,,,,https://www.city.ube.yamaguchi.jp/kyouyou/toshokan/event/1024849/1024788.html,
3.00002E+12,1024788,山口県,宇部市,2025年度　図書館　おはなしのじかん,2025年度　図書館　おはなしのじかん,,2026/3/21,2026/3/21,14:30,15:00,"第1・第4土曜日（午後2時30分～午後3時00分）
第2土曜日（午後2時30分～午後3時15分）
第3水曜日（午前10時30分～午前10時45分）
第3土曜日（午後2時30分～午後3時20分）","ボランティア団体や図書館司書による紙芝居や絵本の読みきかせなどを定期開催しています。心温まる物語をお子さんたちに届けています。
第1土曜日　紙芝居など（はなしの工房）
第2土曜日　読み聞かせなど（奇数月・グリムの会　偶数月：くれよん）
第3水曜日　よみきかせのじかん　（図書館）
第3土曜日　読み聞かせなど（チャイルド）
第4土曜日　読み聞かせなど（ことばの森）
",,,"宇部市立図書館
電話番号：0836－21－1966",,,,宇部市立図書館　おはなしのへや,宇部市琴芝町一丁目1番33号,,,,,,,,,,https://www.city.ube.yamaguchi.jp/kyouyou/toshokan/event/1024849/1024788.html,
3.00002E+12,1024788,山口県,宇部市,2025年度　図書館　おはなしのじかん,2025年度　図書館　おはなしのじかん,,2026/3/28,2026/3/28,14:30,15:00,"第1・第4土曜日（午後2時30分～午後3時00分）
第2土曜日（午後2時30分～午後3時15分）
第3水曜日（午前10時30分～午前10時45分）
第3土曜日（午後2時30分～午後3時20分）","ボランティア団体や図書館司書による紙芝居や絵本の読みきかせなどを定期開催しています。心温まる物語をお子さんたちに届けています。
第1土曜日　紙芝居など（はなしの工房）
第2土曜日　読み聞かせなど（奇数月・グリムの会　偶数月：くれよん）
第3水曜日　よみきかせのじかん　（図書館）
第3土曜日　読み聞かせなど（チャイルド）
第4土曜日　読み聞かせなど（ことばの森）
",,,"宇部市立図書館
電話番号：0836－21－1966",,,,宇部市立図書館　おはなしのへや,宇部市琴芝町一丁目1番33号,,,,,,,,,,https://www.city.ube.yamaguchi.jp/kyouyou/toshokan/event/1024849/1024788.html,
