都道府県コード又は市区町村コード,NO,都道府県名,市区町村名,名称,名称_カナ,種別,住所,方書,緯度,経度,アクセス方法,駐車場情報,電話番号,内線番号,FAX番号,法人番号,団体名,認可等年月日,収容定員,受入年齢,利用可能曜日,開始時間,終了時間,利用可能日時特記事項,一時預かりの有無,URL,備考
350001,3500155001,山口県,,岩国東幼稚園,イワクニアズマヨウチエン,認定こども園（幼稚園型）,岩国市三笠町2-2-16,,34.167824,132.227859,JR岩国駅から徒歩10分,駐車スペース12台,(0827)21-2081,,(0827)21-9765,,,,,1歳到達後の4月から,月火水木金,8:00,"月火木金　14:30、
水　13:30",15:00~18:00（水曜日は14:00~18:00）に預かり保育を実施、土曜日も8:00~12:00に預かり保育を実施,無,https://higashi-youchien.ed.jp/,
350001,3500155002,山口県,,藤河幼稚園,フジカワヨウチエン,認定こども園（幼稚園型）,岩国市多田1257-1,,34.187538,132.165436,岩国バス下多田バス停より徒歩5分,駐車スペース18台,(0827)41-1873,,(0827)41-1870,,,,,生後８か月～,"1号（月火水木金）
2・3号（月火水木金土）",7:30,18:00,祝日はお休み12/28～1/3はお休み,有（要相談）,fujikawa-youchien@wit.ocn.ne.jp,
350001,3500155003,山口県,,岩国南幼稚園,イワクニミナミヨウチエン,認定こども園（幼稚園型）,岩国市平田6-28-3,,34.137371,132.188309,JR南岩国駅から徒歩20分,駐車スペース60台,(0827)31-8009,,(0827)32-1917,,,,,1歳から,月火水木金土日,8:00,18:30,祝日、年末年始は休み,無,http://www.i-minami-youchien.net/,
350001,3500155004,山口県,,灘幼稚園,ナダヨウチエン,認定こども園（幼稚園型）,岩国市藤生町2-27-18,,34.108532,132.196167,JR藤生駅から徒歩8分,駐車スペース250台,(0827)34-0505,,(0827)34-0505,,,,,6か月～5歳児,月～土,7:20,18:00,盆休み＆冬休み各2週間,有,無,
350001,3500155005,山口県,,岩国中央幼稚園,イワクニチュウオウヨウチエン,認定こども園（幼稚園型）,岩国市尾津町2-7-1,,34.142818,132.208328,尾津バス停3分,駐車スペース　5台,(0827)31-7212,,(0827)31-5455,,,,,0歳から,月火水木金,10:00,12:00,子育てカレンダーに記載,無,岩国中央幼稚園で検索,
350001,3500155006,山口県,,にっしょう認定こども園,ニッショウニンテイコドモエン,認定こども園（幼稚園型）,岩国市通津2766,,34.073696,132.182037,JR通津駅から徒歩10分,駐車スペース20台,(0827)38-0115,,(0827)38-0300,,,,,0歳から,月～土/土曜日のみ半日,7:30,18:00,祝・日､8/13～16日、12月28～1/4日休業,有,http://www.nissyo-youchien.net/,
350001,3500155007,山口県,,岩国むつみ幼稚園,イワクニムツミヨウチエン,私立幼稚園,岩国市通津棒田ヶ迫2104-4,,34.073696,132.182037,,,(0827)38-1288,,(0827)38-2350,,,,,,,,,,無,,
350001,3500155008,山口県,,藤生幼稚園,フジウヨウチエン,認定こども園（幼稚園型）,岩国市藤生町1-3-18,,34.11565,132.198792,,,(0827)32-1811,,(0827)32-7743,,,,,,,,,,,,
350001,3500155009,山口県,,岩国川下幼稚園,イワクニカワシタヨウチエン,認定こども園（幼稚園型）,岩国市楠町3-2-30,,34.156517,132.212128,JR岩国駅より車で8分,10台程度,(0827)21-0725,,(0827)21-0729,,,,,6ヵ月から,月火水木金土,7:00,18:00,土曜日は8:00~12:00。1号認定と2・3号認定で預かり時間が異なる,無,kawashimo.com,
350001,3500155010,山口県,,認定こども園　岩国染香幼稚園,ニンテイコドモエン　イワクニセンコウヨウチエン,認定こども園（幼稚園型）,岩国市岩国2-6-32,,34.163918,132.180023,JR川西駅より徒歩15分,駐車スペース5台,(0827)41-0534,,(0827)41-0520,,,,,0歳から,月火水木金土,7:30,18:30,祝日休、8/12～16、12/28～1/3休み,無,,
350001,3500155011,山口県,,室木幼稚園,ムロキヨウチエン,認定こども園（幼稚園型）,岩国市室の木町2-5-7,,34.175835,132.212479,ＪＲ岩国駅から徒歩２０分,駐車スペース５０台,(0827)24-3777,,(0827)24-3667,,,,,満２歳から,月火水木金,7:30,18:00,年末年始、お盆、４月初めの平日はお休み,無,http://muronoki.jp/,
350001,3500155012,山口県,,北河内幼稚園,キタゴウチヨウチエン,認定こども園（幼稚園型）,岩国市下454-26,,34.169106,132.095917,,駐車場有り,(0827)47-2411,,(0827)47-2411,,,,,生後約６月から,,9:00,12:00,園庭開放は日・祝日・行事開催日を除いて朝9時～10時まで参加可能。,有,https://www.kitagouchi-kodomoen.com/company.html,米国の幼児が多数在籍しており、里山保育とインターナショナルな保育を同時に体験できる環境です。
350001,3500155013,山口県,,岩国聖母幼稚園,イワクニセイボヨウチエン,私立幼稚園,岩国市砂山町2-9-19,,34.174717,132.215546,JR岩国駅から徒歩15分,駐車スペース25台,(0827)22-9743,,(0827)22-9744,,,,,3歳から,月火水木金,8:30,15:00,夏、冬、春の長期休み有,無,iwaseibo@cosmos.ocn.ne.jp,
350001,3500155014,山口県,,今津幼稚園,イマヅヨウチエン,私立幼稚園,岩国市今津町5-2-9,,34.162582,132.215103,,,(0827)24-3838,,(0827)24-2848,,,,,,,,,,無,,
350001,3500155015,山口県,,法寿幼稚園,ホウジュヨウチエン,私立幼稚園,岩国市車町1-9-22,,34.15765,132.21843,岩国駅より車で10分,車の駐車スペース約15台,(0827)21-3881,,(0827)21-3884,,,,,満3歳より,月火水木金,8:00,17:00,,無,http://www.houju-youchien.com,
350001,3500155016,山口県,,顕真幼稚園,ケンシンヨウチエン,私立幼稚園,岩国市錦見5-7-28,,34.161732,132.18959,JR西岩国から徒歩10分,駐車スペース１０台程度,(0827)41-0738,,(0827)43-1209,,,,,満3歳,月火水木金土,7:30,18:00,祝日・12/29～01/03・8/13～8/15・第2土曜日は休み,無,kenshin.town-map.net/,
350001,3500155017,山口県,,岩国めぐみ幼稚園,イワクニメグミヨウチエン,認定こども園（幼稚園型）,岩国市元町2-8-8,,34.17004,132.228622,,,(0827)21-4344,,(0827)21-4354,,,,,,,,,,,,
350001,3500155018,山口県,,光顔幼稚園,コウゲンヨウチエン,認定こども園（幼稚園型）,岩国市御庄1691,,34.165096,132.145493,新岩国駅から車で5分/御庄小学校から車で3分,幼稚園前駐車場、50台駐車可能,(0827)46-0024,,(0827)46-1524,,,,,0歳児（10ヶ月頃～）～5歳児,月火水木金土,7:00,18:00,日曜、祝祭日、年末年始、園が定めた日、土曜日は午前中,無,https://kougen-youchien.jimdo.com/,
350001,3500155019,山口県,,周東幼稚園,シュウトウヨウチエン,私立幼稚園,岩国市周東町下久原1152-20,,34.09185,132.053253,,,(0827)84-2882,,(0827)84-0501,,,,,,,,,,無,,
350001,3500155020,山口県,,玖珂中央幼稚園,クガチュウオウヨウチエン,認定こども園（幼稚園型）,岩国市玖珂町5167-1,,34.100464,132.092773,JR玖珂駅から車で5分,園舎前に24台の駐車場,(0827)82-5670,,(0827)82-5690,,,,,1歳から,月火水木金,7:30,18:30,8/12～16お盆休み、12/29～1/5お正月休み,有,http://www.kugachuou-y.com/,一時預かりについては月単位での利用としています。開始と終了時間については2・3号認定の標準時間取得園児の時間となっています。
350001,3500155021,山口県,,柳井幼稚園,ヤナイヨウチエン,私立幼稚園,柳井市姫田4-1,,33.970863,132.113327,,,(0820)22-0418,,(0820)22-0418,,,,,満３歳から,月火水木金,8:30,14:30,,無,,
350001,3500155022,山口県,,柳美幼稚園,ヤナギミヨウチエン,私立幼稚園,柳井市山根9-1,,33.968491,132.116043,,,(0820)22-1434,,(0820)22-1434,,,,,,,,,,無,,
350001,3500155023,山口県,,麻郷幼稚園,オゴウヨウチエン,私立幼稚園,熊毛郡田布施町大字麻郷1760,,33.941124,132.044235,JR田布施駅から車で５分,駐車スペース100台,(0820)52-2656,,(0820)52-2845,,,,,原則3歳から。要望があれば2歳児の受け入れ可能,月火水木金,8:00,16:00,日曜日・祝日は休園。土曜日や夏休み、冬休み、春休みの長期休業中は、希望者のみの保育を実施。盆休み・年末年始の休園日あり。,無,私立幼稚園協会のホームページをご覧ください。,
350001,3500155024,山口県,,田布施幼稚園,タブセヨウチエン,私立幼稚園,熊毛郡田布施町大字下田布施941,,33.9562,132.041412,田布施駅から徒歩７分,有,(0820)52-2598,,(0820)52-2507,,,,,3歳から,月火水木金,,,,無,http://www.tabuse.sakura.ne.jp/,
350001,3500155025,山口県,,聖光幼稚園,セイコウヨウチエン,認定こども園（幼稚園型）,光市光井9-22-1,,33.961105,131.945816,JR光駅から車で5分,駐車20台,(0833)72-1188,,(0833)48-9665,,,,,6か月から,月火水木金土,7:00,19:00,日曜祝日、年末年始はお休み,有,https://youchien.seiko-h.ed.jp/,
350001,3500155026,山口県,,光天使幼稚園,ヒカリテンシヨウチエン,私立幼稚園,光市浅江3-2-15,,33.975945,131.924332,光駅より車で5分,駐車スペース10台程度,(0833)71-0827,,(0833)71-0834,,,,,満3歳から,月火水木金,8:30,15:00,,無,http://hikaritenshi.sinboai.ed.jp,
350001,3500155027,山口県,,マリア幼稚園,マリアヨウチエン,私立幼稚園,光市室積松原21-37,,33.939289,131.967194,東部憩いの家前バス停すぐ　3台程度,,(0833)78-0658,,(0833)78-2995,,,,,3歳から,月火水木金,8:20,15:30,,無,http://maria.shinboai.ed.jp/,
350001,3500155028,山口県,,下松暁の星幼稚園,クダマツアケノホシヨウチエン,私立幼稚園,下松市旗岡1-5-1,,34.010231,131.876923,下松駅より徒歩10分、旗岡センターバス停よりすぐ,駐車スペース13台,(0833)41-4019,,(0833)41-4399,,,,,満3歳から,月火水木金,8:30,保育時間は月火木金15:00、水14:00、預かり保育は17:15,,無,http://kudamatsuakenohoshi.shinboai.ed.jp/,
350001,3500155029,山口県,,四恩幼稚園,ヨンオンヨウチエン,私立幼稚園,下松市大字末武上1235,,34.037197,131.874298,岩徳線周防花岡駅から徒歩8分,駐車場20台,(0833)43-7245,,(0833)44-3733,,,,,満3歳から,月火水木金,8:15,14:00～15:00,お預かり保育　18:00まで,無,sion-gakuen.com,
350001,3500155030,山口県,,第二四恩幼稚園,ダイニシオンヨウチエン,私立幼稚園,下松市生野屋西2-21-19,,34.037918,131.881775,岩徳線生野屋駅から徒歩10分,駐車場5台,(0833)43-7036,,(0833)44-3733,,,,,3歳児から,月火水木金,8:15,14:00～15:00,お預かり保育　18:00まで,無,sion-gakuen.com,
350001,3500155031,山口県,,江口幼稚園,エグチヨウチエン,私立幼稚園,下松市大字東豊井1059-17,,33.996971,131.877151,下松駅から光方面に車で10分,幼稚園東側日立製作所社員駐車場を利用,(0833)41-2570,,(0833)41-2592,,,,,満３歳から,月～金,8:30,15:00,預かり保育　7：30～17：30,無,,
350001,3500155032,山口県,,下松慈光幼稚園,クダマツジヒカリヨウチエン,認定こども園（幼稚園型）,下松市大字西豊井773-1,,34.008785,131.872375,,,(0833)41-0330,,(0833)41-0330,,,,,,,,,,,,
350001,3500155033,山口県,,末光幼稚園,スエミツヨウチエン,認定こども園（幼稚園型）,下松市桜町1-2-14,,34.01741,131.872665,下松駅から20分,21台,(0833)41-3866,,(0833)41-3321,,,,,"保育園部1歳半
幼稚園部3歳","保育部月～土
幼稚園部平日","保育部07:30
幼稚園部08:30","保育部19:00
幼稚園部15:00（有料居残りで19:00）",日・祝　年末年始　お盆お休み,有　登録・予約必要　一時預かり事業（1歳半～3歳）,,
350001,3500155034,山口県,,下松幼稚園,クダマツヨウチエン,私立幼稚園,下松市大手町1-5-10,,34.011845,131.866837,山陽本線下松駅より徒歩５分,駐車２０台,(0833)44-1705,,(0833)44-1705,,,,,満3歳から,月火水木金,8:30,14:30,預かり保育も実施している,無,,
350001,3500155035,山口県,,鋼鈑幼稚園,コウハンヨウチエン,私立幼稚園,下松市美里町1-9-1,,34.023972,131.864716,JR下松駅からバス7分（美里町）下車,駐車スペース80台,(0833)43-0581,,(0833)43-0581,,,,,3歳から,月火水木金,8:30,14:30,8/13～16・12／28～1／3終日休み,無,www.fureai-cloud.jp/kohan,
350001,3500155036,山口県,,あおば幼稚園,アオバヨウチエン,認定こども園（幼稚園型）,周南市大字呼坂1240-3,,34.044903,131.954575,ＪＲ勝間駅５分,駐車場３０台,(0833)91-6101,,(0833)91-6101,,,,,8か月から,月火水木金土,7:00,18:00,土曜日の利用時間は7:00～12:00,無,,
350001,3500155037,山口県,,大河内幼稚園,オオカワチヨウチエン,私立幼稚園,周南市大字大河内1649-2,,34.029369,131.939499,JR大河内駅から徒歩５分,大河内市民センター,(0833)91-2854,,(0833)48-8411,,,,,満３歳から,月火水木金土,7:30,18:00,祝日、年末年始はお休み,無,www.ookawachi-youchien.jp,
350001,3500155038,山口県,,明照幼稚園,アキラショウヨウチエン,私立幼稚園,周南市大字樋口328,,34.065578,131.984879,,,(0833)91-4567,,(0833)91-1776,,,,,,月～金,8:00,15:00,,無,,
350001,3500155039,山口県,,旭ヶ丘幼稚園,アサヒガオカヨウチエン,私立幼稚園,周南市大字久米1008,,34.032715,131.845566,防長バス　旭ヶ丘団地入口すぐそば,40台程度,(0834)26-0159,,(0834)26-0252,,,,,満３歳児,月火水木金,8:30,15:00,,無,htt://www.asahiyou.com/,
350001,3500155040,山口県,,徳山めぐみ幼稚園,トクヤマメグミヨウチエン,私立幼稚園,周南市弥生町2-29,,34.05764,131.806885,防長バス図書館前下車２分,,(0834)21-3918,,(0834)31-3951,,,,,満三歳から,月～金,8:30,15:00,盆・年末年始・年度末休園日あり,有,http://www.asobou-megumichan.com/html/,キリスト教保育
350001,3500155041,山口県,,周南小さき花幼稚園,シュウナンチイサキハナヨウチエン,私立幼稚園,周南市桜木1-9-1,,34.04221,131.838654,馬屋バス停より徒歩5分,専用駐車場あり,(0834)28-1280,,(0834)28-1306,,,,,満3歳から,月～金,8:30,14:30,夏・冬・春長期休みあり,無,shuunanchiisakihana.shinboai.jp,
350001,3500155042,山口県,,小さき花幼稚園,チイサキハナヨウチエン,私立幼稚園,周南市三番町1-9-2,,34.053902,131.810547,JR徳山駅から徒歩15分,駐車スペース30台,(0834)21-1615,,(0834)21-1652,,,,,満3歳から,月火水木金,9:00,14:00,祝日はお休み　春・夏・冬の長期休み有,無,http://chiisakihana.shinboai.ed.jp/,
350001,3500155043,山口県,,河原幼稚園,カワラヨウチエン,私立幼稚園,周南市大字徳山5670-1,,34.058964,131.818115,徳山駅から車で11分,駐車スペース113台分,(0834)21-3516,,(0834)34-9179,,,,,満3歳から,月火水木金,9:00,15:30,早朝保育・預かり保育実施,無,http://www.kawara-youchien.com,
350001,3500155044,山口県,,徳山中央幼稚園,トクヤマチュウオウヨウチエン,私立幼稚園,周南市城ヶ丘3-18-22,,34.042454,131.845718,徳山東インターより車で5分,駐車場４か所、HP掲載,(0834)28-5288,,(0834)28-9820,,,,,満３歳から,月火水木金と第1・3土のAM,8:30,15:00,,無,http://www.ccsnet.ne.jp/~kmita4989/,
350001,3500155045,山口県,,愛光幼稚園,アイコウヨウチエン,私立幼稚園,周南市上御弓町3400-1,,34.04425,131.822495,,,(0834)22-2552,,(0834)22-2710,,,,,,,,,,無,,
350001,3500155046,山口県,,蓮生・まこと幼稚園,レンショウ・マコトヨウチエン,認定こども園（幼稚園型）,周南市大字久米3920-1,,34.032513,131.831512,JR櫛ヶ浜駅より徒歩10分,駐車スペース15台,(0834)25-2469,,(0834)26-1599,,,,,0歳児から（10ヶ月から）,月火水木金土,,,,無,,
350001,3500155047,山口県,,南陽幼稚園,ナンヨウヨウチエン,私立幼稚園,周南市福川3-7-30,,34.074177,131.735977,,,(0834)62-2760,,(0834)62-5252,,,,,,,,,,無,,
350001,3500155048,山口県,,富田幼稚園,トミタヨウチエン,私立幼稚園,周南市富田2960,,34.074192,131.758621,,,(0834)62-5800,,(0834)64-2548,,,,,,,,,,無,,
350001,3500155049,山口県,,佐波幼稚園,サバヨウチエン,認定こども園（幼稚園型）,防府市平和町6-20,,34.058537,131.563782,JR防府駅から徒歩15分,駐車スペース50台,(0835)22-0625,,(0835)22-2558,,,,,1歳から,月火水木金土,7:30,18:30,祝日は休み、盆休(8/13～15)、年末年始休(12/29～1/3),無,http://www.saba.ed.jp,
350001,3500155050,山口県,,鞠生幼稚園,マリフヨウチエン,認定こども園（幼稚園型）,防府市華浦2-2-1,,34.03949,131.567963,,駐車スペース約50台,(0835)22-1662,,(0835)22-1707,,,,,0歳児(10か月）から,月火水木金土,7:30,18:30,祝日・年末年始・盆休み期間・行事振替休日等は休園,,http://www.marifu.ed.jp,
350001,3500155051,山口県,,中関幼稚園,ナカセキヨウチエン,認定こども園（幼稚園型）,防府市大字田島1360-1,,34.018723,131.551437,防長バス中関小学校前バス停から徒歩２分,駐車スペース３０台,(0835)22-4246,,(0835)22-4258,,,,,０歳から,月～土,7:30,18:30,12/31、1/1～1/3休園,無,https://nakanosekiyouchien.ed.jp/,
350001,3500155052,山口県,,松崎幼稚園,マツザキヨウチエン,認定こども園（幼稚園型）,防府市天神2-5-22,,34.0583,131.575043,JR防府駅から徒歩15分,90台,(0835)22-0537,,(0835)21-9063,,,,,0歳児～5歳児,月～土,7:30,18:30,年末年始、祝祭日、その他幼稚園が定める日,無,,
350001,3500155053,山口県,,双葉幼稚園,フタバヨウチエン,私立幼稚園,防府市東三田尻2-8-12,,34.046829,131.578125,,,(0835)22-0495,,(0835)24-5183,,,,,,,,,,無,,
350001,3500155054,山口県,,右田幼稚園,ミギタヨウチエン,認定こども園（幼稚園型）,防府市大字下右田字赤金258-2,,34.082199,131.556274,ＪＲ防府駅から車で10分,"有
バック駐車禁止",(0835)23-3323,,(0835)28-8415,,,,,1歳から,月火水木金土,7:30,18:30,土曜日は行事によって変更有。1号認定は土曜日なし,無,migita@vest.ocn.ne.jp,
350001,3500155055,山口県,,牟礼幼稚園,ムレヨウチエン,私立幼稚園,防府市牟礼今宿2-13-24,,34.053802,131.603516,,,(0835)38-0835,,(0835)38-2455,,,,,,,,,,無,http://mure-yh.net/,
350001,3500155056,山口県,,東牟礼幼稚園,ヒガシムレヨウチエン,私立幼稚園,防府市大字牟礼836-2,,34.065125,131.611771,,,(0835)38-1029,,(0835)38-5288,,,,,,,,,,無,http://mure-yh.net/,
350001,3500155057,山口県,,玉祖幼稚園,タマノヤヨウチエン,私立幼稚園,防府市大字佐野337-1,,34.054787,131.525894,防府佐野郵便局前バス停より徒歩２分,"第一駐車場 20台,第二駐車場180台",(0835)23-5160,,(0835)23-5165,,,,,満3歳から,月火水木金,9:30,15:00,祝日、年末年始はお休み、２月末迄,無,http://www.tamanoya.ed.jp/,
350001,3500155058,山口県,,多々良幼稚園,タタラヨウチエン,認定こども園（幼稚園型）,防府市大字大崎10161-2,,34.072056,131.543915,JR防府駅から車で10分程度,駐車スペース30台,(0835)23-5315,,(0835)23-5755,,,,,0歳～(10ヶ月程度～),月～土,7:30,18:30,日祝日及び園長が定めた日はお休み。お盆、年末年始はお休み。,無,https://tatara-yic.com/,
350001,3500155059,山口県,,えんしん幼稚園,エンシンヨウチエン,私立幼稚園,防府市大字田島707-3,,34.024731,131.561386,JR防府駅から車で15分,駐車スペース60台,(0835)22-0301,,(0835)22-0077,,,,,満3歳から,月火水木金土,8:00,14:30,"土曜日は半日預かり保育
日、祝、盆4日間、年末年始6日間は休み",無,enshin@kayoukai.jp,
350001,3500155060,山口県,,華城幼稚園,ハナギヨウチエン,私立幼稚園,防府市華城中央2-1-28,,34.046619,131.545319,,,(0835)23-8336,,(0835)23-8871,,,,,,,,,,無,,
350001,3500155061,山口県,,瑞祥幼稚園,ズイショウヨウチエン,認定こども園（幼稚園型）,防府市岩畠3-3-29,,34.061115,131.597488,防長バス岩畠停留所徒歩２分,駐車スペース５０台,(0835)38-2110,,(0835)25-3789,,,,,０歳から,月火水木金土,7:30,18:30,お盆休み８月１３日から１６日　年末・正月休み１２月２９日から１月３日,無,,
350001,3500155062,山口県,,暁の星幼稚園,アケノホシヨウチエン,私立幼稚園,防府市八王子1-26-27,,34.056412,131.566345,JR防府駅から徒歩１０分,駐車スペース１２台・身障者用駐車場１台,(0835)38-5777,,(0835)38-5833,,,,,満３歳児から,月火水木金,8:30,14:00,,無,,
350001,3500155063,山口県,,西浦幼稚園,ニシウラヨウチエン,私立幼稚園,防府市大字西浦1871-3,,34.022038,131.521149,,,(0835)29-0188,,(0835)29-4056,,,,,,,,,,無,,
350001,3500155064,山口県,,山口県鴻城高等学校附属幼稚園,ヤマグチケンコウジョウコウトウガッコウフゾクヨウチエン,私立幼稚園,山口市小郡下郷261-1,,34.106937,131.400375,"JR下郷駅から徒歩8分
防長バス「鴻城高校前」から徒歩5分","駐車スペース34台
行事の際は近隣の駐車場を借用",(083)972-0308,,(083)973-4877,,,,,満3歳から,月火水木金,9:00,14:00,"土日祝日は休み
長期休暇中預かり保育有（7：30～18：30）
ただし、盆休み・年末年始休業有",無,www.kojo-youchien.org,
350001,3500155065,山口県,,小郡幼稚園,オゴオリヨウチエン,私立幼稚園,山口市小郡下郷849-3,,34.100391,131.39537,,,(083)972-0198,,(083)972-2198,,,,,,,,,,無,,
350001,3500155066,山口県,,阿知須幼稚園,アジスヨウチエン,認定こども園（幼稚園型）,山口市阿知須2940-2,,34.01231,131.361984,宇部線阿知須駅から徒歩１０分,駐車スペース２０台、駐輪スペースあり,(0836)65-3880,,(0836)65-3856,,,,,0歳10か月から,月～土,7:30,18:30,"日・祝日お休み
12/29～1/3の期間中はお休み",無,https://ajisu-yochien.jp/,
350001,3500155067,山口県,,認定こども園野田学園幼稚園,ニンテイコドモエンノダガクエンヨウチエン,認定こども園（幼保連携型）,山口市天花1-3-1,,34.18679,131.478653,JR上山口駅から徒歩１５分,駐車スペース１５台・身障者用駐車場１台,(083)932-0112,,(083)922-6161,,,,,0歳（8ヶ月）から,月火水木金土,7:30,18:30,日曜日、国民の祝日、年末年始はお休み。,無,https://www.nodagakuen-y.ed.jp/,
350001,3500155068,山口県,,明星幼稚園,ミョウジョウヨウチエン,私立幼稚園,山口市野田170,,34.185905,131.481201,JR上山口駅徒歩8分,駐車スペース約30台,(083)922-2147,,(083)922-2147,,,,,3歳から,月火水木金,8:30,14:00,"水曜日のみ12：00終了
土・日・祝日・夏季休暇（８月12日から16日までの間で土日に連続する3日）・年末年始（12月28日から1月4日まで）はお休み",無,https://www.myojo-kg-yamaguchi.com/,
350001,3500155069,山口県,,山口中央幼稚園,ヤマグチチュウオウヨウチエン,認定こども園（幼稚園型）,山口市中央4-2-2,,34.1745,131.471634,JR山口駅から徒歩15分,駐車スペース35台,(083)922-5844,,(083)922-5909,,,,,10ヶ月,月火水木金土,7:30,18:00,日曜・祝日休み。12月29日～1月3日休み。,無,http://yamachuyo.net/,
350001,3500155070,山口県,,旭幼稚園,アサヒヨウチエン,認定こども園（幼稚園型）,山口市矢原1121,,34.150814,131.446732,JR矢原駅から徒歩5分,,(083)922-3072,,(083)920-7177,,,,,8か月から,月火水木金土,7:30,18:00,日・祝日・お盆・年末年始などお休み。,無,http：//www.asahiyochien.jp,あすなろ保育園と併設のため詳細については園にお問合せください。
350001,3500155071,山口県,,山口天使幼稚園,ヤマグチテンシヨウチエン,私立幼稚園,山口市亀山町4-2,,34.179031,131.473129,山口駅から徒歩２０分,山口市中央駐車場、亀山公園駐車場,(083)922-2614,,(083)922-6404,,,,,3才から,月火水木金,8:00,14:00,土曜日に行事のための登園日あり,無,http://yamaguchitenshi.shinboai.ed.jp,
350001,3500155072,山口県,,亀山幼稚園,カメヤマヨウチエン,私立幼稚園,山口市道場門前町2-9-14,,34.175529,131.475235,JR山口駅から徒歩10分くらい,駐車場は近隣の有料駐車場をご利用ください,(083)924-7571,,(083)924-7571,,,,,3歳児～,平日月曜日～金曜日,8:30,14:00,祝日はお休み、長期休みは毎年変動するのでお問い合わせください,無,www.kame-yo.com,
350001,3500155073,山口県,,菅内幼稚園,スゲウチヨウチエン,私立幼稚園,山口市大内御堀3654-6,,34.139099,131.499954,山口市コミュニティバス 大内ルート「菅内幼稚園前」バス停徒歩1分,,(083)927-0303,,(083)927-0559,,,,,,月火水木金,7:40,18:00,土・日・祝日は休み,無,https://www.sugeuchi-y.com/,
350001,3500155074,山口県,,湯田幼稚園,ユダヨウチエン,私立幼稚園,山口市湯田温泉1-3-2,,34.165424,131.461273,JR山口線湯田温泉駅より徒歩15分,駐車場6台,(083)922-2608,,(083)922-2715,,,,,満3歳から,月火水木金,7:40,18:00,土・日・祝日は休み,無,https://www.yuda-y.com/,
350001,3500155075,山口県,,西円寺幼稚園,サイエンジヨウチエン,私立幼稚園,山口市陶2963-1,,34.093327,131.428604,ＪR新山口駅から車で10分,約25台駐車可,(083)973-7370,,(083)973-7379,,,,,2歳の誕生日から,月火水木金土,7:30,18:30,祝日はお休み。8月9日～14日は盆休み。12月29日～1月4日は年末年始休み。,有,,
350001,3500155076,山口県,,宇部フロンティア大学付属幼稚園,ウベフロンティアダイガクフゾクヨウチエン,私立幼稚園,宇部市文京町7-5,,33.972569,131.230118,JR居能・岩鼻駅から徒歩10分,70台,(0836)35-9588,,(0836)35-9604,,,,,満3歳から,月火水木金,9:00,14:00,預かり保育7:30～18:00,無,http://www.kinder.ube-c.ac.jp/,
350001,3500155077,山口県,,慈光幼稚園,ジコウヨウチエン,私立幼稚園,宇部市松山町1-11-27,,33.9478,131.252609,JR東新川駅から徒歩10分,駐車スペース有,(0836)33-1005,,(0836)33-1005,,,,,3歳から,月火水木金,9:00,14:00,,有,jikoh.jp/jwp/,
350001,3500155078,山口県,,認定こども園たちばな幼稚園,ニンテイコドモエンタチバナヨウチエン,認定こども園（幼稚園型）,宇部市西岐波今村南1-11-8,,33.969315,131.307983,JR床波駅から徒歩5分,駐車場3カ所、駐車スペース計150台,(0836)51-9324,,(0836)51-9897,,,,,2歳から,月火水木金土,7:30,18:30,第2､4土曜日､祝日お休み　盆、年末年始お休み,無,tachibana-kg.ednet.jp/,
350001,3500155079,山口県,,西宇部小百合幼稚園,ニシウベサユリヨウチエン,私立幼稚園,宇部市西宇部北2丁目1-13,,34.003384,131.225098,JR宇部駅から徒歩8分,駐車スペース25台,(0836)41-8104,,(0836)41-8105,,,,,満3歳児から,月火水木金,8:30,14:00,祝日はお休み。また、8/14・15、12/24・25、12/29～1/5は終日お休み。,無,nishiubesayuri.shinboai.ed.jp,
350001,3500155080,山口県,,宇部鴻城高校附属幼稚園,ウベコウジョウコウコウフゾクヨウチエン,私立幼稚園,宇部市大字際波字的場381,,34.00695,131.21312,JR宇部駅から徒歩10分,駐車場スペース40台,(0836)41-3678,,(0836)41-8311,,,,,満3歳～,月火水木金,8:30,14:00,早朝預かり保育7：30～8：30/預かり保育14：30～18：30,無,ubekojo-youchien@bz01.plala.or.jp,
350001,3500155081,山口県,,恩田幼稚園,オンダヨウチエン,認定こども園（幼稚園型）,宇部市則貞2-7-47,,33.943817,131.276932,,,(0836)32-1222,,(0836)32-1285,,,,,,,,,,無,,
350001,3500155082,山口県,,聖和幼稚園,セイワヨウチエン,私立幼稚園,宇部市岬町3-1-35,,33.933681,131.266006,,,(0836)33-7890,,(0836)33-2344,,,,,,,,,,無,,
350001,3500155083,山口県,,明光幼稚園,メイコウヨウチエン,私立幼稚園,宇部市大字西岐波4428-3,,33.945789,131.295792,最寄り駅JR常盤駅,駐車スペース300台,(0836)51-9223,,(0836)51-9211,,,,,満３歳,月火水木金土,9:30,(月)～(金)14：00、(土)11：00,預かり保育も実施,無,http://www.meikou-youchien.com/,
350001,3500155084,山口県,,小鳩幼稚園,コバトヨウチエン,私立幼稚園,宇部市大字東岐波1315-1,,33.993221,131.347122,,,(0836)58-2456,,(0836)58-1654,,,,,,,,,,無,,
350001,3500155085,山口県,,宇部さゆり幼稚園,ウベサユリヨウチエン,私立幼稚園,宇部市寿町2-2-22,,33.952839,131.250732,JR琴芝駅から徒歩3分,駐車スペース12台,(0836)31-1215,,(0836)31-1216,,,,,3歳から,月火水木金,8:00,14:00,土曜，日曜，祝日，夏季，冬季，春季休業中はお休み,無,http://www.ubesayuri.jp/,利用の際は事前の連絡をお願いします。
350001,3500155086,山口県,,精華幼稚園,セイカヨウチエン,私立幼稚園 ,宇部市居能町2-1-44,,33.967625,131.23175,JR居能駅徒歩5分,駐車スペース7,(0836)21-8211,,(0836)21-8222,,,,,満3歳から,月火水木金土,7:30,18:15,土曜預り保育,無,http://seika1957.com,
350001,3500155087,山口県,,小松原幼稚園,コマツバラヨウチエン,私立幼稚園,宇部市小松原町1-5-11,,33.964897,131.240921,JR新川駅から徒歩１５分,駐車場スペース約１５台,(0836)21-2346,,(0836)32-5115,,,,,満３歳から,月火水木金,8:30,14:00,祝日・年末年始　夏休み・冬休み・春休みあり,無,http//komatsubara.itigo.jp/,
350001,3500155088,山口県,,小羽山幼稚園,オバヤマヨウチエン,私立幼稚園,宇部市南小羽山町2-12-4,,33.977287,131.257111,,,(0836)21-2780,,(0836)21-3281,,,,,,,,,,無,,確認済み
350001,3500155089,山口県,,原中央幼稚園,ゲンチュウオウヨウチエン,私立幼稚園,宇部市大字妻崎開作1119-2,,33.971882,131.209564,JR妻崎駅より徒歩１０分,駐車スペース多数、身障者用１台,(0836)41-1611,,(0836)43-0777,,,,,３歳から,月火水木金,10:00,15:00,春夏冬休み有り,無,https://harachuuou-you.jp/,
350001,3500155090,山口県,,光華幼稚園,コウカヨウチエン,私立幼稚園,宇部市昭和町1-2-31,,33.944092,131.253296,JR宇部線東新川駅より徒歩５分,駐車場６０台完備,(0836)21-5310,,(0836)21-5533,,,,,満三歳より,平日,8:00,14:00,,無,kouka.ed.jp,
350001,3500155091,山口県,,船木幼稚園,フナキヨウチエン,私立幼稚園,宇部市大字船木769,,34.052166,131.207214,,,(0836)67-1691,,(0836)67-2201,,,,,,,,,,無,,
350001,3500155092,山口県,,るんびに幼稚園,ルンビニヨウチエン,私立幼稚園,山陽小野田市千代町1-6-10,,33.982494,131.179123,JR南中川駅から車で３分,駐車スペース100台,(0836)83-2360,,(0836)83-2394,,,,,満3歳から,月火水木金,10:00,14:00,第2.4土曜日、お盆休み８/13~16、年末年始12/30~1/4 はお休み,無,http://www.kz-communications.com/lumbini/,
350001,3500155093,山口県,,第二るんびに幼稚園,ダイニルンビニヨウチエン,私立幼稚園,山陽小野田市高千帆1-15-1,,34.018646,131.189072,JR小野田駅から車で５分,駐車スペース30台,(0836)84-3344,,(0836)84-3387,,,,,満3歳から,月火水木金,10:00,14:00,第2.4土曜日、お盆休み８/13~16、年末年始12/30~1/4 はお休み,無,http://www.kz-communications.com/lumbini/,
350001,3500155094,山口県,,小野田小百合幼稚園,オノダサユリヨウチエン,私立幼稚園,山陽小野田市大字小野田1280-2,,33.957695,131.172302,,駐車台数４０台,(0836)83-2101,,(0836)83-2103,,,,,満３歳から,月～金,8:00,14:00,"土日祝祭日
盆、年末年始",無,http://onodasayuri.shinboai.ed.jp/,
350001,3500155095,山口県,,高千帆小百合幼稚園,タカチホサユリヨウチエン,私立幼稚園,山陽小野田市くし山1-31-1,,34.01141,131.184525,小野田駅より徒歩約15分・くし山バス停より徒歩約10分,駐車スペース26台,(0836)84-1958,,(0836)84-1965,,,,,満3歳から,月火水木金,8:00,14:00,8/14・15　12/24・25　12/29～1/5,無,http://takachihosayuri.shinboai.ed.jp,
350001,3500155096,山口県,,小野田めぐみ幼稚園,オノダメグミヨウチエン,私立幼稚園,山陽小野田市稲荷町3-25,,33.985638,131.177856,JR南中川駅から徒歩4分,駐車スペース30台,(0836)83-3236,,(0836)83-3236,,,,,満3歳から,月火水木金土,8:00,18:00,"日祝日、第2,4土曜日、8/13-15、12/29-1/3は休園",無,http://onoda-megumi.sakura.ne.jp/,
350001,3500155097,山口県,,真珠幼稚園,シンジュヨウチエン,私立幼稚園,山陽小野田市大字厚狭1039-8,,34.053097,131.164917,マックスバリュー厚狭店近く,幼稚園横に駐車スペース２０台程度,(0836)73-1523,,(0836)73-2699,,,,,満三歳から,月～金,8:30,15:15,土日祝日、8/13～16　12/28～1/3はお休み,無,真珠幼稚園 (arima-gakuen.jp),
350001,3500155098,山口県,,美祢幼稚園,ミネヨウチエン,認定こども園（幼稚園型）,美祢市大嶺町東分1853-2,,34.175896,131.2052,JR美祢駅から徒歩１５分,園舎前駐車場１５台：身障者用１台,(0837)52-0480,,(0837)52-0904,,,,,0歳から,月～土,7:30,18:30,お盆８月１３日～１５日は終日お休み：年末年始１２月２９日～１月３日は終日お休み,有,https://www.mineyoutien.com/,
350001,3500155099,山口県,,伊佐中央幼稚園,イサチュウオウヨウチエン,認定こども園（幼稚園型）,美祢市伊佐町伊佐3895-1,,34.168972,131.232788,公共多目的無料駐車場隣接,,(0837)52-0544,,(0837)52-0222,,,,,6カ月,月～土,7:30,18:30,,有,,
350001,3500155100,山口県,,あおい幼稚園,アオイヨウチエン,認定こども園（幼稚園型）,長門市仙崎446-1,,34.390049,131.198837,JR長門市駅から車で５分,駐車スペース１６台　身障者用駐車場１台,(0837)27-0415,,(0837)27-0416,,,,,0歳から,月火水木金,10:00,12:00,土・日・祝日・年始年末・年度末年度始　お休み,無,,
350001,3500155101,山口県,,深川幼稚園,フカワヨウチエン,認定こども園（幼稚園型）,長門市東深川980-26,,34.372307,131.181137,長門市駅から徒歩5分,駐車スペース60台,(0837)22-2033,,(0837)22-8432,,,,,0歳から,月火水木金土,7:00,19:00,祝日、12/29～1/3は休み,無,,
350001,3500155102,山口県,,下関短期大学付属第一幼稚園,シモノセキタンキダイガクフゾクダイイチヨウチエン,認定こども園（幼稚園型）,下関市桜山町1-1,,33.962303,130.922531,JR下関駅から車で5分、徒歩20分,駐車スペース15台,(083)231-7705,,(083)231-7706,,,,,0歳10か月から,月火水木金土,7:30,18:00,日･祝日、8/14～8/16、12/29～1/3は休園。土曜日は7：30～15：30。,無,http://shimotan-kinde.jp/,
350001,3500155103,山口県,,下関短期大学付属第二幼稚園,シモノセキタンキダイガクフゾクダイニヨウチエン,認定こども園（幼稚園型）,下関市彦島塩浜町2-2-21,,33.919144,130.906097,JR下関駅から車で10分　サンデンバス彦島営業所から徒歩10分,駐車スペース39台,(083)266-5821,,(083)266-5841,,,,,0歳6か月から,月火水木金土,7:30,18:00,日･祝日、8/14～8/16、12/29～1/3は休園。土曜日は7：30～16：30。,有,http://shimotan-kinde.jp/,
350001,3500155104,山口県,,梅光学院幼稚園,バイコウガクインヨウチエン,私立幼稚園,下関市大学町3-10-30,,33.991291,130.935486,サンデンバス「大学町3丁目」バス停より徒歩3分,駐車スペース25台,(083)252-2795,,(083)250-7665,,,,,4歳から,月火水木金,9:00,14:30,幼稚園の休園日、夏季、冬季、春季休暇中はお休み,無,https://www.baiko.ac.jp/kindergarten/,
350001,3500155105,山口県,,いちょう幼稚園,イチョウヨウチエン,認定こども園（幼稚園型）,下関市安岡町1-10-7,,34.027901,130.912827,JR安岡駅から徒歩5分,"駐車場あり
（2か所合計30台）",(083)258-0276,,(083)258-4476,,,,,3歳から,土、日、祝祭日以外,7:00～9:00,14:30～18:00,8/13～8/15と12/29～1/4、その他園が定めた日はお休み,無,http://icyou-youchien.jp/,
350001,3500155106,山口県,,安岡幼稚園,ヤスオカヨウチエン,私立幼稚園,下関市富任町6-1-23,,34.021793,130.92247,JR安岡駅より徒歩10分,駐車場約60台、駐輪ｽﾍﾟｰｽ10台分,(083)258-0138,,(083)258-0153,,,,,満3歳から,月～金,9:30,14:30,,無,,
350001,3500155107,山口県,,下関国際高校付属幼稚園,シモノセキコクサイコウコウフゾクヨウチエン,私立幼稚園,下関市大字伊倉字四方山7,,34.001163,130.941025,JR新下関駅から徒歩10分,90台,(083)256-5792,,(083)256-6231,,,,,3歳から,月火水木金,9:00,14:00,,無,www.shiboyama.ac.jp,
350001,3500155108,山口県,,福王幼稚園,フクオウヨウチエン,私立幼稚園,下関市一の宮本町2-9-14,,33.999821,130.953384,JR新下関駅南口より徒歩15分,駐車場13台・駐車スペース10台程度,(083)256-2633,,(083)256-6496,,,,,満3歳から受け入れ,月～金　,"8：30～
（早朝保育7：30～）",14：30迄（預かり保育17：30迄）,日祝日は休み　盆休み・年末年始休み,,https://fukuou-youchien.jp/,
350001,3500155109,山口県,,泉幼稚園,イズミヨウチエン,認定こども園（幼稚園型）,下関市山の田南町13-12,,33.985905,130.925522,JR幡生駅より徒歩15分,駐車スペース30台,(083)252-0031,,(083)252-3680,,,,,3歳から,月火水木金,8:30,14:00,祝日休み・代休有,無,www.izumiyochien.jp,
350001,3500155110,山口県,,下関天使幼稚園,シモノセキテンシヨウチエン,認定こども園（幼稚園型）,下関市細江町1-9-15,,33.952698,130.930695,細江町のバス停より徒歩5分,駐車スペース5台,(083)223-7575,,(083)223-7576,,,,,満3歳から,月?土,8:30,14:10,1号認定の保育時間を記載しています。2号認定の標準時間は7：30?18：30。日・祝日はお休み。また、4/1、8/13?15、12/24、25、12/29?1/3もお休み。,有,sitenshi@hyper.ocn.ne.jp,
350001,3500155111,山口県,,海の星幼稚園,ウミノホシヨウチエン,私立幼稚園,下関市長府金屋浜町8-8,,34.000481,130.991425,サンデン金屋浜バス停から徒歩5分,併設の教会駐車場を利用（身障者1台、他15台程度）,(083)245-3033,,(083)245-3089,,,,,満3歳から,月火水木金,8:30,14:00,土日祝及び長期休暇（春、夏、冬）休み,無,http://uminohoshi.shinboai.ed.jp/,
350001,3500155112,山口県,,もみじ幼稚園,モミジヨウチエン,認定こども園（幼稚園型）,下関市長府侍町1-10-1,,33.99387,130.987854,JR長府駅より車で約10分,５０台,(083)245-5412,,(083)245-1282,,,,,満3歳児より,月火水木金土,7:00,18:30,日曜・祝日・お盆・年末年始は終日休み,有,https://www.momiji-youchien.com/,
350001,3500155113,山口県,,めぐみ幼稚園,メグミヨウチエン,私立幼稚園,下関市上田中町2-13-26,,33.964748,130.941193,サンデンバス新町1丁目から徒歩10分,駐車15台,(083)222-7356,,(083)222-8305,,,,,満3歳～,月～金,8:30,14:00,,有,megumi-y@if-n.ne.jp,
350001,3500155114,山口県,,暁の星幼稚園,アケノホシヨウチエン,私立幼稚園,下関市上田中町2-10-14,,33.96254,130.940796,,駐車スペース5～６台,(083)222-6636,,(083)222-6780,,,,,満3歳から,月～金,8:30,13:30,"土日祝は休み
夏冬春季休暇",有,https://www.akenohoshi-yochien.com/,
350001,3500155115,山口県,,三輪幼稚園,ミワヨウチエン,私立幼稚園,光市大字三輪836,,33.979088,132.001312,JR岩田駅から徒歩20分,駐車スペース10台,(0820)48-3708,,(0820)25-2280,,,,,満３歳から,月火水木金、第1・3・5土曜日,9:00,15:00,"第1・3・5土曜日は9:00～11:25
祝日、8月13～15日、12月29～1月3日は休園日",無,http://ww32.tiki.ne.jp/~miwa-kg,
350001,3500155116,山口県,,束荷幼稚園,タバニヨウチエン,私立幼稚園,光市束荷大平,,34.011848,132.009979,,,(0820)48-4614,,(0820)48-4614,,,,,,,,,,無,,
350001,3500155117,山口県,,ふくがわこども園認定こども園,フクガワコドモエンニンテイコドモエン,認定こども園（幼保連携型）,周南市福川南町3-30,,34.071785,131.738541,JR福川駅から徒歩1分,駐車スペース20台,(0834)62-7711,,(0834)62-7718,,,,,未就学児,月～金(土),9:00,15:00,土日祝日、12/29~1/3はお休み　祝日のある週は土曜日開所,無,https://www.fukugawakodomoen.jp/,
350001,3500155118,山口県,,萩光塩学院認定こども園,ハギコウエンガクインニンテイコドモエン,認定こども園（幼保連携型）,萩市江向597,,34.411106,131.395294,,,(0838)22-2019,,(0838)22-2059,,,,,,,,,,,,
350001,3500155119,山口県,,認定こども園萩幼稚園,ニンテイコドモエンハギヨウチエン,認定こども園（幼保連携型）,萩市西田町17,,34.412704,131.399261,,駐車スペース40台,(0838)22-0775,,(0838)22-7410,,,,,0歳から,月火水木金土,7:30,18:30,祝日、12/30から1/3まで終日休み,有,https://hagiyo.ed.jp,
350001,3500155120,山口県,,あさひ保育園,アサヒホイクエン,認可私立保育所,宇部市山門五丁目8番18号,,33.960686,131.269745,,,"0836-
21-9504",,,,社会福祉法人　向学会,,140,,,,,,,,
350001,3500155121,山口県,,わんぱくハウス,ワンパクハウス,認可外保育所,宇部市松山町1丁目4-2,,33.94754,131.254333,,,0836-21-1964,,,,,,27,3か月～,,7:00,19:00,,有,,
350001,3500155122,山口県,,山口大学医学部附属病院内たんぽぽ保育園,ヤマグチダイガクイガクブフゾクビョウインナイタンポポホイクエン,認可外保育所,宇部市東小串1-1-14,,33.961353,131.252075,,,0836-22-2693,,,,,,90,2か月～6歳,,7:00,18:30,,有,,
350001,3500155123,山口県,,宇部第一病院保育所,ウベダイイチビョウインホイクショ,認可外保育所,宇部市大字木田字中山田40-20,,34.064102,131.281021,,,0836-62-1001,,,,,,20,0歳～6歳,,7:00,19:00,,,,
350001,3500155124,山口県,,宇部興産中央病院 ひまわり園,ウベコウサンチュウオウビョウイン ヒマワリエン,認可外保育所,宇部市大字西岐波750,,33.966419,131.330826,,,0836-51-9474,,,,,,43,2か月～6歳,,7:30,19:00,,有,,
350001,3500155125,山口県,,セントヒル病院 にこにこ園,セントヒルビョウイン ニコニコエン,認可外保育所,宇部市今村北4丁目3602番地１,,33.960545,131.307816,,,0836-51-1711,,,,,,50,2か月～6歳,,7:30,18:00,,有,,
350001,3500155126,山口県,,宇部記念病院付設保育所,ウベキネンビョウインフセツホイクショ,認可外保育所,宇部市上町2-5-21,,33.961082,131.236649,,,0836-31-9241,,,,,,33,1歳～6歳,,7:50,18:30,,有,,
350001,3500155127,山口県,,保育所すまいるぽっけ,ホイクショスマイルポッケ,認可外保育所,宇部市寿町一丁目３番４号,,33.954113,131.248505,,,0836-31-2133,,,,,,6,6か月～3歳,,8:00,18:00,,,,
350001,3500155128,山口県,,あっぷるはうす,アップルハウス,認可外保育所,宇部市昭和町1-9-3,,33.943516,131.252686,,,0836-35-7687,,,,,,13,2か月～6歳,,7:40,18:00,,,,
350001,3500155129,山口県,,（独）国立病院機構山口宇部医療ｾﾝﾀｰすだち保育園,（ドク）コクリツビョウインキコウヤマグチウベイリョウセンタースダチホイクエン,認可外保育所,宇部市東岐波６８５,,33.977196,131.347488,,,0836-58-6715,,,,,,40,2か月～6歳,,8:00,18:00,,有,,
350001,3500155130,山口県,,宇部リハビリテーション病院保育所,ウベリハビリテーションビョウインホイクショ,認可外保育所,宇部市大字西岐波229-3,,33.974148,131.28624,,,0836-51-3111,,,,,,35,2か月～6歳,,7:10,18:00,,有,,
350001,3500155131,山口県,,宇部西リハビリテーション病院付属保育所,ウベニシリハビリテーションビョウインフゾクホイクショ,認可外保育所,宇部市大字沖ノ旦797番地,,33.995525,131.225998,,,0836-45-2111,,,,,,34,3か月～6歳,,7:30,17:45,,有,,
350001,3500155132,山口県,,おひさま保育園,オヒサマホイクエン,認可外保育所,宇部市大字船木向上８３３番ロッジ船木,,34.052166,131.207214,,,0836-69-0030,,,,,,13,3か月～6歳,,8:00,18:00,,有,,
350001,3500155133,山口県,,ひよこ保育園,ヒヨコホイクエン,認可外保育所,宇部市居能町2丁目1番44号,,33.967625,131.23175,,,0836-21-8211,,,,,,12,10か月～2歳,,7:30,18:15,,,,
350001,3500155134,山口県,,ＹＩＣキッズ,ＹＩＣキッズ,認可外保育所,宇部市大字中宇部西岩田1570-1,,33.97216,131.258163,,,0836-38-8850,,,,,,19,6か月～2歳,,7:30,18:30,,有,,
350001,3500155135,山口県,,(株)ヤクルト山陽プティット事業,カブヤクルトサンヨウプティットジギョウ,認可外保育所,宇部市新天町2丁目7番3号,,33.948425,131.249161,,,0836-34-1107,,,,,,,6か月～6歳,,7:00,18:00,,,,
350001,3500155136,山口県,,ぷてぃっと保育園,プティットホイクエン,認可外保育所,宇部市妻崎開作789-7,,33.979202,131.202072,,,0836-45-2210,,,,,,21,6か月～2歳,,7:00,19:00,,有,,
350001,3500155137,山口県,,ひのやま保育園,ヒノヤマホイクエン,認可外保育所,宇部市あすとぴあ6丁目11番21-5号,,33.976322,131.297241,,,0836-43-7633,,,,,,19,9か月～3歳,,7:00,18:00,,,,
350001,3500155138,山口県,,うべ岬こども園,ウベミサキコドモエン,認可外保育所,宇部市岬町1丁目7-8,,33.932827,131.262009,,,0836-39-5395,,,,,,19,12か月～2歳,,7:30,18:30,,,,
350001,3500155139,山口県,,コロン保育園,コロンホイクエン,認可外保育所,"宇部市西岐波区宇部臨空頭脳パーク1番
株式会社エイム内",,33.969315,131.307983,,,0836-39-9886,,,,,,10,6か月～2歳,,7:30,18:30,,有,,
350001,3500155140,山口県,,ＹＩＣキッズテクノパーク,ＹＩＣキッズテクノパーク,認可外保育所,宇部市大字山中230-14,,34.058125,131.315887,,,083-902-2660,,,,,,19,6か月～2歳,,7:30,18:30,,有,,
350001,3500155141,山口県,,協立こぐま保育園,キョウリツコグマホイクエン,認可外保育所,宇部市末広町１－６,,33.937675,131.26506,,,0836-43-7554,,,,,,37,2か月～5歳,,7:30,18:30,,,,
350001,3500155142,山口県,,あいぐらん保育園宇部,アイグランホイクエンウベ,認可外保育所,宇部市相生町6-25　ＮＴＴビル１階,,33.95393,131.244751,,,0836-43-7180,,,,,,12,2か月～2歳,,7:00,20:00,,有,,
350001,3500155143,山口県,,メルヘンこども園,メルヘンコドモエン,認可外保育所,宇部市西岐波下片倉329-10,,33.969315,131.307983,,,0836-51-9802,,,,,,15,3歳～6歳,,8:45,14:00,,,,
350001,3500155144,山口県,,メルヘンのいずみ保育園,メルヘンノイズミホイクエン,認可外保育所,宇部市西岐波下片倉329-8,,33.969315,131.307983,,,0836-38-8952,,,,,,19,6か月～6歳,,7:00,18:00,,有,,
350001,3500155145,山口県,,キッズライン（本田）,キッズライン（ホンダ）,認可外保育所,,,,,,,,,,,,,,6か月～15歳,,7:00,22:00,,有,https://kidsline.me,
350001,3500155146,山口県,,MagMura∞,MagMura∞,認可外保育所,,,,,,,090-7549-3666,,,,,,,4か月～6歳,,9:00,16:00,,,https://magmura2019.amebaownd.com,
350001,3500155147,山口県,,託児所　ろざ,タクジショ　ロザ,認可外保育所,宇部市小松原町１丁目６－３,,33.964478,131.241135,,,080-8150-0262,,,,,,5,1歳～6歳,,18:00,4:00,,有,,
350001,3500155148,山口県,,カンガルーポケット,カンガルーポケット,認可外保育所,山口市大内氷上５丁目3-43,,34.162113,131.500793,,,083-927-7530,,,,,,45,0歳～8歳,,8:00,18:00,,有,,
350001,3500155149,山口県,,はあもにい保育園,ハアモニイホイクエン,認可外保育所,山口市吉敷中東1-11-16,,34.168602,131.44548,,,083-932-8021,,,,,,10,3か月～12歳,,8:30,16:00,,,,
350001,3500155150,山口県,,ナーサリーありす館,ナーサリーアリスカン,認可外保育所,山口市大内矢田北5丁目１１番２号,,34.155025,131.509354,,,083-927-3355,,,,,,9,7か月～3歳,,7:30,18:30,,有,,
350001,3500155151,山口県,,わかばハウス,ワカバハウス,認可外保育所,山口市阿知須9000,,34.016357,131.343506,,,0836-65-4798,,,,,,20,3か月～6歳,,7:45,18:00,,有,,
350001,3500155152,山口県,,山口リハビリテーション病院院内保育所,ヤマグチリハビリテーションビョウインインナイホイクショ,認可外保育所,山口市黒川３３８０番地,,34.131638,131.438644,,,083-921-1616,,,,,,40,3か月～3歳,,8:00,18:00,,有,,
350001,3500155153,山口県,,済生会山口総合病院保育園,サイセイカイヤマグチソウゴウビョウインホイクエン,認可外保育所,山口市中央4-8-15,,34.173317,131.468048,,,083-928-7443,,,,,,30,2か月～3歳,,8:00,18:00,,有,,
350001,3500155154,山口県,,仁保病院保育所,ニホビョウインホイクショ,認可外保育所,山口市仁保下郷1915-1,,34.190407,131.542496,,,083-941-5555,,,,,,16,3か月～6歳,,8:15,17:15,,有,,
350001,3500155155,山口県,,あゆみ保育園,アユミホイクエン,認可外保育所,山口市野田175-2,,34.185486,131.479904,,,083-923-1070,,,,,,90,2か月～6歳,,7:40,19:00,,有,,
350001,3500155156,山口県,,キディランド,キディランド,認可外保育所,山口市泉都町１２－２６,,34.165241,131.461655,,,083-921-3801,,,,,,9,0歳～6歳,,8:00,18:00,,,,
350001,3500155157,山口県,,吉南病院保育所,キツナンビョウインホイクショ,認可外保育所,山口市鋳銭司3381,,34.076084,131.461548,,,083-986-2111,,,,,,22,4か月～6歳,,7:55,17:30,,有,,
350001,3500155158,山口県,,すくすくランド,スクスクランド,認可外保育所,山口市阿知須4716-14,,34.016357,131.343506,,,0836-65-5580,,,,,,32,か月～歳,,7:30,19:00,,,,
350001,3500155159,山口県,,さくらんぼ保育園,サクランボホイクエン,認可外保育所,山口市小郡下郷中央通り834-4,,34.098976,131.392349,,,083-976-5102,,,,,,35,3か月～6歳,,7:30,18:30,,有,,
350001,3500155160,山口県,,梅の子ホール,ウメノコホール,認可外保育所,山口市鋳銭司１２３６１－３,,34.086681,131.464523,,,083-986-2056,,,,,,10,1歳～3歳,,8:00,17:30,,有,,
350001,3500155161,山口県,,なでしこ保育園,ナデシコホイクエン,認可外保育所,山口市朝倉町4-55,,34.175591,131.452347,,,083-941-5350,,,,,,20,2か月～6歳,,8:00,18:00,,,,
350001,3500155162,山口県,,レッドロビン・インターナショナル,レッドロビン・インターナショナル,認可外保育所,山口市本町二丁目３－２２,,34.171734,131.473755,,,083-902-9292,,,,,,24,1歳～6歳,,8:30,17:30,,,,
350001,3500155163,山口県,,特定非営利活動法人おひさまランド,トクテイヒエイリカツドウホウジンオヒサマランド,認可外保育所,山口市阿知須4043-1,,34.002533,131.357605,,,0836-65-2854,,,,,,5,1歳～6歳,,8:00,13:00,,有,,
350001,3500155164,山口県,,Terra　Nursery　School,Terra　Nursery　School,認可外保育所,山口市下小鯖3950,,34.13216,131.526077,,,083-902-5173,,,,,,40,2歳～5歳,,9:00,15:00,,,,
350001,3500155165,山口県,,託児所ローズガーデン　,タクジショローズガーデン　,認可外保育所,山口市小郡栄町2-1,,34.089302,131.403442,,,083-976-4182,,,,,,5,0歳～8歳,,9:00,18:00,,有,,
350001,3500155166,山口県,,もりのこえん,モリノコエン,認可外保育所,"山口市天花町8-17
（山口市朝倉町７－６５－３）",,34.188282,131.479263,,,080-4263-7789,,,,,,20,2歳～5歳,,9:00,14:00,,有,,
350001,3500155167,山口県,,山口病院小さなおうち保育園,ヤマグチビョウインチイサナオウチホイクエン,認可外保育所,山口市駅通り２丁目８－５,,34.175171,131.480453,,,083-922-1191,,,,,,18,3か月～3歳,,8:15,18:00,,有,,
350001,3500155168,山口県,,子育てカフェ　きいろいひよこ,コソダテカフェ　キイロイヒヨコ,認可外保育所,山口市矢原753-17,,34.15382,131.451569,,,083-921-0487,,,,,,12,1歳～3歳,,8:30,17:30,,有,,
350001,3500155169,山口県,,子育てアカデミーＹＡＭＡＰＩ,コソダテアカデミーＹＡＭＡＰＩ,認可外保育所,山口市平井1418-2,,34.145718,131.45929,,,080-2880-2165,,,,,,2,3か月～12歳,,9:00,15:00,,有,,
350001,3500155170,山口県,,なごみ保育園,ナゴミホイクエン,認可外保育所,山口市平井272-3,,34.158703,131.469437,,,083-902-1441,,,,,,30,6か月～5歳,,7:00,2:00,,有,,
350001,3500155171,山口県,,U　NURSERY  新山口　１号館,U　NURSERY  シンヤマグチ　１ゴウカン,認可外保育所,山口市小郡黄金町6-22,,34.090477,131.398895,,,083-974-2602,,,,,,19,6か月～2歳,,7:30,18:30,,有,,
350001,3500155172,山口県,,ハッピーランド,ハッピーランド,認可外保育所,山口市阿知須4060番地,,34.002533,131.357605,,,0836-38-8814,,,,,,22,4か月～2歳,,8:00,19:00,,有,,
350001,3500155173,山口県,,まえば小児科保育園,マエバショウニカホイクエン,認可外保育所,山口市小郡下郷803番地6,,34.103943,131.393967,,,083-976-6165,,,,,,30,0歳～2歳,,7:30,18:30,,有,,
350001,3500155174,山口県,,スイス小郡ナーサリースクール,スイスオゴオリナーサリースクール,認可外保育所,山口市小郡下郷889番地6,,34.106709,131.398026,,,090-6431-1616,,,,,,20,1歳～5歳,,7:30,15:00,,,,
350001,3500155175,山口県,,ＹＩＣキッズ新山口,ＹＩＣキッズシンヤマグチ,認可外保育所,"山口市小郡下郷1201番地
西中国信用金庫敷地内",,34.099033,131.397079,,,083-902-2112,,,,,,19,10か月～2歳,,7:30,18:30,,有,,
350001,3500155176,山口県,,(社）佐波福祉会,(シャ）サバフクシカイ,認可外保育所,山口市徳地八坂1330番地,,34.223145,131.664078,,,0835-56-1306,,,,,,2,6か月～3歳,,8:00,15:00,,,,
350001,3500155177,山口県,,(公社）山口市シルバー人材センター,(コウシャ）ヤマグチシシルバージンザイセンター,認可外保育所,山口市上竪小路89-1,,34.186703,131.477646,,,083-924-5396,,,,,,20,4か月～12歳,,,,,有,,
350001,3500155178,山口県,,キッズライン（友澤）,キッズライン（トモザワ）,認可外保育所,,,,,,,,,,,,,,２歳～１５歳,,9:00,20:00,,有,https://kidsline.me,
350001,3500155179,山口県,,ジラーフ保育園,ジラーフホイクエン,認可外保育所,山口市湯田温泉2丁目5-23,,34.163021,131.456375,,,083-902-2523,,,,,,12,2か月～5歳,,7:30,18:30,,,,
350001,3500155180,山口県,,あいぐらん保育園小郡,アイグランホイクエンオゴオリ,認可外保育所,山口市小郡下郷1647-7,,34.097927,131.401779,,,083-976-8565,,,,,,12,0歳～2歳,,7:00,20:00,,有,,
350001,3500155181,山口県,,ほいくえんでゅえっと,ホイクエンデュエット,認可外保育所,防府市大字鈴屋1275-1,,34.11517,131.583237,,,0835-36-1361,,,,,,20,3か月～6歳,,7:30,18:00,,有,,
350001,3500155182,山口県,,キッズステーション（八王子ルーム）,キッズステーション（ハチオウジルーム）,認可外保育所,防府市八王子2-5-1,,34.057407,131.565399,,,0835-25-8280,,,,,,12,1歳～5歳,,8:00,18:00,,有,,
350001,3500155183,山口県,,なかよし保育園,ナカヨシホイクエン,認可外保育所,防府市大字大崎１０１１３番地,,34.072056,131.543915,,,0835-21-3190,,,,,,70,2か月～6歳,,7:30,18:30,,有,,
350001,3500155184,山口県,,防府リハビリテーション病院院内保育所,ホウフリハビリテーションビョウインインナイホイクショ,認可外保育所,防府市大字台道1634-1,,34.069256,131.492813,,,0835-32-1777,,,,,,30,4か月～2歳,,7:35,19:00,,,,
350001,3500155185,山口県,,松本外科病院院内保育所,マツモトゲカビョウインインナイホイクショ,認可外保育所,防府市天神2-1-44,,34.056862,131.573044,,,0835-22-1409,,,,,,5,6か月～4歳,,8:00,18:00,,有,,
350001,3500155186,山口県,,キッズステーション（駅南ルーム）,キッズステーション（エキミナミルーム）,認可外保育所,防府市駅南町4-15,,34.05212,131.564941,,,0835-22-2220,,,,,,40,3か月～5歳,,7:00,20:00,,有,,
350001,3500155187,山口県,,青空保育園,アオゾラホイクエン,認可外保育所,防府市三田尻1丁目4番23号,,34.047794,131.572983,,,0835-28-1187,,,,,,15,2か月～3歳,,7:30,18:30,,,,
350001,3500155188,山口県,,㈱石崎本店ペンストンキッズガーデン防府,㈱イシザキホンテンペンストンキッズガーデンホウフ,認可外保育所,防府市新築地町22番3号,,34.040787,131.592911,,,0835-28-1363,,,,,,12,2か月～6歳,,7:30,18:30,,有,,
350001,3500155189,山口県,,わいわい保育園防府,ワイワイホイクエンホウフ,認可外保育所,防府市新田字下南町248番-1,,34.029526,131.567734,,,090-9808-3385,,,,,,12,2か月～6歳,,7:00,18:30,,有,,
350001,3500155190,山口県,,キッズライン（嶋田）,キッズライン（シマタ）,認可外保育所,,,,,,,,,,,,,,3歳～15歳,,8:00,14:00,,有,https://kidsline.me,
350001,3500155191,山口県,,花の子保育園,ハナノコホイクエン,認可外保育所,下松市北斗町2-13ナツメビル11,,34.010082,131.868866,,,0833-45-3222,,,,,,53,5か月～6歳,,7:30,18:30,,有,,
350001,3500155192,山口県,,たから島,タカラジマ,認可外保育所,下松市生野屋南1-10-1,,34.032719,131.876617,,,0833-45-3330,,,,,,35,3か月～6歳,,8:00,18:15,,有,,
350001,3500155193,山口県,,キッズルームＴｏｙ,キッズルームＴｏｙ,認可外保育所,下松市せせらぎ町３丁目13番16号,,34.014999,131.870285,,,0833-44-9654,,,,,,5,7か月～12歳,,8:00,18:00,,有,,
350001,3500155194,山口県,,あいぐらん保育園下松,アイグランホイクエンクダマツ,認可外保育所,下松市桜町3丁目14番33号,,34.017822,131.86618,,,0833-48-8061,,,,,,12,生後57日～2歳,,7:00,20:00,,,,
350001,3500155195,山口県,,さくらのテラス,サクラノテラス,認可外保育所,下松市西柳3丁目5番1号,,34.01564,131.866653,,,0833-45-5850,,,,,,19,3か月～2歳,,7:00,18:00,,有,,
350001,3500155196,山口県,,花の子保育園ほくと,ハナノコホイクエンホクト,認可外保育所,下松市北斗町2-13ナツメビル12,,34.010082,131.868866,,,0833-45-3222,,,,,,19,5か月～2歳,,7:30,18:30,,有,,
350001,3500155197,山口県,,ひだまり保育園えきみなみ,ヒダマリホイクエンエキミナミ,認可外保育所,下松市大字西豊井1247番地ツインスター下松駅南グランツ104,,34.014011,131.873764,,,0833-44-3312,,,,,,19,5か月～2歳,,7:30,18:30,,有,,
350001,3500155198,山口県,,HUG GARDEN ほしのさと kids,HUG GARDEN ホシノサト kids,認可外保育所,下松市生野屋南1丁目13番1号,,34.032597,131.874741,,,0833-48-8832,,,,,,19,3か月～6歳,,7:00,20:00,,有,,
350001,3500155199,山口県,,下松中央医療介護支援センター託児所,クダマツチュウオウイリョウカイゴシエンセンタータクジショ,認可外保育所,下松市古川町３丁目５－５,,34.00692,131.872177,,,0833-41-5711,,,,,,10,6か月～6歳,,8:00,17:00,,,,
350001,3500155200,山口県,,ちびっこエンジェル,チビッコエンジェル,認可外保育所,岩国市南岩国町1-19-18,,34.136005,132.201752,,,0827-31-8506,,,,,,45,3か月～6歳,,7:00,18:00,,有,,
350001,3500155201,山口県,,ファンキーモモ,ファンキーモモ,認可外保育所,岩国市今津町1-18-21,,34.166477,132.217758,,,0827-24-3205,,,,,,45,2か月～12歳,,7:00,20:00,,有,,
350001,3500155202,山口県,,こびとのおしろ ,コビトノオシロ ,認可外保育所,岩国市玖珂町下岩崎1078,,34.097473,132.102798,,,0827-82-1666,,,,,,50,2か月～8歳,,8:30,23:30,,有,,
350001,3500155203,山口県,,岩国市医療センター医師会病院 附属保育所,イワクニシイリョウセンターイシカイビョウイン フゾクホイクショ,認可外保育所,岩国市室の木町3-6-12,,34.170864,132.206497,,,0827-21-3217,,,,,,15,2か月～3歳,,7:50,19:20,,,,
350001,3500155204,山口県,,岩国医療センターいづみ保育園,イワクニイリョウセンターイヅミホイクエン,認可外保育所,岩国市愛宕町一丁目1番2号,,34.143982,132.203644,,,0827-34-1419,,,,,,43,6か月～6歳,,8:00,18:00,,有,,
350001,3500155205,山口県,,グリーン保育所,グリーンホイクショ,認可外保育所,岩国市由宇町359-1,,34.035919,132.176926,,,0827-63-0111,,,,,,16,5か月～6歳,,8:30,17:30,,有,,
350001,3500155206,山口県,,山口県東部ヤクルト販売㈱おおぞら保育園岩国,ヤマグチケントウブヤクルトハンバイ㈱オオゾラホイクエンイワクニ,認可外保育所,岩国市山手町4-2-63,,34.160168,132.206192,,,0827-23-0748,,,,,,27,10か月～4歳,,8:00,17:30,,有,,
350001,3500155207,山口県,,キッズ さくら　,キッズ サクラ　,認可外保育所,岩国市通津迫田11117-297,,34.073696,132.182037,,,0827-39-1021,,,,,,12,4か月～6歳,,7:30,18:00,,有,,
350001,3500155208,山口県,,あさひ保育園,アサヒホイクエン,認可私立保育所,岩国市旭町1丁目1-1,,34.160187,132.22403,,,"0827-
24-1381",,,,社会福祉法人　岩国ルンビニ会,,90,,,,,,,,
350001,3500155209,山口県,,たかもりこども苑,タカモリコドモエン,認可外保育所,岩国市周東町西長野６１９－１,,34.091099,132.001663,,,0827-84-1505,,,,,,10,2か月～11歳,,7:00,19:00,,有,,
350001,3500155210,山口県,,夜間認可外保育どんぐりのおうち,ヤカンニンカガイホイクドングリノオウチ,認可外保育所,岩国市室の木町4丁目89-26,,34.167088,132.207855,,,0827-28-4514,,,,,,8,1歳～12歳,,20:00,7:00,,有,,
350001,3500155211,山口県,,さくらさく保育園,サクラサクホイクエン,認可外保育所,岩国市横山３丁目４番１５号,,34.173683,132.177765,,,0827-44-3131,,,,,,19,5か月～2歳,,7:30,18:30,,有,,
350001,3500155212,山口県,,うりぼうの家,ウリボウノイエ,認可外保育所,岩国市岩国3-2-8,,34.16349,132.184128,,,0827-41-1381,,,,,,10,6か月～12歳,,8:00,18:00,,有,,
350001,3500155213,山口県,,花の子保育園あすか,ハナノコホイクエンアスカ,認可外保育所,岩国市御庄３丁目104-5,,34.168587,132.153946,,,0827-28-6502,,,,,,19,5か月～2歳,,7:30,18:30,,有,,
350001,3500155214,山口県,,ベビーシッター　はなまる,ベビーシッター　ハナマル,認可外保育所,岩国市川西1-1-13,,34.161934,132.176834,,,0827-41-0170,,,,,,,6か月～6歳,,8:00,17:00,,有,,
350001,3500155215,山口県,,キッズライン（濵田）,キッズライン（ハマダ）,認可外保育所,,,,,,,,,,,,,,10か月～15歳,,9:00,20:00,,有,https://kidsline.me,
350001,3500155216,山口県,,わんぱく大使館,ワンパクタイシカン,認可外保育所,光市虹ヶ浜3丁目6番1号,,33.972855,131.916367,,,0833-71-0084,,,,,,15,2か月～3歳,,7:30,18:30,,有,,
350001,3500155217,山口県,,虹っこらんど,ニジッコランド,認可外保育所,光市光ケ丘6-3,,33.982681,131.920197,,,080-3467-9757,,,,,,20,2か月～6歳,,7:30,18:00,,有,,
350001,3500155218,山口県,,スマイルキッズ,スマイルキッズ,認可外保育所,光市大字岩田９７４番地,,33.982883,131.999725,,,0820-48-5080,,,,,,10,2か月～学童,,7:30,18:00,,有,,
350001,3500155219,山口県,,おひさま園,オヒサマエン,認可外保育所,光市島田2丁目4番10号,,33.973381,131.934006,,,0833-72-1885,,,,,,15,2歳～6歳,,9:00,14:30,,有,,
350001,3500155220,山口県,,かえるえん,カエルエン,認可外保育所,長門市油谷向津具下234-1,,34.414085,130.971558,,,080-5335-7121,,,,,,16,3歳～5才,,10:00,14:00,,,,
350001,3500155221,山口県,,双葉愛保育園 ,フタバアイホイクエンエン,認可外保育所,柳井市南町6丁目６－５,,33.961685,132.100906,,,0820-22-4014,,,,,,36,3か月～6歳,,8:00,18:00,,有,,
350001,3500155222,山口県,,国立病院機構柳井医療センターふたば保育園,コクリツビョウインキコウヤナイイリョウセンターフタバホイクエン,認可外保育所,柳井市伊保庄95,,33.915909,132.127487,,,0820-27-5870,,,,,,25,3か月～6歳,,8:00,18:30,,,,
350001,3500155223,山口県,,ＪＡ山口厚生連周東総合病院内たんぽぽ保育園,ＪＡヤマグチコウセイレンシュウトウソウゴウビョウインナイタンポポホイクエン,認可外保育所,柳井市古開作1000-1,,33.959858,132.095093,,,0820-23-1102,,,,,,20,3か月～6歳,,7:30,18:00,,,,
350001,3500155224,山口県,,ばんびぃな,バンビィナ,認可外保育所,柳井市伊保庄字近長浜1番4,,33.930088,132.116165,,,0820-27-6001,,,,,,10,1歳～12歳,,8:20,17:20,,有,,
350001,3500155225,山口県,,田代台病院　どんぐりハウス,タシロダイビョウイン　ドングリハウス,認可外保育所,美祢市美東町真名2941,,34.158138,131.350876,,,08396-5-0301,,,,,,15,2か月～6歳,,8:15,17:15,,,,
350001,3500155226,山口県,,キッズルーム花＊花,キッズルームハナ＊ハナ,認可外保育所,周南市速玉町４番11号Reビル３F,,34.046078,131.810638,,,0834-33-8219,,,,,,12,1歳～6歳,,7:30,18:30,,有,,
350001,3500155227,山口県,,周南ﾘﾊﾋﾞﾘﾃｰｼｮﾝ病院託児所ほっぷ,シュウナンリハビリテーションビョウインタクジショホップ,認可外保育所,周南市湯野4278-1,,34.090061,131.67453,,,0834-83-3300,,,,,,,2か月～6歳,,8:30,19:15,,有,,
350001,3500155228,山口県,,湯野温泉病院保育所,ユノオンセンビョウインホイクショ,認可外保育所,周南市湯野3934,,34.108093,131.6716,,,0834-83-3202,,,,,,30,3か月～歳,,6:50,20:10,,有,,
350001,3500155229,山口県,,キッズハウス,キッズハウス,認可外保育所,周南市鹿野下1161-1,,34.210499,131.825378,,,0834-68-2233,,,,,,10,,,8:30,17:30,,,,
350001,3500155230,山口県,,徳山中央病院ひまわり保育園,トクヤマチュウオウビョウインヒマワリホイクエン,認可外保育所,周南市孝田町2-2,,34.046539,131.834579,,,0834-28-8415,,,,,,50,2か月～6歳,,7:00,18:30,,有,,
350001,3500155231,山口県,,徳山ﾘﾊﾋﾞﾘﾃｰｼｮﾝ病院託児所じゃんぷ,トクヤマリハビリテーションビョウインタクジショジャンプ,認可外保育所,周南市大字徳山６２６番地,,34.073544,131.822449,,,0834-33-7770,,,,,,17,8か月～6歳,,8:30,19:45,,,,
350001,3500155232,山口県,,ニチイキッズひばりヶ丘保育園,ニチイキッズヒバリガオカホイクエン,認可外保育所,周南市久米ひばりヶ丘327-228,,34.051853,131.85611,,,0834-39-0012,,,,,,18,3か月～2歳,,7:00,18:00,,有,,
350001,3500155233,山口県,,イオンゆめみらい保育園周南,イオンユメミライホイクエンシュウナン,認可外保育所,周南市古市1-4-1イオンタウン内,,34.069324,131.759857,,,0834-62-6610,,,,,,60,6か月～6歳,,7:00,20:00,,有,,
350001,3500155234,山口県,,はぐくみＲＯＯＭ,ハグクミＲＯＯＭ,認可外保育所,周南市大字久米3202-1,,34.032379,131.834946,,,0834-33-8845,,,,,,5,11か月～2歳,,9:00,17:00,,有,,
350001,3500155235,山口県,,TOMONi保育園,TOMONiホイクエン,認可外保育所,周南市小松原1230番1,,34.047359,132.010773,,,0833-91-7220,,,,,,19,6か月～3歳,,7:00,20:00,,有,,
350001,3500155236,山口県,,わいえむKids,ワイエムKids,認可外保育所,周南市周陽２丁目8番8,,34.045532,131.830368,,,0834-33-8182,,,,,,6,2か月～5歳,,8:00,18:00,,,,
350001,3500155237,山口県,,こぐま山の保育園,コグマヤマノホイクエン,認可外保育所,山陽小野田市有帆509-15,,34.013042,131.213913,,,0836-83-5127,,,,,,45,3歳～5歳,,7:30,18:30,,,,
350001,3500155238,山口県,,プティット小野田ルーム,プティットオノダルーム,認可外保育所,山陽小野田市大字千崎495番地4,,34.027493,131.177185,,,0836-43-7212,,,,,,12,4か月～6歳,,7:00,19:00,,,,
350001,3500155239,山口県,,小野田赤十字病院院内保育園きらら,オノダセキジュウジビョウインインナイホイクエンキララ,認可外保育所,山陽小野田市大字小野田3700,,33.952679,131.182571,,,0836-88-0221,,,,,,8,2か月～6歳,,8:00,18:00,,有,,
350001,3500155240,山口県,,きららキッズルーム,キララキッズルーム,認可外保育所,山陽小野田市大字小野田1315-4,,33.986275,131.184525,,,0836-83-2881,,,,,,4,3か月～12歳,,7:30,17:30,,有,,
350001,3500155241,山口県,,ピーチ・ツリーおのだ,ピーチ・ツリーオノダ,認可外保育所,山陽小野田市中川6丁目4番1号,,33.985802,131.170547,,,0836-38-8322,,,,,,17,8か月～2歳,,7:00,20:00,,,,
350001,3500155242,山口県,,きららキッズ,キララキッズ,認可外保育所,山陽小野田市大字小野田1315-7,,33.986275,131.184525,,,0836-83-2881,,,,,,19,2か月～3歳,,7:30,18:30,,,,
350001,3500155243,山口県,,山陽小野田市民病院あさひ保育園,サンヨウオノダシミンビョウインアサヒホイクエン,認可外保育所,山陽小野田市東高泊1863番地1,,33.997986,131.1745,,,0836-84-1922,,,,,,25,2か月～6歳,,7:00,19:00,,有,,
350001,3500155244,山口県,,神の国幼稚園,カミノクニヨウチエン,認可外保育所,田布施町大字波野10123,,33.969086,132.042664,,,0820-52-2153,,,,,,90,3歳～5歳,,9:00,16:30,,,,
350001,3500155245,山口県,,こばと保育園,コバトホイクエン,認可外保育所,平生町佐賀10002-77,,33.8988,132.092407,,,0820-58-1111,,,,,,40,4か月～6歳,,8:30,19:30,,,,
350001,3500155246,山口県,,こびとのおうちえん,コビトノオウチエン,認可外保育所,平生町大字大野北1177,,33.934383,132.09848,,,0820-56-0606,,,,,,19,3歳～5歳,,9:00,15:00,,,,
350001,3500155247,山口県,,こぐま保育園,コグマホイクエン,,宇部市末広町１番16-5号,,33.937214,131.265137,,,0836-33-1146,,,,特定非営利活動法人　みらい広場,,19,,,,,,,,
350001,3500155248,山口県,,リトル明光乳児園,リトルメイコウニュウジエン,,宇部市大字西岐波字大澤4416-9,,33.969315,131.307983,,,0836-51-7500,,,,社会福祉法人　アスワン山荘,,19,,,,,,,,
350001,3500155249,山口県,,たちばなナーサリー,タチバナナーサリー,,宇部市今村南一丁目3975番地1,,33.952759,131.301956,,,0836-38-8567,,,,学校法人　西岐波学園,,19,,,,,,,,
350001,3500155250,山口県,,プティット宇部保育園,プティットウベホイクエン,,宇部市南浜町二丁目4番18号,,33.963242,131.231918,,,0836-33-0603,,,,株式会社　ヤクルト山陽,,18,,,,,,,,
350001,3500155251,山口県,,YICキッズ黒石保育園,ワイアイシーキッズクロイシホイクエン,,宇部市黒石北四丁目2番40号,,33.988468,131.206665,,,0836-43-6631,,,,学校法人YIC学院,,19,,,,,,,,
350001,3500155252,山口県,,新川こども園,シンカワコドモエン,,宇部市西小串六丁目5番47号,,33.964481,131.247726,,,0836-34-1115,,,,社会福祉法人　白光会,,19,,,,,,,,
350001,3500155253,山口県,,プティット一ノ坂保育園,プティットイチノサカホイクエン,,山口市後河原吉田37-2,,34.184097,131.476364,,,083-928-8444,,,,株式会社　ヤクルト山陽,,18,,,,,,,,
350001,3500155254,山口県,,はあと保育園吉敷,ハアトホイクエンヨシキ,,山口市吉敷中東一丁目1-2,,34.167183,131.447418,,,083-924-3962,,,,医療法人社団　青藍会,,12,,,,,,,,
350001,3500155255,山口県,,山口ココモ保育園,ヤマグチココモホイクエン,,山口市大内氷上六丁目33-8,,34.167217,131.505646,,,083-902-1550,,,,株式会社　ココモ,,19,,,,,,,,
350001,3500155256,山口県,,うる保育園,ウルホイクエン,,山口市黒川776-7,,34.143696,131.450119,,,083-928-9200,,,,未来　株式会社,,17,,,,,,,,
350001,3500155257,山口県,,中央ココモ保育園,チュウオウココモホイクエン,,山口市平井226-8,,34.160084,131.46788,,,083-902-6850,,,,株式会社　ココモ,,19,,,,,,,,
350001,3500155258,山口県,,U　NURSERY新山口　２号館,ユー・ナーサリーシンヤマグチニゴウカン,,山口市小郡黄金町9-2,,34.09082,131.397202,,,083-974-5715,,,,株式会社　向学社,,19,,,,,,,,
350001,3500155259,山口県,,もりもり保育園,モリモリホイクエン,,山口市嘉川1306,,34.076756,131.38353,,,083-976-4788,,,,一般社団法人　美杜里,,19,,,,,,,,
350001,3500155260,山口県,,山口ヤクルト平川保育園,ヤマグチヤクルトヒラカワホイクエン,,山口市平井201-1,,34.158779,131.468185,,,083-929-3381,,,,山口ヤクルト販売　株式会社,,5,,,,,,,,
350001,3500155261,山口県,,くすのき保育園,クスノキホイクエン,,萩市江向173番地1,,34.404789,131.400909,,,0838-22-2345,,,,医療法人　医誠会,,18,,,,,,,,
350001,3500155262,山口県,,ひまわりキッズ,ヒマワリキッズ,,防府市駅南町4番15号,,34.05212,131.564941,,,0835-28-7728,,,,NPO法人　やまぐち子育て,,19,,,,,,,,
350001,3500155263,山口県,,おひさまキッズ,オヒサマキッズ,,防府市八王子2丁目5-1,,34.057407,131.565399,,,0835-28-1150,,,,NPO法人　やまぐち子育て,,19,,,,,,,,
350001,3500155264,山口県,,三田尻病院院内保育所,ミタジリビョウインインナイホイクジョ,,防府市お茶屋町3番27号,,34.046402,131.572708,,,0835-24-1511,,,,医療法人　神徳会,,19,,,,,,,,
350001,3500155265,山口県,,ひだまり保育園,ヒダマリホイクエン,,下松市大字西豊井1247,,34.014011,131.873764,,,0833-48-8788,,,,株式会社　グランツ,,19,,,,,,,,
350001,3500155266,山口県,,太陽のテラス,タイヨウノテラス,,下松市西柳3-4-27,,34.01564,131.866653,,,0833-45-3610,,,,株式会社　総合リハビリテーション研究所,,19,,,,,,,,
350001,3500155267,山口県,,ニチイキッズ下松末武保育園,ニチイキッズクダマツスエタケホイクエン,,下松市大字末武中14-3,,34.033943,131.853867,,,0833-48-0255,,,,株式会社　ニチイ学館,,19,,,,,,,,
350001,3500155268,山口県,,おおぞら保育園下松,オオゾラホイクエンクダマツ,,下松市潮音町4-10-5,,34.024158,131.848007,,,0833-43-8139,,,,山口県東部ヤクルト販売株式会社,,19,,,,,,,,
350001,3500155269,山口県,,すみれ保育園,スミレホイクエン,認可私立保育所,下関市前田1丁目9-1,,33.973892,130.970078,,,"083-
223-3574",,,,"社会福祉法人
前田町振興協会",,70,,,,,,,,
350001,3500155270,山口県,,ファンキーモモさくら,ファンキーモモサクラ,,岩国市今津町1-18-20,,34.166428,132.217667,,,0827-24-3205,,,,株式会社　スクエア,,17,,,,,,,,
350001,3500155271,山口県,,ニチイキッズ一番丁保育園,ニチイキッズイチバンチョウホイクエン,,周南市大字徳山４１５８－３（一番丁）,,34.054386,131.812958,,,0834-31-3611,,,,株式会社　ニチイ学館,,19,,,,,,,,
350001,3500155272,山口県,,南陽幼稚園保育部　ちゅうりっぷ,ナニョウヨウチエンホイクブ　チュウリップ,,周南市福川３丁目７番２５号,,34.074146,131.736542,,,0834-34-9663,,,,学校法人　真福学園 ,,19,,,,,,,,
350001,3500155273,山口県,,保育園　ひだまり,ホイクエン　ヒダマリ,,周南市東山町６－２８,,34.049595,131.816147,,,0834-32-5075,,,,一般社団法人　徳山医師会,,8,,,,,,,,
350001,3500155274,山口県,,プティット周南保育園,プティットシュウナンホイクエン,,周南市今宿町4丁目５,,34.060951,131.801361,,,0834-32-2210,,,,株式会社　ヤクルト山陽,,18,,,,,,,,
350001,3500155275,山口県,,山口ヤクルト周南保育園,ヤマグチヤクルトシュウナンホイクエン,,周南市今宿町4丁目５,,34.060951,131.801361,,,0834-32-1616,,,,山口ヤクルト販売株式会社,,15,,,,,,,,
350001,3500155276,山口県,,ニチイキッズ毛利町保育園,ニチイキッズモウリチョウホイクエン,,周南市毛利町3-36,,34.057819,131.81076,,,0834-33-6700,,,,株式会社 ニチイ学館,,19,,,,,,,,
350001,3500155277,山口県,,プティット小野田保育園,プティットオノダホイクエン,,山陽小野田市大字千崎495-4,,34.027493,131.177185,,,0836-84-4727,,,,株式会社　ヤクルト山陽,,17,,,,,,,,
350001,3500155278,山口県,,こぐま保育園（山園舎）,コグマホイクエン（ヤマエンシャ）,,山陽小野田市大字有帆509-15,,34.013042,131.213913,,,0836-83-5127,,,,特定非営利活動法人　みらい広場,,15,,,,,,,,
350001,3500155279,山口県,,"下関市立
豊田下こども園",シモノセキシリツトヨタシモコドモエン,認定こども園（幼保連携型）,下関市豊田町大字手洗字堂本273-1,,34.178894,131.066864,,,"083-
766-2446",,,,下関市,,70,,,,,,,,
350001,3500155280,山口県,,"下関市立
菊川こども園",シモノセキシリツキクガワコドモエン,認定こども園（幼保連携型）,下関市菊川町大字下岡枝字高田1504,,34.133572,131.036057,,,"083-
287-0085",,,,下関市,,155,,,,,,,,
350001,3500155281,山口県,,"下関市立
王喜こども園",シモノセキシリツオウキコドモエン,認定こども園（幼保連携型）,下関市王喜本町2-15-1,,34.063992,131.053848,,,"083-
282-0369",,,,下関市,,100,,,,,,,,
350001,3500155282,山口県,,"下関市立
川棚こども園",シモノセキシリツカワタナコドモエン,認定こども園（幼保連携型）,下関市下関市大字川棚字寺田5281,,33.957287,130.940964,,,083-772-2900,,,,下関市,,205,,,,,,,,
350001,3500155283,山口県,,"下関市立
西市こども園",シモノセキシリツニシイチコドモエン,認定こども園（幼保連携型）,下関市豊田町大字矢田字横の田185,,34.202244,131.070801,,,"083-
766-0098",,,,下関市,,70,,,,,,,,
350001,3500155284,山口県,,"下関市立
豊北こども園",シモノセキシリツホウホクコドモエン,認定こども園（幼保連携型）,下関市豊北町大字滝部字上ノ原2992-1,,34.295853,130.946243,,,"083-
782-0430",,,,下関市,,60,,,,,,,,
350001,3500155285,山口県,,聖母園,セイボエン,認定こども園（幼保連携型）,下関市彦島緑町11-6,,33.931709,130.909409,,,083-266-9311,,,,"社会福祉法人
聖母園",,160,,,,,,,,
350001,3500155286,山口県,,でしまつ子ども園,デシマツコドモエン,認定こども園（幼保連携型）,下関市彦島杉田町2-3-10,,33.927166,130.921158,,,083-266-3700,,,,"社会福祉法人
八栄会",,155,,,,,,,,
350001,3500155287,山口県,,くりのみ子供園,クリノミコドモエン,認定こども園（幼保連携型）,下関市彦島田の首町2-6-10,,33.916767,130.916046,,,083-266-3037,,,,"社会福祉法人
田の首福祉会",,135,,,,,,,,
350001,3500155288,山口県,,吉田緑こども園,ヨシダミドリコドモエン,認定こども園（幼保連携型）,下関市大字吉田1085-1,,34.085381,131.072937,,,083-283-2727,,,,"社会福祉法人
東行福祉会",,115,,,,,,,,
350001,3500155289,山口県,,すみれ保育園,スミレホイクエン,認可私立保育所,周南市野村二丁目7-12,,34.063869,131.773911,,,"0834-
61-1010",,,,"社会福祉法人
すみれ会",,90,,,,,,,,
350001,3500155290,山口県,,"下関市立
黒井こども園",シモノセキシリツクロイコドモエン,認定こども園（幼保連携型）,下関市豊浦町大字黒井字下北岡2159番地1,,34.119259,130.920685,,,083-774-1455　,,,,下関市,,110,,,,,,,,
350001,3500155291,山口県,,ひがし子ども園,ヒガシコドモエン,認定こども園（幼保連携型）,下関市東向山町13－31,,33.968014,130.929001,,,"083-
222-0145",,,,"社会福祉法人
海音子会",,85,,,,,,,,
350001,3500155292,山口県,,豊北きらきらこども園,ホウホクキラキラコドモエン,認定こども園（幼保連携型）,下関市豊北町大字神田2408,,34.328148,130.901138,,,"083-
786-2025",,,,"社会福祉法人
三明会",,60,,,,,,,,
350001,3500155293,山口県,,"下関市立
中央こども園",シモノセキシリツチュウオウコドモエン,認定こども園（幼保連携型）,下関市幡生新町1-10,,33.974159,130.922195,,,083-250-8880,,,,下関市,,180,,,,,,,,
350001,3500155294,山口県,,"下関市立
垢田こども園",シモノセキシリツアカダコドモエン,認定こども園（幼保連携型）,下関市新垢田東町1-2-7,,33.989048,130.915619,,,083-253-9922,,,,下関市,,150,,,,,,,,
350001,3500155295,山口県,,"しおかぜの里
こども園",シオカゼノサトコドモエン,認定こども園（幼保連携型）,下関市彦島迫町6-7-22,,33.942982,130.89595,,,083-267-1917,,,,"社会福祉法人
松美会",,125,,,,,,,,
350001,3500155296,山口県,,"防府市立
認定こども園
とのみ保育所",ホウフシリツニンテイコドモエントノミホイクショ,認定こども園（保育所）,防府市大字富海2703,,34.051502,131.648605,,,"0835-
34-0039",,,,防府市,,60,,,,,,,,
350001,3500155297,山口県,,"幼保連携型
認定こども園
きんこう保育園",ヨウホレンケイガタニンテイコドモエンキンコウホイクエン,認定こども園（幼保連携型）,防府市大字田島433,,34.023891,131.552292,,,"0835-
38-3456",,,,"社会福祉法人
防府滋光会",,130,,,,,,,,
350001,3500155298,山口県,,"幼保連携型
認定こども園
きんこう第2保育園",ヨウホレンケイガタニンテイコドモエンキンコウダイニホイクエン,認定こども園（幼保連携型）,防府市大字田島2585-1,,34.012531,131.534348,,,"0835-
29-0400",,,,"社会福祉法人
防府滋光会",,90,,,,,,,,
350001,3500155299,山口県,,"岩国市立
さかうえ
こども園",イワクニシリツサカウエコドモエン,認定こども園（幼保連携型）,岩国市美和町渋前431-1,,34.218582,132.093811,,,0827-96-0335,,,,岩国市,,90,,,,,,,,
350001,3500155300,山口県,,"岩国市立
にこにこちどり
こども園",イワクニシリツニコニコチドリコドモエン,認定こども園（幼保連携型）,岩国市由宇町港1-17-1,,34.044289,132.214981,,,0827-63-0617,,,,岩国市,,120,,,,,,,,
350001,3500155301,山口県,,"認定こども園
川西保育園",ニンテイコドモエンカワニシホイクエン,認定こども園（幼保連携型）,岩国市川西一丁目7番3号,,34.161575,132.175644,,,0827-41-0180,,,,"社会福祉法人
立正たちばな会",,100,,,,,,,,
350001,3500155302,山口県,,"認定こども園
梅が丘保育園",ニンテイコドモエンウメガオカホイクエン,認定こども園（幼保連携型）,岩国市平田6丁目50-27,,34.136692,132.182953,,,0827-32-4711,,,,"社会福祉法人
徳光会",,65,,,,,,,,
350001,3500155303,山口県,,鹿野こども園,シュウナンシリツカノコドモエン,認定こども園（幼保連携型）,周南市大字鹿野上3039番地,,34.253082,131.853287,,,"0834-
68-3344",,,,周南市,,55,,,,,,,,
350001,3500155304,山口県,,幼保連携型認定こども園共楽保育園,ヨウホレンケイガタニンテイコドモエンキョウラクホイクエン,認定こども園（幼保連携型）,周南市久米1311,,34.033272,131.842987,,,"0834-
25-1318",,,,"社会福祉法人
共楽園",,112,,,,,,,,
350001,3500155305,山口県,,和木こども園,ワキコドモエン,認定こども園（幼保連携型）,玖珂郡和木町和木2-4-1,,34.203041,132.221664,,,0827-52-2707,,,,和木町,,292,,,,,,,,
350001,3500155306,山口県,,地福保育園,ジフクホイクエン,認可外保育所,山口市阿東地福上1962-1,,34.378544,131.662231,,,083-952-0172,,,,山口市,,20,,,,,,,,
350001,3500155307,山口県,,徳佐保育園,トクサホイクエン,認可外保育所,山口市阿東徳佐中3283-1,,34.405739,131.719284,,,083-956-0520,,,,山口市,,60,,,,,,,,
350001,3500155308,山口県,,"萩市
見島保育園",ハギシミシマホイクエン,認可外保育所,萩市見島本村951番地1,,34.778282,131.140091,,,0838-23-2121,,,,萩市,,30,,,,,,,,
350001,3500155309,山口県,,俵山幼児園,タワラヤマヨウジエン,認可外保育所,長門市俵山2334-1,,34.290348,131.099869,,,0837-29-0830,,,,長門市,,60,,,,,,,,
350001,3500155310,山口県,,豊田前保育園,トヨタマエホイクエン,認可外保育所,美祢市豊田前町麻生下10-31,,34.189259,131.117981,,,0837-57-0260,,,,美祢市,,35,,,,,,,,
350001,3500155311,山口県,,"下関市立
彦島第一保育園",シモノセキシリツヒコシマダイイチホイクエン,認可公立保育所,下関市彦島福浦町2丁目17-1,,33.928089,130.910919,,,"083-
266-3076",,,,下関市,,50,,,,,,,,
350001,3500155312,山口県,,"下関市立
吉見保育園",シモノセキシリツヨシミホイクエン,認可公立保育所,下関市吉見本町1丁目16-1,,34.068306,130.902969,,,"083-
286-2227",,,,下関市,,45,,,,,,,,
350001,3500155313,山口県,,"下関市立
長府第一保育園",シモノセキシリツチョウフダイイチホイクエン,認可公立保育所,下関市長府宮の内町1-38,,33.999332,130.986557,,,"083-
245-0349",,,,下関市,,95,,,,,,,,
350001,3500155314,山口県,,"下関市立
長府第二保育園",シモノセキシリツチョウフダイニホイクエン,認可公立保育所,下関市長府中六波町12-26,,34.013256,130.991653,,,"083-
245-0044",,,,下関市,,100,,,,,,,,
350001,3500155315,山口県,,"下関市立
長府第三保育園",シモノセキシリツチョウフダイサンホイクエン,認可公立保育所,下関市長府松小田本町1-38,,34.021103,131.001785,,,"083-
248-0152",,,,下関市,,85,,,,,,,,
350001,3500155316,山口県,,"下関市立
名池保育園",シモノセキシリツメイチホイクエン,認可公立保育所,下関市名池町10-2,,33.958378,130.937561,,,"083-
231-2823",,,,下関市,,100,,,,,,,,
350001,3500155317,山口県,,"下関市立
双葉保育園",シモノセキシリツフタバホイクエン,認可公立保育所,下関市豊浦町大字宇賀字川嶋12984-1,,34.217777,130.938232,,,"083-
776-0202",,,,下関市,,40,,,,,,,,
350001,3500155318,山口県,,"下関市立
長府第四保育園",シモノセキシリツチョウフダイヨンホイクエン,認可公立保育所,下関市長府八幡町1-1,,34.010471,130.996063,,,"083-
246-3360",,,,下関市,,95,,,,,,,,
350001,3500155319,山口県,,"下関市立
幸町保育園",シモノセキシリツサイワイマチホイクエン,認可公立保育所,下関市幸町18-6,,33.961525,130.94519,,,"083-
232-2036",,,,下関市,,90,,,,,,,,
350001,3500155320,山口県,,"下関市立
幡生保育園",シモノセキシリツハタブホイクエン,認可公立保育所,下関市幡生宮の下町25-13,,33.985039,130.931686,,,"083-
253-5656",,,,下関市,,140,,,,,,,,
350001,3500155321,山口県,,専立寺保育園,センリュウジホイクエン,認可私立保育所,下関市彦島本村町5丁目9-26,,33.941647,130.910004,,,"083-
266-4843",,,,"社会福祉法人
専立寺保育園",,70,,,,,,,,
350001,3500155322,山口県,,慈光保育園,ジコウホイクエン,認可私立保育所,下関市伊崎町1丁目11-16,,33.955822,130.919159,,,"083-
231-2970",,,,"社会福祉法人
慈光保育園",,80,,,,,,,,
350001,3500155323,山口県,,たんぽぽ保育園,タンポポホイクエン,認可私立保育所,山口市小郡新町2丁目5-1,,34.113434,131.394012,,,"083-
972-7066",,,,"社会福祉法人
たんぽぽ会",,118,,,,,,,,
350001,3500155324,山口県,,安楽保育園,アンラクホイクエン,認可私立保育所,下関市豊浦町大字小串字向山502番2,,34.176769,130.937637,,,"083-
774-0880",,,,"社会福祉法人
安楽会",,45,,,,,,,,
350001,3500155325,山口県,,たんぽぽ保育園,タンポポホイクエン,認可私立保育所,岩国市周東町下久原８３０－１,,34.087006,132.05365,,,"0827-
84-7373",,,,"特定非営利
活動法人
たんぽぽ
わたげの会",,90,,,,,,,,
350001,3500155326,山口県,,清和保育園,セイワホイクエン,認可私立保育所,下関市秋根本町2-8-10,,34.009739,130.951614,,,"083-
256-2533",,,,"社会福祉法人
清和保育園",,195,,,,,,,,
350001,3500155327,山口県,,長府幼稚園,チョウフヨウチエン,認定こども園（幼保連携型）,下関市長府金屋町2-7,,34.002995,130.990433,金屋浜バス停から徒歩３分,駐車スペース40台,(083)246-0070,,(083)245-7565,,,,,4月1日満１歳から,月火水木金,7:30,18:00,12/19～1/3年末年始休日・8/12～8/16盆休み,無,http://chofu-youchien.com/,
350001,3500155328,山口県,,王司保育園,オウジホイクエン,認可私立保育所,下関市王司上町2丁目8-13,,34.039978,131.010193,,,"083-
248-0720",,,,"社会福祉法人
剛美会",,130,,,,,,,,
350001,3500155329,山口県,,鏡山保育園,カガミヤマホイクエン,認可私立保育所,下関市長府印内町7-11,,34.004124,130.990417,,,"083-
246-0530",,,,東　　好子,,60,,,,,,,,
350001,3500155330,山口県,,小月保育園,オヅキホイクエン,認可私立保育所,下関市小月茶屋2丁目9-1,,34.06736,131.02948,,,"083-
283-0085",,,,"社会福祉法人
下関みらい",,150,,,,,,,,
350001,3500155331,山口県,,ひまわり保育園,ヒマワリホイクエン,認可私立保育所,下関市長崎町1丁目1-4,,33.957237,130.924744,,,"083-
222-2120",,,,"宗教法人
法正院",,60,,,,,,,,
350001,3500155332,山口県,,ひまわり保育園,ヒマワリホイクエン,認可私立保育所,周南市大字大河内字自由が丘10700-336,,34.023735,131.948151,,,"0833-
91-3749",,,,"社会福祉法人
ひまわり会",,110,,,,,,,,
350001,3500155333,山口県,,みそら保育園,ミソラホイクエン,認可私立保育所,下関市大字福江1733-1,,34.054482,130.92009,,,"083-
258-0239",,,,"社会福祉法人
みそら保育園",,180,,,,,,,,
350001,3500155334,山口県,,木の実保育園,キノミホイクエン,認可私立保育所,下関市川中本町1番19号,,34.002499,130.931534,,,"083-
252-4065",,,,"社会福祉法人
木の実保育園",,199,,,,,,,,
350001,3500155335,山口県,,ひえだ保育園,ヒエダホイクエン,認可私立保育所,下関市稗田中町8-1,,33.996399,130.926697,,,"083-
253-0766",,,,"社会福祉法人
稗田福祉会",,100,,,,,,,,
350001,3500155336,山口県,,のあ保育園,ノアホイクエン,認可私立保育所,下関市武久町2丁目70-10,,33.985332,130.918198,,,"083-
252-3056",,,,"社会福祉法人
きずな",,130,,,,,,,,
350001,3500155337,山口県,,いずみ保育園,イズミホイクエン,認可私立保育所,下関市勝谷新町3-7-9,,34.006176,130.971954,,,"083-
256-0955",,,,"社会福祉法人
いずみ保育園",,130,,,,,,,,
350001,3500155338,山口県,,清末保育園,キヨスエホイクエン,認可私立保育所,下関市清末中町1丁目5番1号,,34.05909,131.023468,,,"083-
282-0288",,,,"社会福祉法人
清末保育園",,120,,,,,,,,
350001,3500155339,山口県,,新生保育園,シンセイホイクエン,認可私立保育所,下関市西観音町1-5,,34.049347,131.005875,,,"083-
248-0512",,,,"社会福祉法人
新生園",,210,,,,,,,,
350001,3500155340,山口県,,勝山保育園,カツヤマホイクエン,認可私立保育所,下関市秋根新町12-12,,34.010075,130.947205,,,"083-
256-6888",,,,"社会福祉法人
勝山園",,209,,,,,,,,
350001,3500155341,山口県,,みどり保育園,ミドリホイクエン,認可私立保育所,下関市綾羅木本町6丁目19-19,,34.006123,130.919937,,,"083-
253-4509",,,,橘　みよ子,,90,,,,,,,,
350001,3500155342,山口県,,しょうや保育園,ショウヤホイクエン,認可私立保育所,下関市大字勝谷字阿ら安879-6,,34.016533,130.97995,,,"083-
256-2431",,,,"社会福祉法人
法輪会",,110,,,,,,,,
350001,3500155343,山口県,,ゆたか保育園,ユタカホイクエン,認可私立保育所,下関市川中豊町7丁目9番8号,,33.993382,130.937164,,,"083-
255-1660",,,,"社会福祉法人
ゆたか保育会",,140,,,,,,,,
350001,3500155344,山口県,,弥生保育園,ヤヨイホイクエン,認可私立保育所,下関市幡生町二丁目28-25,,33.978844,130.929901,,,"083-
252-1237",,,,"社会福祉法人
きずな",,90,,,,,,,,
350001,3500155345,山口県,,小波保育園,サザナミホイクエン,認可私立保育所,下関市汐入町19-18,,33.972786,130.918213,,,"083-
222-8222",,,,"社会福祉法人
小波会",,130,,,,,,,,
350001,3500155346,山口県,,"宇部市立
神原保育園",ウベシリツカミハラホイクエン,認可公立保育所,宇部市琴芝町二丁目3番30号,,33.951836,131.25502,,,"0836-
21-4311",,,,宇部市,,120,,,,,,,,
350001,3500155347,山口県,,"宇部市立
新川保育園",ウベシリツシンカワホイクエン,認可公立保育所,宇部市朝日町6番25号,,33.957363,131.246735,,,"0836-
21-3271",,,,宇部市,,120,,,,,,,,
350001,3500155348,山口県,,"宇部市立
原保育園",ウベシリツハラホイクエン,認可公立保育所,宇部市妻崎開作1982番地,,33.971478,131.202545,,,"0836-
41-8517",,,,宇部市,,120,,,,,,,,
350001,3500155349,山口県,,"宇部市立
西岐波保育園",ウベシリツニシキワホイクエン,認可公立保育所,宇部市床波四丁目11番40号,,33.955719,131.3134,,,"0836-
51-9214",,,,宇部市,,90,,,,,,,,
350001,3500155350,山口県,,"宇部市立
第二乳児保育園",ウベシリツダイニニュウジホイクエン,認可公立保育所,宇部市南浜町二丁目2番15号,,33.964001,131.233459,,,"0836-
33-2770",,,,宇部市,,60,,,,,,,,
350001,3500155351,山口県,,命信寺保育園,ミヨウシンジホイクエン,認可私立保育所,宇部市北琴芝一丁目9番32号,,33.959251,131.25383,,,"0836-
34-3627",,,,"社会福祉法人
みのり園",,150,,,,,,,,
350001,3500155352,山口県,,みどり保育園,ミドリホイクエン,認可私立保育所,防府市緑町1丁目8-9,,34.055012,131.576935,,,"0835-
23-7343",,,,"社会福祉法人
みどり会",,220,,,,,,,,
350001,3500155353,山口県,,るんびに保育園,ルンビニホイクエン,認可私立保育所,宇部市昭和町三丁目4番18号,,33.936054,131.257965,,,"0836-
31-8555",,,,"社会福祉法人
るんびに保育園",,108,,,,,,,,
350001,3500155354,山口県,,船木保育園,フナキホイクエン,認可私立保育所,宇部市船木1467番地4,,34.052166,131.207214,,,"0836-
67-0854",,,,辻田篤信,,70,,,,,,,,
350001,3500155355,山口県,,法泉寺保育園,ホウセンジホイクエン,認可私立保育所,宇部市松山町五丁目6番9号,,33.933533,131.260391,,,"0836-
34-0412",,,,"社会福祉法人
法泉寺保育園",,60,,,,,,,,
350001,3500155356,山口県,,厚南保育園,コウナンホイクエン,認可私立保育所,宇部市厚南北三丁目23番51号,,33.997719,131.213425,,,"0836-
41-8675",,,,"社会福祉法人
智心会",,100,,,,,,,,
350001,3500155357,山口県,,みのり保育園,ミノリホイクエン,認可私立保育所,下関市垢田町3丁目11-41,,33.990959,130.923218,,,"083-
252-2295",,,,廣瀬祖開,,120,,,,,,,,
350001,3500155358,山口県,,大学院幼児園,ダイガクインヨウジエン,認可私立保育所,宇部市野中四丁目8番8号,,33.949043,131.280472,,,"0836-
38-3800",,,,"社会福祉法人
大学院幼児園",,120,,,,,,,,
350001,3500155359,山口県,,琴崎保育園,コトザキホイクエン,認可私立保育所,宇部市上宇部571番地2,,33.972401,131.272385,,,"0836-
21-7775",,,,"社会福祉法人
琴崎保育会",,170,,,,,,,,
350001,3500155360,山口県,,みのり保育園,ミノリホイクエン,認可私立保育所,山口市芝崎町8－1,,34.190418,131.489197,,,083-902-1666,,,,社会福祉法人島地保育園,,60,,,,,,,,
350001,3500155361,山口県,,波木保育園,ナミキホイクエン,認可私立保育所,宇部市東岐波5587番地2,,33.973625,131.336716,,,"0836-
58-2149",,,,"社会福祉法人
波木保育園",,60,,,,,,,,
350001,3500155362,山口県,,第二波木保育園,ダイニナミキホイクエン,認可私立保育所,宇部市開六丁目17番7号,,33.959438,131.277771,,,"0836-
21-2941",,,,"社会福祉法人
波木保育園",,30,,,,,,,,
350001,3500155363,山口県,,新神原保育園,シンカミハラホイクエン,認可私立保育所,宇部市東本町二丁目1番1号,,33.948517,131.247849,,,"0836-
32-0509",,,,"社会福祉法人
新神原保育園",,90,,,,,,,,
350001,3500155364,山口県,,桃山保育園,モモヤマホイクエン,認可私立保育所,宇部市西小串五丁目6番14-8,,33.965519,131.24469,,,"0836-
32-2598",,,,"社会福祉法人
みのり園",,90,,,,,,,,
350001,3500155365,山口県,,萩原保育園,ハギハラホイクエン,認可私立保育所,宇部市今村北五丁目2-32,,33.958675,131.303696,,,"0836-
51-3429",,,,"社会福祉法人
有倫館",,30,,,,,,,,
350001,3500155366,山口県,,藤山保育園,フジヤマホイクエン,認可私立保育所,宇部市西平原二丁目9番15号,,33.975758,131.223434,,,"0836-
33-8861",,,,"社会福祉法人
藤山保育園",,130,,,,,,,,
350001,3500155367,山口県,,東割保育園,ヒガシワリホイクエン,認可私立保育所,宇部市妻崎開作246番地5,,33.978664,131.215698,,,"0836-
41-9575",,,,"社会福祉法人
東割保育会",,130,,,,,,,,
350001,3500155368,山口県,,小羽山保育園,オバヤマホイクエン,認可私立保育所,宇部市南小羽山一丁目5番6号,,33.973644,131.256119,,,"0836-
31-3150",,,,"社会福祉法人
紹隆会",,110,,,,,,,,
350001,3500155369,山口県,,二俣瀬保育園,フタマタセホイクエン,認可私立保育所,宇部市木田29番地2,,34.064102,131.281021,,,"0836-
62-1205",,,,"社会福祉法人
明照福祉会",,30,,,,,,,,
350001,3500155370,山口県,,丸尾原保育園,マルオバラホイクエン,認可私立保育所,宇部市東岐波4364番地2,,33.96608,131.346085,,,"0836-
58-5377",,,,"社会福祉法人
松涛会",,50,,,,,,,,
350001,3500155371,山口県,,もみじ保育園,モミジホイクエン,認可外保育所,岩国市南岩国町4丁目59-6,,34.131039,132.197083,,,0827-34-1877,,,,,,12,6か月～5歳,,7:00,19:00,,有,,
350001,3500155372,山口県,,めぐみ保育園,メグミホイクエン,認可私立保育所,宇部市東小羽山町二丁目5番7号,,33.981224,131.261063,,,"0836-
22-1151",,,,"社会福祉法人
白光会",,60,,,,,,,,
350001,3500155373,山口県,,ぱんだ保育園,パンダホイクエン,認可私立保育所,宇部市あすとぴあ七丁目1番1号,,33.980404,131.296555,,,"0836-
53-5000",,,,"社会福祉法人
アスワン山荘",,60,,,,,,,,
350001,3500155374,山口県,,山口保育園,ヤマグチホイクエン,認可公立保育所,山口市旭通り一丁目6-19,,34.168545,131.470978,,,"083-
922-0354",,,,山口市,,150,,,,,,,,
350001,3500155375,山口県,,小郡保育園,オゴオリホイクエン,認可公立保育所,山口市小郡下郷1628-18,,34.09761,131.399567,,,"083-
973-0340",,,,山口市,,90,,,,,,,,
350001,3500155376,山口県,,陶保育園,スエホイクエン,認可公立保育所,山口市陶4666-1,,34.093872,131.414902,,,"083-
972-0936",,,,山口市,,80,,,,,,,,
350001,3500155377,山口県,,あじす保育園,アジスホイクエン,認可公立保育所,山口市阿知須2735-1,,34.016357,131.343506,,,"0836-
65-2117",,,,山口市,,120,,,,,,,,
350001,3500155378,山口県,,堀保育園,ホリホイクエン,認可公立保育所,山口市徳地堀1616,,34.189011,131.636612,,,"0835-
52-0266",,,,山口市,,20,,,,,,,,
350001,3500155379,山口県,,小郡上郷保育園,オゴオリカミゴウホイクエン,認可公立保育所,山口市小郡新町一丁目18-27,,34.113533,131.397278,,,"083-
973-2561",,,,山口市,,140,,,,,,,,
350001,3500155380,山口県,,東山保育園,ヒガシヤマホイクエン,認可公立保育所,山口市東山二丁目2-27,,34.176369,131.481735,,,"083-
922-3850",,,,山口市,,120,,,,,,,,
350001,3500155381,山口県,,大内保育園,オオウチホイクエン,認可公立保育所,山口市大内矢田北三丁目4－23,,34.157784,131.503052,,,"083-
927-0001",,,,山口市,,120,,,,,,,,
350001,3500155382,山口県,,楠木保育園,クスノキホイクエン,認可公立保育所,山口市楠木町1-44,,34.170403,131.454529,,,"083-
923-1722",,,,山口市,,120,,,,,,,,
350001,3500155383,山口県,,三の宮保育園,サンノミヤホイクエン,認可公立保育所,山口市芝崎町9-73,,34.188396,131.489548,,,"083-
924-0327",,,,山口市,,110,,,,,,,,
350001,3500155384,山口県,,山口第二保育園,ヤマグチダイニホイクエン,認可公立保育所,山口市三和町9-2,,34.168274,131.469452,,,"083-
925-2181",,,,山口市,,40,,,,,,,,
350001,3500155385,山口県,,三つ葉保育園,ミツバホイクエン,認可私立保育所,山口市嘉川1410-1,,34.077679,131.378555,,,"083-
989-4485",,,,南　　寛正,,50,,,,,,,,
350001,3500155386,山口県,,花尾保育園,ハナオホイクエン,認可私立保育所,山口市徳地島地354,,34.16304,131.691879,,,"0835-
54-0210",,,,"社会福祉法人
花尾保育会",,20,,,,,,,,
350001,3500155387,山口県,,秋穂保育園,アイオホイクエン,認可私立保育所,山口市秋穂東900-7,,34.034588,131.463455,,,"083-
984-2557",,,,"社会福祉法人
秋穂保育会",,50,,,,,,,,
350001,3500155388,山口県,,"愛児園乳児
保育所",アイジエンニュウジホイクショ,認可私立保育所,山口市大手町6-17,,34.183735,131.473404,,,"083-
922-7126",,,,"社会福祉法人
吉敷愛児園",,60,,,,,,,,
350001,3500155389,山口県,,"愛児園湯田
保育所",アイジエンユダホイクショ,認可私立保育所,山口市富田原町42-4,,34.160702,131.463989,,,"083-
922-6545",,,,"社会福祉法人
吉敷愛児園",,210,,,,,,,,
350001,3500155390,山口県,,島地保育園,シマジホイクエン,認可私立保育所,山口市徳地島地255-1,,34.16304,131.691879,,,"0835-
54-0563",,,,"社会福祉法人
島地保育園",,60,,,,,,,,
350001,3500155391,山口県,,"愛児園平川
保育所",アイジエンヒラカワホイクショ,認可私立保育所,山口市吉田3050,,34.144775,131.461807,,,"083-
925-4997",,,,"社会福祉法人
吉敷愛児園",,150,,,,,,,,
350001,3500155392,山口県,,おおとり保育園,オオトリホイクエン,認可私立保育所,山口市維新公園五丁目10-1,,34.161575,131.433548,,,"083-
933-0660",,,,"社会福祉法人
吉敷愛児園",,150,,,,,,,,
350001,3500155393,山口県,,もみじ保育園,モミジホイクエン,,岩国市南岩国町4-59-6,,34.131039,132.197083,,,0827-34-1877,,,,有限会社　岩国メディカルサポート,,6,,,,,,,,
350001,3500155394,山口県,,嘉川保育園,カガワホイクエン,認可私立保育所,山口市江崎2712-1,,34.057693,131.366196,,,"083-
989-3518",,,,"社会福祉法人
百華児童苑",,110,,,,,,,,
350001,3500155395,山口県,,さやま保育園,サヤマホイクエン,認可私立保育所,山口市佐山2793,,34.037083,131.357468,,,"083-
989-3013",,,,"社会福祉法人
であいの里",,120,,,,,,,,
350001,3500155396,山口県,,大内光輪保育園,オオウチコウリンホイクエン,認可私立保育所,山口市大内問田四丁目9-13,,34.151493,131.485809,,,"083-
934-5570",,,,"社会福祉法人
百華児童苑",,150,,,,,,,,
350001,3500155397,山口県,,大海保育園,オオウミホイクエン,認可私立保育所,山口市秋穂東978-1,,34.014809,131.452942,,,"083-
984-2241",,,,"社会福祉法人
徳寿会",,60,,,,,,,,
350001,3500155398,山口県,,"大内すこやか
保育園",オオウチスコヤカホイクエン,認可私立保育所,山口市大内矢田北三丁目22-11,,34.155495,131.503738,,,"083-
941-1150",,,,"社会福祉法人
光善会",,90,,,,,,,,
350001,3500155399,山口県,,めばえ保育園,メバエホイクエン,認可私立保育所,山口市矢原887-6,,34.156143,131.445297,,,"083-
928-6278",,,,"社会福祉法人
育慈会",,150,,,,,,,,
350001,3500155400,山口県,,"とものその
保育園",トモノソノホイクエン,認可私立保育所,山口市朝田510-1,,34.150616,131.436615,,,"083-
934-0415",,,,"社会福祉法人
同朋福祉会",,130,,,,,,,,
350001,3500155401,山口県,,"大内なかよし
こども園",オオウチナカヨシコドモエン,認可私立保育所,山口市大内長野1573-1,,34.163776,131.514771,,,"083-
902-3366",,,,"社会福祉法人
光善会",,90,,,,,,,,
350001,3500155402,山口県,,"きらきら星
保育園",キラキラボシホイクエン,認可私立保育所,山口市大内長野521-1,,34.160595,131.526459,,,"083-
927-5023",,,,"社会福祉法人
育慈会",,120,,,,,,,,
350001,3500155403,山口県,,"はあと保育園
新山口",ハアトホイクエン,認可私立保育所,山口市小郡平成町1-20,,34.088314,131.400269,,,083-976-2460,,,,"社会福祉法人
青藍会",,120,,,,,,,,
350001,3500155404,山口県,,"はあと保育園

中央",ハアトホイクエンチュウオウ,認可私立保育所,山口市神田町4-22,,34.172981,131.456573,,,083-941-5580,,,,"社会福祉法人
青藍会",,120,,,,,,,,
350001,3500155405,山口県,,花尾第二保育園,ハナオダイニホイクエン,認可私立保育所,山口市江良二丁目１-17,,34.191113,131.484314,,,083-922-7801,,,,"社会福祉法人
花尾保育会",,20,,,,,,,,
350001,3500155406,山口県,,"愛児園みやのの森
保育園",アイジエンミヤノノモリホイクエン,認可私立保育所,山口市宮野下953,,34.187157,131.49913,,,083-932-8787,,,,"社会福祉法人
吉敷愛児園",,80,,,,,,,,
350001,3500155407,山口県,,"夢の星保育園
大内園",ユメノホシホイクエンオオウチエン,認可私立保育所,山口市大内長野1061-3,,34.160595,131.526459,,,083-927-3375,,,,"社会福祉法人
育慈会",,90,,,,,,,,
350001,3500155408,山口県,,"夢の星保育園
穂積園",ユメノホシホイクエンホヅミエン,認可私立保育所,山口市穂積町731-1,,34.155128,131.455597,,,083-921-3556,,,,"社会福祉法人
育慈会",,90,,,,,,,,
350001,3500155409,山口県,,ルンビニ保育園,ルンビニホイクエン,認可私立保育所,岩国市玖珂町5950-2,,34.100464,132.092773,,,"0827-
82-4117",,,,森　慶樹,,60,,,,,,,,
350001,3500155410,山口県,,あさひ小郡保育園,アサヒオゴオリホイクエン,認可私立保育所,山口市小郡下郷313-2,,34.106709,131.398026,,,083-902-2325,,,,"社会福祉法人
向学会",,90,,,,,,,,
350001,3500155411,山口県,,"萩市
須佐保育園",ハギシスサホイクエン,認可公立保育所,萩市大字須佐5200番地4,,34.62389,131.623734,,,"08387-
6-2120",,,,萩市,,40,,,,,,,,
350001,3500155412,山口県,,"萩市
田万川保育園",ハギシタマガワホイクエン,認可公立保育所,萩市大字江崎522番地,,34.645512,131.634171,,,"08387-
2-0055",,,,萩市,,90,,,,,,,,
350001,3500155413,山口県,,"萩市
越ケ浜保育園",ハギシコシガハマホイクエン,認可公立保育所,萩市大字椿東1189番地361,,34.447624,131.407471,,,"0838-
25-0249",,,,萩市,,80,,,,,,,,
350001,3500155414,山口県,,"萩市
椿保育園",ハギシツバキホイクエン,認可公立保育所,萩市大字椿2794番地,,34.397221,131.402878,,,"0838-
25-2270",,,,萩市,,80,,,,,,,,
350001,3500155415,山口県,,"萩市
三見保育園",ハギシサンミホイクエン,認可公立保育所,萩市三見3099番地,,34.387905,131.340515,,,"0838-
27-0036",,,,萩市,,30,,,,,,,,
350001,3500155416,山口県,,"萩市
福川保育園",ハギシフクガワホイクエン,認可公立保育所,萩市大字福井下4015番地,,34.417358,131.475433,,,"0838-
52-0115",,,,萩市,,30,,,,,,,,
350001,3500155417,山口県,,"萩市
紫福保育園",ハギシシブキホイクエン,認可公立保育所,萩市大字紫福3356番地,,34.473858,131.522369,,,"0838-
53-0019",,,,萩市,,30,,,,,,,,
350001,3500155418,山口県,,"萩市
椿東保育園",ハギシチントウホイクエン,認可公立保育所,萩市大字椿東４５０４番地,,34.42234,131.414688,,,"0838-
22-0147",,,,萩市,,130,,,,,,,,
350001,3500155419,山口県,,"萩市
川上保育園",ハギシカワカミホイクエン,認可公立保育所,萩市川上4533番地1,,34.35368,131.495499,,,"0838-
54-2022",,,,萩市,,30,,,,,,,,
350001,3500155420,山口県,,"萩市
あさひ保育園",ハギシアサヒホイクエン,認可公立保育所,萩市大字明木2906番地,,34.317074,131.413254,,,"0838-
55-0755",,,,萩市,,60,,,,,,,,
350001,3500155421,山口県,,"萩市
山田保育園",ハギシヤマダホイクエン,認可公立保育所,萩市大字山田4253番地,,34.403774,131.384354,,,"0838-
22-1256",,,,萩市,,90,,,,,,,,
350001,3500155422,山口県,,"萩市
むつみ保育園",ハギシムツミホイクエン,認可公立保育所,萩市大字吉部上3170番地1,,34.444626,131.588745,,,"08388-
6-5400",,,,萩市,,45,,,,,,,,
350001,3500155423,山口県,,日の丸保育園,ヒノマルホイクエン,認可私立保育所,萩市恵美須町102番地,,34.413822,131.39711,,,0838-25-2143,,,,"社会福祉法人
日の丸保育園",,170,,,,,,,,
350001,3500155424,山口県,,住の江保育園,スミノエホイクエン,認可私立保育所,萩市大字浜崎町240番地,,34.42001,131.399841,,,"0838-
24-3060",,,,"社会福祉法人
住の江保育園",,115,,,,,,,,
350001,3500155425,山口県,,春日保育園,カスガホイクエン,認可私立保育所,萩市大字堀内325番地10,,34.410404,131.39003,,,"0838-
25-2470",,,,"社会福祉法人
春日福祉会",,70,,,,,,,,
350001,3500155426,山口県,,大島保育園,オオシマホイクエン,認可私立保育所,萩市大字大島211番地,,34.501541,131.410446,,,"0838-
28-0691",,,,"社会福祉法人
萩市
社会福祉協議会",,20,,,,,,,,
350001,3500155427,山口県,,"防府市立
宮市保育所",ホウフシリツミヤイチホイクショ,認可公立保育所,防府市本橋町18-1,,34.065907,131.566635,,,"0835-
23-5615",,,,防府市,,90,,,,,,,,
350001,3500155428,山口県,,"防府市立
江泊保育所",ホウフシリツエドマリホイクショ,認可公立保育所,防府市大字江泊1068,,34.043896,131.612091,,,"0835-
38-3844",,,,防府市,,60,,,,,,,,
350001,3500155429,山口県,,華陽保育園,カヨウホイクエン,認可私立保育所,防府市大字田島716-5,,34.024731,131.561386,,,"0835-
22-0003",,,,"社会福祉法人
華陽会",,90,,,,,,,,
350001,3500155430,山口県,,"
三田尻保育所",ミタジリホイクショ,認可私立保育所,防府市岡村町9-9,,34.045494,131.57019,,,"0835-
22-1146",,,,"社会福祉法人　
恵日会",,100,,,,,,,,
350001,3500155431,山口県,,西浦保育園,ニシノウラホイクエン,認可私立保育所,防府市大字西浦1731,,34.022141,131.524155,,,"0835-
29-0018",,,,"社会福祉法人
西浦保育園",,90,,,,,,,,
350001,3500155432,山口県,,牟礼保育園,ムレホイクエン,認可私立保育所,防府市牟礼今宿二丁目13-25,,34.053715,131.6035,,,"0835-
38-0768",,,,"社会福祉法人
牟礼会",,150,,,,,,,,
350001,3500155433,山口県,,ルンビニ保育園,ルンビニホイクエン,認可私立保育所,柳井市柳井2202-2,,33.968906,132.119827,,,"0820-
22-1078",,,,"社会福祉法人
文殊会",,100,,,,,,,,
350001,3500155434,山口県,,勝間保育園,カツマホイクエン,認可私立保育所,防府市東三田尻1丁目8-1,,34.047604,131.574677,,,"0835-
22-7112",,,,"社会福祉法人
恵日会",,120,,,,,,,,
350001,3500155435,山口県,,小野保育園,オノホイクエン,認可私立保育所,宇部市小野8298番地1,,34.117241,131.334793,,,"0836-
64-2114",,,,"社会福祉法人
育修会",,20,,,,,,,,
350001,3500155436,山口県,,華城保育園,ハナギホイクエン,認可私立保育所,防府市伊佐江町11-40,,34.046921,131.549805,,,"0835-
23-3185",,,,"社会福祉法人
華城保育園",,120,,,,,,,,
350001,3500155437,山口県,,西佐波保育園,ニシサバホイクエン,認可私立保育所,防府市高倉1丁目16-10,,34.055294,131.556824,,,"0835-
23-5538",,,,"社会福祉法人
みどり会",,150,,,,,,,,
350001,3500155438,山口県,,妙蓮寺保育園,ミョウレンジホイクエン,認可私立保育所,防府市大字台道5381,,34.052521,131.480865,,,"0835-
33-0066",,,,"社会福祉法人
妙蓮寺保育園",,70,,,,,,,,
350001,3500155439,山口県,,東牟礼保育園,ヒガシムレホイクエン,認可私立保育所,防府市大字牟礼836-3,,34.065125,131.611771,,,"0835-
38-1206",,,,"社会福祉法人
牟礼会",,80,,,,,,,,
350001,3500155440,山口県,,新田保育園,シンデンホイクエン,認可私立保育所,防府市大字新田847-2,,34.031296,131.565704,,,"0835-
23-8558",,,,"社会福祉法人
華陽会",,100,,,,,,,,
350001,3500155441,山口県,,"
西須賀保育所",ニシスガホイクショ,認可私立保育所,防府市大字新田1204-3,,34.027596,131.569016,,,"0835-
24-0972",,,,"社会福祉法人
華陽会",,90,,,,,,,,
350001,3500155442,山口県,,小野保育園,オノホイクエン,認可私立保育所,防府市大字奈美750-1,,34.133392,131.587479,,,"0835-
36-0011",,,,"社会福祉法人
小野保育協議会",,50,,,,,,,,
350001,3500155443,山口県,,玉祖保育園,タマノヤホイクエン,認可私立保育所,防府市大字佐野362,,34.055721,131.525726,,,"0835-
23-2808",,,,"社会福祉法人
わかば会",,120,,,,,,,,
350001,3500155444,山口県,,向島保育園,ムコウシマホイクエン,認可私立保育所,防府市大字向島806-12,,34.017887,131.578537,,,"0835-
22-1797",,,,"社会福祉法人
向島保育協議会",,50,,,,,,,,
350001,3500155445,山口県,,右田保育園,ミギタホイクエン,認可私立保育所,防府市大字下右田390-1,,34.07251,131.556458,,,"0835-
24-4936",,,,"社会福祉法人
慈恩会",,90,,,,,,,,
350001,3500155446,山口県,,"下松市立
潮音保育園",クダマツシリツシオネホイクエン,認可公立保育所,下松市潮音町4丁目2-1,,34.022545,131.848801,,,"0833-
41-0978",,,,下松市,,110,,,,,,,,
350001,3500155447,山口県,,"下松市立
あおば保育園",クダマツシリツアオバホイクエン,認可公立保育所,下松市楠木町1丁目11-11,,34.020359,131.863785,,,"0833-
41-0225",,,,下松市,,170,,,,,,,,
350001,3500155448,山口県,,愛隣幼児学園,アイリンヨウジガクエン,認可私立保育所,下松市潮音町1丁目7-15,,34.017578,131.854584,,,"0833-
41-0735",,,,"社会福祉法人
愛育会",,90,,,,,,,,
350001,3500155449,山口県,,双葉保育園,フタバホイクエン,認可私立保育所,宇部市東岐波458番地2,,33.988514,131.350449,,,"0836-
58-3501",,,,"社会福祉法人
三光会",,60,,,,,,,,
350001,3500155450,山口県,,双葉保育園,フタバホイクエン,認可私立保育所,防府市警固町2丁目7-49,,34.051289,131.583755,,,"0835-
23-2831",,,,"社会福祉法人
双葉保育園",,60,,,,,,,,
350001,3500155451,山口県,,あい保育園潮音,アイホイクエンシオネ,認可私立保育所,下松市潮音町3丁目12-15,,34.022678,131.849823,,,0833-48-8408,,,,株式会社アイグラン,,90,,,,,,,,
350001,3500155452,山口県,,あい保育園宮前,アイホイクエンミヤマエ,認可私立保育所,下松市東豊井1507-2,,34.006252,131.87413,,,"0833-
48-5372",,,,株式会社アイグラン,,130,,,,,,,,
350001,3500155453,山口県,,花岡保育園,ハナオカホイクエン,認可私立保育所,下松市大字生野屋414-1,,34.038902,131.884964,,,"0833-
43-8138",,,,"社会福祉法人
孝志会",,120,,,,,,,,
350001,3500155454,山口県,,くぼ保育園,クボホイクエン,認可私立保育所,下松市大字山田229-1,,34.047009,131.906265,,,0833-48-5391,,,,"社会福祉法人
孝志会",,90,,,,,,,,
350001,3500155455,山口県,,"ニチイキッズ
下松清瀬保育園",ニチイキッズクダマツキヨセホイクエン,認可私立保育所,下松市清瀬町3-1-1,,34.030827,131.85495,,,0833-48-9541,,,,"株式会社
ニチイ学館",,87,,,,,,,,
350001,3500155456,山口県,,"岩国市立
かわしも保育園",イワクニシリツカワシモホイクエン,認可公立保育所,岩国市中津町2丁目7-20,,34.151661,132.216034,,,"0827-
21-1657",,,,岩国市,,90,,,,,,,,
350001,3500155457,山口県,,"岩国市立
わかば保育園",イワクニシリツワカバホイクエン,認可公立保育所,岩国市周東町上久原1100-1,,34.078865,132.064896,,,"0827-
84-2932",,,,岩国市,,50,,,,,,,,
350001,3500155458,山口県,,"岩国市立
そお保育園",イワクニシリツソオホイクエン,認可公立保育所,岩国市周東町祖生4504-4,,34.073578,132.115616,,,"0827-
85-0046",,,,岩国市,,20,,,,,,,,
350001,3500155459,山口県,,"岩国市立
ほんごう保育園",イワクニシリツホンゴウホイクエン,認可公立保育所,岩国市本郷町本郷2058-1,,34.290527,132.043274,,,"0827-
75-2658",,,,岩国市,,20,,,,,,,,
350001,3500155460,山口県,,"岩国市立
ひがし保育園",イワクニシリツヒガシホイクエン,認可公立保育所,岩国市桂町2丁目4-56,,34.17141,132.233383,,,"0827-
21-0854",,,,岩国市,,130,,,,,,,,
350001,3500155461,山口県,,"岩国市立
くろいそ保育園",イワクニシリツクロイソホイクエン,認可公立保育所,岩国市黒磯町2丁目47-43,,34.104225,132.193436,,,"0827-
31-6330",,,,岩国市,,70,,,,,,,,
350001,3500155462,山口県,,"岩国市立
ながの保育園",イワクニシリツナガノホイクエン,認可公立保育所,岩国市周東町下須通429-3,,34.092705,132.01265,,,"0827-
84-3665",,,,岩国市,,20,,,,,,,,
350001,3500155463,山口県,,"岩国市立
えきまえ保育園",イワクニシリツエキマエホイクエン,認可公立保育所,岩国市麻里布町7丁目1-5,,34.171234,132.218994,,,"0827-
22-5830",,,,岩国市,,90,,,,,,,,
350001,3500155464,山口県,,万行寺保育園,マンギョウジホイクエン,認可私立保育所,岩国市楠町3丁目7-21,,34.155365,132.210236,,,"0827-
22-5215",,,,"社会福祉法人
万行寺福祉会",,80,,,,,,,,
350001,3500155465,山口県,,常照保育園,ジョウショウホイクエン,認可私立保育所,岩国市門前町2丁目28-15,,34.149132,132.210709,,,"0827-
32-6045",,,,"社会福祉法人
錦水会",,130,,,,,,,,
350001,3500155466,山口県,,玖珂保育園,クガホイクエン,認可私立保育所,岩国市玖珂町807,,34.100464,132.092773,,,"0827-
82-2363",,,,"社会福祉法人
蓮の実会",,110,,,,,,,,
350001,3500155467,山口県,,海土路保育園,ミドロホイクエン,認可私立保育所,岩国市海土路町2丁目2-5,,34.128872,132.19397,,,"0827-
31-7502",,,,"社会福祉法人
錦水会",,120,,,,,,,,
350001,3500155468,山口県,,東光保育園,トウコウホイクエン,認可私立保育所,下関市赤間町3-12,,33.959656,130.942719,,,"083-
223-7330",,,,渡辺久世,,80,,,,,,,,
350001,3500155469,山口県,,由宇保育園,ユウホイクエン,認可私立保育所,岩国市由宇町南2丁目10-17,,34.043644,132.209229,,,"0827-
63-0303",,,,"社会福祉法人
伸陽会",,60,,,,,,,,
350001,3500155470,山口県,,曙保育園,アケボノホイクエン,認可私立保育所,岩国市錦見2丁目11-30,,34.164673,132.195084,,,"0827-
41-1226",,,,"社会福祉法人
曙保育園",,90,,,,,,,,
350001,3500155471,山口県,,東光保育園,トウコウホイクエン,認可私立保育所,光市木園1丁目11-2,,33.976719,131.928879,,,"0833-
71-1449",,,,"社会福祉法人
東光福祉会",,225,,,,,,,,
350001,3500155472,山口県,,ひかり保育園,ヒカリホイクエン,認可私立保育所,岩国市小瀬294-4,,34.212513,132.177551,,,"0827-
52-3872",,,,"社会福祉法人
光教会",,30,,,,,,,,
350001,3500155473,山口県,,麻里布保育園,マリフホイクエン,認可私立保育所,岩国市立石町3丁目3-24,,34.176495,132.224655,,,"0827-
22-8208",,,,"社会福祉法人
麻里布保育園",,70,,,,,,,,
350001,3500155474,山口県,,ひろせ保育園,ヒロセホイクショ,認可私立保育所,岩国市錦町広瀬6570,,34.274345,131.921814,,,"0827-
72-2343",,,,"社会福祉法人
すくすくパートナー",,30,,,,,,,,
350001,3500155475,山口県,,称光寺保育園,ショウコウジホイクエン,認可私立保育所,岩国市今津町6丁目13-13,,34.161198,132.210892,,,"0827-
22-7358",,,,"社会福祉法人
称光寺保育園",,90,,,,,,,,
350001,3500155476,山口県,,錦南保育園,キンナンホイクエン,認可私立保育所,岩国市牛野谷町3丁目29-11,,34.153099,132.202408,,,"0827-
31-3233",,,,"社会福祉法人
錦水会",,70,,,,,,,,
350001,3500155477,山口県,,清華保育園,セイカホイクエン,認可私立保育所,岩国市由宇町千鳥ケ丘3丁目1-7,,34.033344,132.211975,,,"0827-
63-1222",,,,"社会福祉法人
清光会",,60,,,,,,,,
350001,3500155478,山口県,,二葉保育園,フタバホイクエン,認可私立保育所,下関市大字永田郷1790,,34.088142,130.896622,,,"083-
286-2003",,,,"社会福祉法人
浄光会",,80,,,,,,,,
350001,3500155479,山口県,,リボン保育園,リボンホイクエン,認可私立保育所,岩国市川西1丁目7-5,,34.161488,132.175812,,,"0827-
41-0190",,,,"社会福祉法人
立正たちばな会",,60,,,,,,,,
350001,3500155480,山口県,,二葉保育園,フタバホイクエン,認可私立保育所,宇部市西宇部北二丁目5番60号,,34.003986,131.222305,,,"0836-
41-8038",,,,"社会福祉法人
二葉保育園",,150,,,,,,,,
350001,3500155481,山口県,,たかもり本陣保育園,タカモリホンジｊンホイクエン,認可私立保育所,岩国市周東町下久原1265-1,,34.089565,132.050415,,,"0827-
83-0011",,,,"社会福祉法人
すくすくパートナー",,110,,,,,,,,
350001,3500155482,山口県,,"光市立
大和保育園",ヒカリシリツヤマトホイクエン,認可公立保育所,光市大字三輪1106,,33.976727,131.998016,,,"0820-
48-2810",,,,光市,,90,,,,,,,,
350001,3500155483,山口県,,"光市立
浅江東保育園",ヒカリシリツアサエヒガシホイクエン,認可公立保育所,光市浅江302番地1,,33.986927,131.932846,,,"0833-
72-1448",,,,光市,,110,,,,,,,,
350001,3500155484,山口県,,"光市立
浅江南保育園",ヒカリシリツアサエミナミホイクエン,認可公立保育所,光市大字浅江7丁目4-23,,33.966881,131.923645,,,"0833-
72-1449",,,,光市,,60,,,,,,,,
350001,3500155485,山口県,,"光市立
みたらい保育園",ヒカリシリツミタライホイクエン,認可公立保育所,光市室積東ノ庄30番26号,,33.932438,131.981644,,,"0833-
78-0939",,,,光市,,45,,,,,,,,
350001,3500155486,山口県,,光井保育園,ミツイホイクエン,認可私立保育所,光市光井3丁目4-1,,33.957619,131.959213,,,"0833-
71-0625",,,,"社会福祉法人
光井保育園",,110,,,,,,,,
350001,3500155487,山口県,,野原保育園,ノハラホイクエン,認可私立保育所,光市中央3丁目5-12,,33.95763,131.946487,,,"0833-
71-1085",,,,"社会福祉法人
教栄福祉会",,60,,,,,,,,
350001,3500155488,山口県,,平田保育園,ヒラタホイクエン,認可私立保育所,下松市美里町3丁目22-20,,34.023315,131.85994,,,"0833-
41-1588",,,,"社会福祉法人
愛育会",,90,,,,,,,,
350001,3500155489,山口県,,聖華保育園,セイカホイクエン,認可私立保育所,光市上島田3丁目6-1,,33.987873,131.9608,,,"0833-
77-4033",,,,"社会福祉法人
聖華保育会",,140,,,,,,,,
350001,3500155490,山口県,,室積保育園,ムロヅミホイクエン,認可私立保育所,光市室積5丁目13番27号,,33.926823,131.969391,,,"0833-
78-0047",,,,潤間淨子,,45,,,,,,,,
350001,3500155491,山口県,,松原保育園,マツバラホイクエン,認可私立保育所,光市室積新開2丁目1-17,,33.940197,131.96817,,,"0833-
78-0129",,,,"社会福祉法人
松原保育園",,80,,,,,,,,
350001,3500155492,山口県,,虹ケ丘幼児学園,ニジガオカヨウジガクエン,認可私立保育所,光市虹ケ丘4丁目22-1,,33.979519,131.912003,,,"0833-
71-0055",,,,社会福祉法人白象会,,200,,,,,,,,
350001,3500155493,山口県,,"長門市立
日置保育園",ナガトシリツヘキホイクエン,認可公立保育所,長門市日置上5926,,34.391991,131.133804,,,"0837-
37-2271",,,,長門市,,70,,,,,,,,
350001,3500155494,山口県,,"長門市立
菱海保育園",ナガトシリツヒシカイホイクエン,認可公立保育所,長門市油谷新別名10801,,34.373348,131.060364,,,"0837-
32-0029",,,,長門市,,90,,,,,,,,
350001,3500155495,山口県,,"長門市立
黄波戸保育園",ナガトシリツキワドホイクエン,認可公立保育所,長門市日置上2388-26,,34.391991,131.133804,,,"0837-
37-2248",,,,長門市,,45,,,,,,,,
350001,3500155496,山口県,,"長門市立
向津具保育園",ナガトシリツムカツクホイクエン,認可公立保育所,長門市油谷向津具上1136-26,,34.416718,130.993225,,,"0837-
34-0142",,,,長門市,,30,,,,,,,,
350001,3500155497,山口県,,"長門市立
三隅保育園",ナガトシリツミスミホイクエン,認可公立保育所,長門市三隅下473,,34.363853,131.223495,,,"0837-
43-2211",,,,長門市,,150,,,,,,,,
350001,3500155498,山口県,,"長門市立
みのり保育園",ナガトシリツミノリホイクエン,認可公立保育所,長門市西深川3766,,34.366936,131.169418,,,"0837-
22-2060",,,,長門市,,180,,,,,,,,
350001,3500155499,山口県,,みすゞ保育園,ミスゞホイクエン,認可私立保育所,長門市仙崎1263-1,,34.390873,131.196991,,,"0837-
26-1327",,,,"社会福祉法人
善隣会",,90,,,,,,,,
350001,3500155500,山口県,,柳井南保育所,ヤナイミナミホイクショ,認可公立保育所,柳井市伊保庄2530-3,,33.923649,132.12291,,,"0820-
27-0030",,,,柳井市,,60,,,,,,,,
350001,3500155501,山口県,,大畠保育所,オオバタケホイクショ,認可公立保育所,柳井市神代2966-25,,33.980316,132.183746,,,"0820-
45-2619",,,,柳井市,,60,,,,,,,,
350001,3500155502,山口県,,放光保育園,ホウコウホイクエン,認可私立保育所,柳井市柳井津308-4,,33.966961,132.111694,,,"0820-
22-0427",,,,"社会福祉法人
放光福祉会",,100,,,,,,,,
350001,3500155503,山口県,,余田保育園,ヨタホイクエン,認可私立保育所,柳井市余田松堂1418,,33.98584,132.067093,,,"0820-
22-2410",,,,"社会福祉法人
余田保育園",,60,,,,,,,,
350001,3500155504,山口県,,伊陸保育園,イカチホイクエン,認可私立保育所,柳井市伊陸6215-2,,34.024647,132.101639,,,"0820-
26-0825",,,,"社会福祉法人
最勝会",,40,,,,,,,,
350001,3500155505,山口県,,平田保育園,ヒラタホイクエン,認可私立保育所,岩国市平田6丁目4-20,,34.141293,132.186615,,,"0827-
31-7271",,,,"社会福祉法人
平田保育園",,90,,,,,,,,
350001,3500155506,山口県,,羽仁保育園,ハニホイクエン,認可私立保育所,柳井市古開作962-5,,33.960915,132.097183,,,"0820-
23-2625",,,,"社会福祉法人
羽仁保育園",,60,,,,,,,,
350001,3500155507,山口県,,新庄保育園,シンジョウホイクエン,認可私立保育所,柳井市新庄2628-1,,33.969097,132.09053,,,"0820-
23-0491",,,,"社会福祉法人
新庄保育園",,60,,,,,,,,
350001,3500155508,山口県,,ひづみ保育園,ヒヅミホイクエン,認可私立保育所,柳井市日積5551-1,,34.00214,132.161804,,,"0820-
28-0428",,,,"社会福祉法人
ひづみ保育園",,30,,,,,,,,
350001,3500155509,山口県,,若葉保育園,ワカバホイクエン,認可私立保育所,柳井市柳井4395-1,,33.983276,132.102737,,,"0820-
22-1178",,,,"社会福祉法人
八波会",,120,,,,,,,,
350001,3500155510,山口県,,"ルンビニ
第二保育園",ルンビニダイニホイクエン,認可私立保育所,柳井市柳井961-1,,33.961395,132.132172,,,"0820-
22-9900",,,,"社会福祉法人
文殊会",,100,,,,,,,,
350001,3500155511,山口県,,厚保保育園,アツホイクエン,認可公立保育所,美祢市西厚保町本郷618,,34.101791,131.147842,,,"0837-
58-0014",,,,美祢市,,60,,,,,,,,
350001,3500155512,山口県,,大田保育園,オオダホイクエン,認可公立保育所,美祢市美東町大田6225-1,,34.232838,131.357422,,,"08396-
2-0126",,,,美祢市,,60,,,,,,,,
350001,3500155513,山口県,,伊佐保育園,イサホイクエン,認可公立保育所,美祢市伊佐町伊佐4533,,34.165989,131.22374,,,"0837-
52-0151",,,,美祢市,,60,,,,,,,,
350001,3500155514,山口県,,秋吉保育園,アキヨシホイクエン,認可公立保育所,美祢市秋芳町秋吉5320-1,,34.212521,131.293869,,,"0837-
62-0505",,,,美祢市,,90,,,,,,,,
350001,3500155515,山口県,,真長田保育園,マナガタホイクエン,認可公立保育所,美祢市美東町真名472-3,,34.158138,131.350876,,,"08396-
5-0102",,,,美祢市,,45,,,,,,,,
350001,3500155516,山口県,,秋芳桂花保育園,シュウホウケイカホイクエン,認可公立保育所,美祢市秋芳町嘉万2960-3,,34.29105,131.258026,,,"0837-
64-0945",,,,美祢市,,45,,,,,,,,
350001,3500155517,山口県,,光輪保育園,コウリンホイクエン,認可私立保育所,美祢市大嶺町北分998-2,,34.19878,131.205811,,,"0837-
52-0973",,,,"社会福祉法人
光輪福祉会",,20,,,,,,,,
350001,3500155518,山口県,,麦川保育園,ムギガワホイクエン,認可私立保育所,美祢市大嶺町奥分2058-4,,34.186558,131.164627,,,"0837-
53-2582",,,,"社会福祉法人
麦川福祉協会",,30,,,,,,,,
350001,3500155519,山口県,,南大嶺保育園,ミナミオオミネホイクエン,認可私立保育所,美祢市大嶺町西分10504-5,,34.159336,131.164856,,,"0837-
53-0161",,,,"社会福祉法人
南大嶺福祉会",,40,,,,,,,,
350001,3500155520,山口県,,吉則保育園,ヨシノリホイクエン,認可私立保育所,美祢市大嶺町東分2991-5,,34.168781,131.198685,,,"0837-
52-2529",,,,"社会福祉法人
吉則保育園",,80,,,,,,,,
350001,3500155521,山口県,,"周南市立
須々万保育園",シュウナンシリツススマホイクエン,認可公立保育所,周南市大字須々万奥737,,34.149956,131.870239,,,"0834-
88-0042",,,,周南市,,90,,,,,,,,
350001,3500155522,山口県,,"周南市立
第二保育園",シュウナンシリツダイニホイクエン,認可公立保育所,周南市岡田町2-23,,34.060802,131.80629,,,"0834-
22-8870",,,,周南市,,180,,,,,,,,
350001,3500155523,山口県,,"周南市立
三丘保育園",シュウナンシリツミツオホイクエン,認可公立保育所,周南市大字安田638-1,,34.035851,131.977264,,,"0833-
92-0055",,,,周南市,,45,,,,,,,,
350001,3500155524,山口県,,"周南市立
櫛浜保育園",シュウナンシリツクシハマホイクエン,認可公立保育所,周南市大字栗屋859-4,,34.021416,131.831818,,,"0834-
25-0202",,,,周南市,,120,,,,,,,,
350001,3500155525,山口県,,"周南市立
中須保育園",シュウナンシリツナカスホイクエン,認可公立保育所,周南市大字中須南2557-10,,34.107216,131.916412,,,"0834-
89-0072",,,,周南市,,45,,,,,,,,
350001,3500155526,山口県,,"周南市立
周央保育園",シュウナンシリツシュウオウホイクエン,認可公立保育所,周南市瀬戸見町4-1,,34.049824,131.831604,,,"0834-
28-1002",,,,周南市,,100,,,,,,,,
350001,3500155527,山口県,,"周南市立
川崎保育園",シュウナンシリツカワサキホイクエン,認可公立保育所,周南市川崎2丁目14-4,,34.07106,131.780396,,,"0834-
63-2507",,,,周南市,,60,,,,,,,,
350001,3500155528,山口県,,"周南市立
富田南保育園",シュウナンシリツトンダミナミホイクエン,認可公立保育所,周南市椎木町5-19,,34.065891,131.78212,,,"0834-
63-1849",,,,周南市,,60,,,,,,,,
350001,3500155529,山口県,,"周南市立
勝間保育園",シュウナンシリツカツマホイクエン,認可公立保育所,周南市大字呼坂418-176,,34.042976,131.948105,,,"0833-
92-0045",,,,周南市,,90,,,,,,,,
350001,3500155530,山口県,,"周南市立
尚白保育園",シュウナンシリツショウハクホイクエン,認可公立保育所,周南市新宿通6丁目1-22,,34.065468,131.798294,,,"0834-
22-8871",,,,周南市,,70,,,,,,,,
350001,3500155531,山口県,,"周南市立
大内保育園",シュウナンシリツオオウチホイクエン,認可公立保育所,周南市大内町6-15,,34.050411,131.824829,,,"0834-
28-7307",,,,周南市,,120,,,,,,,,
350001,3500155532,山口県,,"周南市立
菊川保育園",シュウナンシリツキクガワホイクエン,認可公立保育所,周南市大字下上1975-4,,34.08839,131.780273,,,"0834-
63-8408",,,,周南市,,90,,,,,,,,
350001,3500155533,山口県,,"周南市立
城ケ丘保育園",シュウナンシリツジョウガオカホイクエン,認可公立保育所,周南市城ケ丘3丁目13-6,,34.041988,131.842896,,,"0834-
28-7132",,,,周南市,,120,,,,,,,,
350001,3500155534,山口県,,遠石保育園,トイシホイクエン,認可私立保育所,周南市青山町1589,,34.043449,131.817825,,,"0834-
21-0939",,,,河村至真,,90,,,,,,,,
350001,3500155535,山口県,,徳山中央保育園,トクヤマチュウオウホイクエン,認可私立保育所,周南市平和通1丁目31,,34.050999,131.8078,,,"0834-
32-3271",,,,三戸照明,,150,,,,,,,,
350001,3500155536,山口県,,荘宮寺保育園,ソウグウジホイクエン,認可私立保育所,周南市大字富田2438,,34.076679,131.764374,,,"0834-
62-3393",,,,村岡博,,45,,,,,,,,
350001,3500155537,山口県,,和光保育園,ワコウホイクエン,認可私立保育所,下関市大平町10-20,,33.961452,130.918457,,,"083-
222-0783",,,,"宗教法人
了圓寺",,90,,,,,,,,
350001,3500155538,山口県,,和光保育園,ワコウホイクエン,認可私立保育所,下松市大字河内字八口2736-1,,34.025684,131.878937,,,"0833-
43-8427",,,,"社会福祉法人
和光保育園",,90,,,,,,,,
350001,3500155539,山口県,,こもれび保育園,コモレビホイクエン,認可私立保育所,周南市中央町2-12,,34.070881,131.765747,,,"0834-
64-3233",,,,"社会福祉法人
岳陽会",,90,,,,,,,,
350001,3500155540,山口県,,和光保育園,ワコウホイクエン,認可私立保育所,周南市遠石1丁目10-1,,34.04055,131.820892,,,"0834-
31-4887",,,,"社会福祉法人
和光保育園",,130,,,,,,,,
350001,3500155541,山口県,,あい保育園新宿通,アイホイクエンシンジュクドオリ,認可私立保育所,周南市新宿通5丁目5-34,,34.064465,131.801163,,,"0834-
34-1020",,,,"株式会社
アイグラン",,120,,,,,,,,
350001,3500155542,山口県,,わかやま保育園,ワカヤマホイクエン,認可私立保育所,周南市上迫町9-3,,34.079708,131.732788,,,"0834-
64-1601",,,,"社会福祉法人
薫風会",,90,,,,,,,,
350001,3500155543,山口県,,日の出保育園,ヒノデホイクエン,認可公立保育所,山陽小野田市日の出二丁目5-28,,34.0061,131.179688,,,"0836-
83-2712",,,,山陽小野田市,,120,,,,,,,,
350001,3500155544,山口県,,下津保育園,シモツホイクエン,認可公立保育所,山陽小野田市大字郡2045-1,,34.044861,131.154373,,,"0836-
72-0340",,,,山陽小野田市,,60,,,,,,,,
350001,3500155545,山口県,,厚陽保育園,コウヨウホイクエン,認可公立保育所,山陽小野田市大字郡3510,,34.017956,131.140182,,,"0836-
74-8411",,,,山陽小野田市,,60,,,,,,,,
350001,3500155546,山口県,,津布田保育園,ツブタホイクエン,認可公立保育所,山陽小野田市大字津布田1066,,34.022762,131.121124,,,"0836-
76-0332",,,,山陽小野田市,,45,,,,,,,,
350001,3500155547,山口県,,出合保育園,デアイホイクエン,認可公立保育所,山陽小野田市大字山野井2746-3,,34.06731,131.132889,,,"0836-
73-1332",,,,山陽小野田市,,120,,,,,,,,
350001,3500155548,山口県,,姫井保育園,ヒメイホイクエン,認可私立保育所,山陽小野田市大字小野田7301,,33.999416,131.189178,,,"0836-
83-2371",,,,"社会福祉法人
労道社",,90,,,,,,,,
350001,3500155549,山口県,,焼野保育園,ヤケノホイクエン,認可私立保育所,山陽小野田市大字小野田612-2,,33.948601,131.171997,,,"0836-
88-0514",,,,"社会福祉法人
焼野保育園",,130,,,,,,,,
350001,3500155550,山口県,,桃太郎園,モモタロウエン,認可私立保育所,山陽小野田市大字埴生1903-1,,34.054516,131.084152,,,"0836-
76-0157",,,,山賀薫子,,45,,,,,,,,
350001,3500155551,山口県,,さくら保育園,サクラホイクエン,認可私立保育所,山陽小野田市赤崎二丁目1-28,,33.963322,131.171555,,,"0836-
88-0388",,,,"社会福祉法人
さくら保育園",,100,,,,,,,,
350001,3500155552,山口県,,貞源寺保育園,テイゲンジホイクエン,認可私立保育所,山陽小野田市大字郡1391,,34.022358,131.141968,,,"0836-
72-0885",,,,"社会福祉法人
山陽明照会",,60,,,,,,,,
350001,3500155553,山口県,,須恵保育園,スエホイクエン,認可私立保育所,山陽小野田市大字小野田3385-6,,33.954514,131.179947,,,"0836-
88-0250",,,,"社会福祉法人
須恵保育園",,130,,,,,,,,
350001,3500155554,山口県,,西福寺保育園,サイフクジホイクエン,認可私立保育所,山陽小野田市大字西高泊1938,,34.00045,131.16011,,,"0836-
84-4578",,,,松村 友枝,,60,,,,,,,,
350001,3500155555,山口県,,石井手保育園,イシイデホイクエン,認可私立保育所,山陽小野田市大字東高泊333,,34.012787,131.19986,,,"0836-
83-8375",,,,"社会福祉法人
石井手保育園",,120,,,,,,,,
350001,3500155556,山口県,,真珠保育園,シンジュホイクエン,認可私立保育所,山陽小野田市大字厚狭1031の1,,34.058956,131.173096,,,0836-73-0188,,,,"社会福祉法人
真珠保育園",,100,,,,,,,,
350001,3500155557,山口県,,あおい保育園,アオイホイクエン,認可私立保育所,山陽小野田市大字埴生782,,34.039066,131.091675,,,"0836-
76-1550",,,,"社会福祉法人
大乗会",,45,,,,,,,,
350001,3500155558,山口県,,伸宏保育園,シンコウホイクエン,認可私立保育所,山陽小野田市港町7番43号,,33.974625,131.177185,,,"0836-
83-3139",,,,"社会福祉法人
大樹会",,90,,,,,,,,
350001,3500155559,山口県,,貞源寺第二保育園,テイゲンジダイニホイクエン,認可私立保育所,山陽小野田市大字鴨庄132-1,,34.057255,131.162659,,,"0836-
72-0606",,,,"社会福祉法人
山陽明照会",,60,,,,,,,,
350001,3500155560,山口県,,久美保育所,クミホイクショ,認可公立保育所,大島郡周防大島町大字久賀2573-2,,33.937672,132.266953,,,"0820-
72-0520",,,,周防大島町,,20,,,,,,,,
350001,3500155561,山口県,,久賀保育園,クカホイクエン,認可私立保育所,大島郡周防大島町久賀4468,,33.937672,132.266953,,,"0820-
72-0107",,,,三谷俊雄,,70,,,,,,,,
350001,3500155562,山口県,,源空寺保育園,ゲンクウジホイクエン,認可私立保育所,大島郡周防大島町大字戸田955,,33.884708,132.200653,,,"0820-
76-0024",,,,珠山信孝,,60,,,,,,,,
350001,3500155563,山口県,,小松保育園,コマツホイクエン,認可私立保育所,大島郡周防大島町大字小松749-11,,33.938656,132.19223,,,"0820-
74-2162",,,,"社会福祉法人
清観園",,20,,,,,,,,
350001,3500155564,山口県,,西光寺保育園,サイコウジホイクエン,認可私立保育所,大島郡周防大島町大字外入1566,,33.874699,132.336548,,,"0820-
78-0053",,,,古田淳雄,,20,,,,,,,,
350001,3500155565,山口県,,森野保育園,モリノホイクエン,認可私立保育所,大島郡周防大島町大字森第589,,33.916954,132.360794,,,"0820-
78-0124",,,,桑原　　淳,,20,,,,,,,,
350001,3500155566,山口県,,浄念寺保育園,ジョウネンジホイクエン,認可私立保育所,大島郡周防大島町外入1842,,33.874699,132.336548,,,"0820-
78-0029",,,,浅原賢明,,20,,,,,,,,
350001,3500155567,山口県,,宮ノ下保育園,ミヤノシタホイクエン,認可私立保育所,大島郡周防大島町大字西安下庄2651,,33.893017,132.263794,,,"0820-
77-0008",,,,長尾健彦,,20,,,,,,,,
350001,3500155568,山口県,,中保育園,ナカホイクエン,認可私立保育所,大島郡周防大島町大字東屋代6-1,,33.90704,132.22139,,,"0820-
74-3853",,,,藤本咲子,,20,,,,,,,,
350001,3500155569,山口県,,安正保育園,アンショウホイクエン,認可私立保育所,大島郡周防大島町東安下庄1556,,33.902946,132.292572,,,"0820-
77-0665",,,,川久保昌耕,,20,,,,,,,,
350001,3500155570,山口県,,ひらい保育園,ヒライホイクエン,認可私立保育所,大島郡周防大島町大字土居10830-7,,33.913338,132.308136,,,"0820-
73-0549",,,,"特定非営利
活動法人
しらとり会",,30,,,,,,,,
350001,3500155571,山口県,,踊堂保育園,ユドウホイクエン,認可私立保育所,熊毛郡上関町大字長島440,,33.82235,132.078217,,,"0820-
62-1611",,,,布田晃一,,30,,,,,,,,
350001,3500155572,山口県,,上関相互保育園,カミノセキソウゴホイクエン,認可私立保育所,熊毛郡上関町大字長島644,,33.82235,132.078217,,,"0820-
62-0227",,,,玉木光宏,,20,,,,,,,,
350001,3500155573,山口県,,"田布施町立
城南保育園",タブセチョウリツジョウナンホイクエン,認可公立保育所,熊毛郡田布施町大字宿井1039-3,,33.969269,132.021301,,,"0820-
52-3419",,,,田布施町,,60,,,,,,,,
350001,3500155574,山口県,,"田布施町立
麻里府保育園",タブセチョウリツマリフホイクエン,認可公立保育所,熊毛郡田布施町大字麻郷3651-5,,33.918587,132.048111,,,"0820-
55-5228",,,,田布施町,,60,,,,,,,,
350001,3500155575,山口県,,たぶせ保育園,タブセオイクエン,認可私立保育所,熊毛郡田布施町大字下田布施419-6,,33.956024,132.053345,,,"0820-
52-3231",,,,"社会福祉法人
放光会",,200,,,,,,,,
350001,3500155576,山口県,,たぶせ第二保育園,タブセダイニホイクエン,認可私立保育所,熊毛郡田布施町大字下田布施430,,33.952415,132.030029,,,"0820-
53-1012",,,,"社会福祉法人
放光会",,70,,,,,,,,
350001,3500155577,山口県,,"平生町立
佐賀保育園",ヒラオチョウリツサガホイクエン,認可公立保育所,熊毛郡平生町佐賀1525-1,,33.892914,132.083252,,,"0820-
58-0125",,,,平生町,,40,,,,,,,,
350001,3500155578,山口県,,つばさ保育園,ツバサホイクエン,認可私立保育所,熊毛郡平生町曽根757-1,,33.923565,132.070023,,,"0820-
56-2292",,,,"社会福祉法人
うちうみ会",,50,,,,,,,,
350001,3500155579,山口県,,ひらお保育園,ヒラオホイクエン,認可私立保育所,熊毛郡平生町平生村1357-1,,33.947041,132.070328,,,"0820-
56-2293",,,,"社会福祉法人
うちうみ会",,120,,,,,,,,
350001,3500155580,山口県,,"阿武町立
みどり保育園",アブチョウリツミドリホイクエン,認可公立保育所,阿武郡阿武町大字奈古3066-2,,34.515255,131.516464,,,"08388-
2-2041",,,,阿武町,,90,,,,,,,,
350001,3500155581,山口県,,下関市立第一幼稚園,シモノセキシリツダイイチヨウチエン,公立幼稚園,下関市貴船町3丁目11-12,,33.96838,130.939896,,,083-222-7361,,083-222-7361,,下関市,,,,,,,,,,
350001,3500155582,山口県,,下関市立豊浦幼稚園,シモノセキシリツトヨラヨウチエン,公立幼稚園,下関市長府亀の甲2丁目2-82,,34.003952,130.987396,,,083-245-1080,,083-245-1080,,下関市,,,,,,,,,,
350001,3500155583,山口県,,下関市立小月幼稚園,シモノセキシリツオヅキヨウチエン,公立幼稚園,下関市小月宮の町15-20,,34.071461,131.041107,,,083-282-0313,,083-282-0313,,下関市,,,,,,,,,,
350001,3500155584,山口県,,下関市立江浦幼稚園,シモノセキシリツエノウラヨウチエン,公立幼稚園,下関市彦島江の浦町3丁目4-5,,33.929802,130.916504,,,廃園（令和3年3月31日）,,,,,,,,,,,,,,
350001,3500155585,山口県,,下関市立清末幼稚園,シモノセキシリツキヨスエヨウチエン,公立幼稚園,下関市清末西町1丁目6-1,,34.064022,131.0186,,,083-282-0267,,083-282-0267,,下関市,,,,,,,,,,
350001,3500155586,山口県,,下関市立川中西幼稚園,シモノセキシリツカワナカニシヨウチエン,公立幼稚園,下関市古屋町2丁目8-1,,34.000896,130.919907,,,廃園（令和3年3月31日）,,,,,,,,,,,,,,
350001,3500155587,山口県,,下関市立川中幼稚園,シモノセキシリツカワナカヨウチエン,公立幼稚園,下関市伊倉本町21-1,,34.003662,130.934372,,,083-253-9450,,083-253-9450,,下関市,,,,,,,,,,
350001,3500155588,山口県,,下関市立豊東幼稚園,シモノセキシリツトヨヒガシヨウチエン,公立幼稚園,下関市菊川町大字上大野20-1,,34.11467,131.050766,,,083-287-1017,,083-287-1017,,下関市,,,,,,,,,,
350001,3500155589,山口県,,下関市立内日幼稚園,シモノセキシリツウツイヨウチエン,公立幼稚園,下関市大字内日下字坂本1031,,34.102749,130.967499,,,(休園),,,,,,,,,,,,,,
350001,3500155590,山口県,,山口市立鋳銭司幼稚園,ヤマグチシリツスゼンジヨウチエン,公立幼稚園,山口市鋳銭司3922-1,,34.082233,131.453705,,,083-986-2009,,083-986-2009,,山口市,,,,,,,,,,
350001,3500155591,山口県,,山口市立小鯖幼稚園,ヤマグチシリツオサバヨウチエン,公立幼稚園,山口市下小鯖2519,,34.130234,131.523361,,,083-927-0054,,083-927-0661,,山口市,,,,,,,,,,
350001,3500155592,山口県,,山口市立大内幼稚園,ヤマグチシリツオオウチヨウチエン,公立幼稚園,山口市大内矢田北1-11-24,,34.158504,131.501572,,,083-927-2497,,083-927-3492,,山口市,,,,,,,,,,
350001,3500155593,山口県,,山口市立仁保幼稚園,ヤマグチシリツニホヨウチエン,公立幼稚園,山口市仁保中郷82,,34.199314,131.576553,,,083-929-0043,,083-929-0054,,山口市,,,,,,,,,,
350001,3500155594,山口県,,山口市立吉敷幼稚園,ヤマグチシリツヨシキヨウチエン,公立幼稚園,山口市吉敷佐畑4-6-1,,34.168213,131.429718,,,083-925-2279,,083-925-2280,,山口市,,,,,,,,,,
350001,3500155595,山口県,,山口市立二島幼稚園,ヤマグチシリツフタジマヨウチエン,公立幼稚園,山口市秋穂二島6174,,34.039101,131.420303,,,083-987-2062,,083-987-2082,,山口市,,,,,,,,,,
350001,3500155596,山口県,,山口市立平川幼稚園,ヤマグチシリツヒラカワヨウチエン,公立幼稚園,山口市黒川1210-1,,34.141911,131.457489,,,083-924-1661,,083-924-1614,,山口市,,,,,,,,,,
350001,3500155597,山口県,,山口市立宮野幼稚園,ヤマグチシリツミヤノヨウチエン,公立幼稚園,山口市宮野下3000-1,,34.198456,131.504135,,,083-928-0105,,083-928-0495,,山口市,,,,,,,,,,
350001,3500155598,山口県,,山口市立名田島幼稚園,ヤマグチシリツナタジマヨウチエン,公立幼稚園,山口市名田島1536-1,,34.076714,131.415604,,,083-972-2600,,083-972-2600,,山口市,,,,,,,,,,
350001,3500155599,山口県,,山口市立秋穂幼稚園,ヤマグチシリツアイオヨウチエン,公立幼稚園,山口市秋穂東439,,34.018864,131.465027,,,083-984-2586,,083-984-2586,,山口市,,,,,,,,,,
350001,3500155600,山口県,,岩国市立玖珂幼稚園,イワクニシリツクガヨウチエン,公立幼稚園,岩国市玖珂町539,,34.100464,132.092773,,,0827-82-3084,,0827-82-3095,,岩国市,,,,,,,,,,
350001,3500155601,山口県,,光市立やよい幼稚園,ヒカリシリツヤヨイヨウチエン,公立幼稚園,光市三井5丁目9-2,,33.990227,131.952148,,,0833-77-2690,,,,光市,,,,,,,,,,
350001,3500155602,山口県,,長門市立宗頭幼稚園,ナガトシリツムネトウヨウチエン,公立幼稚園,長門市三隅上3225-1,,34.349613,131.303635,,,0837-43-0242,,0837-43-0242,,長門市,,,,,,,,,,
350001,3500155603,山口県,,周南市立桜田幼稚園,シュウナンシリツサクラダヨウチエン,公立幼稚園,周南市大字戸田2533-1,,34.078457,131.688538,,,0834-83-2235,,0834-83-2235,,周南市,,,,,,,,,,
350001,3500155604,山口県,,周南市立菊川幼稚園,シュウナンシリツキクガワヨウチエン,公立幼稚園,周南市大字下上88-1,,34.089363,131.784225,,,0834-62-2941,,0834-62-2941,,周南市,,,,,,,,,,
350001,3500155605,山口県,,周南市立須々万幼稚園,シュウナンシリツススマヨウチエン,公立幼稚園,周南市大字須々万本郷710,,34.112503,131.864151,,,0834-88-0243,,0834-88-0243,,周南市,,,,,,,,,,
350001,3500155606,山口県,,周南市立大津島幼稚園,シュウナンシリツオオヅシマヨウチエン,公立幼稚園,周南市大津島1964-1,,33.991577,131.718414,,,(休園),,,,,,,,,,,,,,
350001,3500155607,山口県,,周南市立富田東幼稚園,シュウナンシリツトンダヒガシヨウチエン,公立幼稚園,周南市桶川町2-2,,34.071648,131.775497,,,0834-63-2502,,0834-63-2502,,周南市,,,,,,,,,,
350001,3500155608,山口県,,周南市立福川南幼稚園,シュウナンシリツフクガワミナミヨウチエン,公立幼稚園,周南市中畷町6-2,,34.071709,131.727676,,,廃園（令和3年3月31日）,,,,,,,,,,,,,,
350001,3500155609,山口県,,周南市立八代幼稚園,シュウナンシリツヤシロヨウチエン,公立幼稚園,周南市大字八代877-3,,34.094254,131.945099,,,0833-92-0184,,0833-92-0184,,周南市,,,,,,,,,,
350001,3500155610,山口県,,山陽小野田市立埴生幼稚園,サンヨウオノダシリツハブヨウチエン,公立幼稚園,山陽小野田市大字埴生972-1,,34.040161,131.086258,,,0836-76-0330,,0836-76-0330,,山陽小野田市,,,,,,,,,,
350001,3500155611,山口県,,上関町立室津幼稚園,カミノセキチョウリツムロツヨウチエン,公立幼稚園,熊毛郡上関町大字室津924,,33.846363,132.134216,,,(休園),,,,,,,,,,,,,,
350001,3500155612,山口県,,平生町立平生幼稚園,ヒラオチョウリツヒラオヨウチエン,公立幼稚園,熊毛郡平生町大字大野南92-2,,33.933193,132.076752,,,0820-56-2291,,0820-56-2291,,平生町,,,,,,,,,,
